arm,n,pearson,spearman,rmse,mae,rmse_corr,mae_corr,ps_pearson_T10,ps_spearman_T10,ps_ncomplex_T10,ps_pearson_T5,ps_spearman_T5,ps_ncomplex_T5,auroc_destab,auroc_strong,prec_at50,recall_at50,spearman_foldavg,spearman_foldavg_sd,pearson_foldavg,pearson_foldavg_sd,n_folds_scored
esmc6b_base,687,0.4955,0.5049,2.4900,1.8143,2.3304,1.7388,0.2918,0.3274,13,0.3653,0.3359,21,0.7614,0.7226,0.6200,0.1192,0.5049,,0.4955,,1
esmc6b_foldx,687,0.6000,0.6164,2.3451,1.6491,2.1463,1.5484,0.4726,0.4451,13,0.3823,0.3908,21,0.7859,0.7980,0.8200,0.1577,0.6164,,0.6000,,1
esmc6b_foldx_scalar,687,0.6156,0.6168,2.5235,1.8169,2.1144,1.5367,0.4484,0.4630,13,0.3738,0.3588,21,0.8030,0.7878,0.8000,0.1538,0.6168,,0.6156,,1
ankh_base,687,0.5122,0.4775,2.7271,1.9931,2.3042,1.7020,0.2440,0.2621,13,0.1665,0.2046,21,0.7635,0.7189,0.7200,0.1385,0.4775,,0.5122,,1
ankh_foldx,687,0.5488,0.5988,2.4461,1.6972,2.2429,1.5810,0.4429,0.3897,13,0.3764,0.3554,21,0.7747,0.8010,0.8400,0.1615,0.5988,,0.5488,,1
ankh_foldx_scalar,687,0.6416,0.6255,2.3784,1.7088,2.0579,1.4840,0.4389,0.4366,13,0.3626,0.3671,21,0.8115,0.8047,0.8600,0.1654,0.6255,,0.6416,,1
aido_base,687,0.4088,0.3142,2.8884,2.0846,2.4485,1.8768,0.2234,0.2205,13,0.1837,0.1410,21,0.6997,0.6091,0.6600,0.1269,0.3142,,0.4088,,1
aido_foldx,687,0.5877,0.6119,2.4083,1.6888,2.1707,1.5387,0.4358,0.3898,13,0.3783,0.3484,21,0.7743,0.8050,0.8600,0.1654,0.6119,,0.5877,,1
aido_foldx_scalar,687,0.4850,0.5370,2.6573,1.8714,2.3463,1.6804,0.3835,0.3492,13,0.3545,0.3127,21,0.7637,0.7637,0.7800,0.1500,0.5370,,0.4850,,1
