pdb,i,mut_fwd,mut_rev,ddg_fwd,ddg_rev,sum,chain,pos,wt,mt,groups,in_aug,n_res,status
1AHW,1,DC167A,(control: forward re-run),-0.007,-0.007,0.0,C,167,D,A,"AB,C",0,628,ok
1AHW,2,LC165A,(control: forward re-run),-0.0338,0.0028,0.036599999999999994,C,165,L,A,"AB,C",0,628,ok
1AHW,7,VC187A,(control: forward re-run),-0.0899,-0.0899,0.0,C,187,V,A,"AB,C",0,628,ok
1AHW,4,TC156A,(control: forward re-run),0.0509,0.0509,0.0,C,156,T,A,"AB,C",0,628,ok
1AO7,5,AA69G,(control: forward re-run),0.9549,0.9549,0.0,A,69,A,G,"ABC,DE",1,707,ok
1AO7,2,AA150G,(control: forward re-run),0.1234,-0.0171,-0.14049999999999999,A,150,A,G,"ABC,DE",1,707,ok
1AO7,9,DA61A,(control: forward re-run),0.0104,0.0104,0.0,A,61,D,A,"ABC,DE",1,707,ok
1AO7,19,EA55A,(control: forward re-run),-0.0892,0.0337,0.12290000000000001,A,55,E,A,"ABC,DE",1,707,ok
1AO7,33,GE98A,(control: forward re-run),-0.4335,-0.4335,0.0,E,98,G,A,"ABC,DE",0,707,ok
1AO7,16,DD93N,(control: forward re-run),2.8141,2.5868,-0.2272999999999996,D,93,D,N,"ABC,DE",0,707,ok
1AO7,23,GD28A,(control: forward re-run),-0.8453,-0.8454,-9.999999999998899e-05,D,28,G,A,"ABC,DE",0,707,ok
1AO7,12,DD26P,(control: forward re-run),-0.6343,-0.4578,0.1765,D,26,D,P,"ABC,DE",0,707,ok
1AO7,26,GD28M,(control: forward re-run),-3.4561,-3.2657,0.19040000000000035,D,28,G,M,"ABC,DE",0,707,ok
1AO7,37,HA74A,(control: forward re-run),-0.1293,-0.0823,0.047,A,74,H,A,"ABC,DE",1,707,ok
1AO7,30,GD28V,(control: forward re-run),-2.0084,-2.0395,-0.031099999999999905,D,28,G,V,"ABC,DE",0,707,ok
1AO7,54,QA72A,(control: forward re-run),0.2741,0.2802,0.006099999999999994,A,72,Q,A,"ABC,DE",1,707,ok
1AO7,65,RE92A,(control: forward re-run),1.529,1.597,0.06800000000000006,E,92,R,A,"ABC,DE",0,707,ok
1AO7,61,RA75A,(control: forward re-run),0.0196,0.0073,-0.012299999999999998,A,75,R,A,"ABC,DE",1,707,ok
1AO7,47,LD98P,(control: forward re-run),-0.0083,-0.0053,0.003,D,98,L,P,"ABC,DE",0,707,ok
1AO7,51,PE100A,(control: forward re-run),1.4639,1.4745,0.010599999999999943,E,100,P,A,"ABC,DE",0,707,ok
1AO7,58,QD30V,(control: forward re-run),-0.0469,0.03,0.0769,D,30,Q,V,"ABC,DE",0,707,ok
1AO7,72,SD51M,(control: forward re-run),-1.0666,-1.2219,-0.1553,D,51,S,M,"ABC,DE",0,707,ok
1AO7,75,SD94T,(control: forward re-run),-0.5766,-0.2861,0.2905,D,94,S,T,"ABC,DE",0,707,ok
1AO7,79,TA73A,(control: forward re-run),-0.2052,-0.2294,-0.0242,A,73,T,A,"ABC,DE",1,707,ok
1AO7,68,RE99Q,(control: forward re-run),-0.0148,-0.3411,-0.32630000000000003,E,99,R,Q,"ABC,DE",0,707,ok
1AO7,40,KA146A,(control: forward re-run),0.0229,0.0186,-0.004300000000000002,A,146,K,A,"ABC,DE",1,707,ok
1AO7,82,TD92A,(control: forward re-run),0.1677,0.1699,0.0022000000000000075,D,92,T,A,"ABC,DE",0,707,ok
1AO7,93,YC5W,(control: forward re-run),1.1269,0.9705,-0.15639999999999998,C,5,Y,W,"ABC,DE",0,707,ok
1AO7,86,VC7R,(control: forward re-run),0.8821,0.8835,0.0013999999999999568,C,7,V,R,"ABC,DE",0,707,ok
1BD2,8,YC5W,(control: forward re-run),1.0351,0.9752,-0.05989999999999995,C,5,Y,W,"ABC,DE",0,815,ok
1BJ1,2,HH107A,(control: forward re-run),0.0437,0.0386,-0.0051,H,107,H,A,"HL,VW",0,619,ok
1BJ1,5,TH28D,(control: forward re-run),-0.4706,-0.466,0.004599999999999993,H,28,T,D,"HL,VW",0,619,ok
1AO7,89,WD95A,(control: forward re-run),2.5209,2.6056,0.08469999999999978,D,95,W,A,"ABC,DE",0,707,ok
1BD2,1,DD30N,(control: forward re-run),0.9562,0.9562,0.0,D,30,D,N,"ABC,DE",0,815,ok
1BJ1,9,YH54W,(control: forward re-run),-0.1416,-0.2312,-0.08959999999999999,H,54,Y,W,"HL,VW",0,619,ok
1C4Z,13,FD60A,(control: forward re-run),2.8138,2.8577,0.04389999999999983,D,60,F,A,"ABC,D",0,1194,ok
1BD2,5,RA65A,(control: forward re-run),3.5593,3.4505,-0.10880000000000001,A,65,R,A,"ABC,DE",1,815,ok
1C4Z,2,AD95G,(control: forward re-run),0.9243,0.9243,0.0,D,95,A,G,"ABC,D",0,1194,ok
1AO7,44,KD66H,(control: forward re-run),0.1527,0.566,0.41329999999999995,D,66,K,H,"ABC,DE",0,707,ok
1C4Z,26,LA146A,(control: forward re-run),-0.0321,-0.0321,0.0,A,146,L,A,"ABC,D",1,1194,ok
1C4Z,6,DA156A,(control: forward re-run),0.3994,0.3605,-0.03889999999999999,A,156,D,A,"ABC,D",1,1194,ok
1C4Z,30,MA174A,(control: forward re-run),0.1233,0.1261,0.002799999999999983,A,174,M,A,"ABC,D",1,1194,ok
1C4Z,20,KD93A,(control: forward re-run),0.6257,0.6259,0.00019999999999997797,D,93,K,A,"ABC,D",0,1194,ok
1C4Z,9,ED57R,(control: forward re-run),-0.0747,0.6887,0.7634,D,57,E,R,"ABC,D",0,1194,ok
1C4Z,16,KD61A,(control: forward re-run),1.1966,1.1969,0.00029999999999996696,D,61,K,A,"ABC,D",0,1194,ok
1C4Z,33,PD94A,(control: forward re-run),1.06,1.0529,-0.007100000000000106,D,94,P,A,"ABC,D",0,1194,ok
1C4Z,40,SA142A,(control: forward re-run),-0.4315,-0.4315,0.0,A,142,S,A,"ABC,D",1,1194,ok
1C4Z,44,TA166A,(control: forward re-run),0.0633,0.0633,0.0,A,166,T,A,"ABC,D",1,1194,ok
1CBW,6,II19A,(control: forward re-run),0.4241,0.4535,0.029400000000000037,I,19,I,A,"FGH,I",0,297,ok
1C4Z,47,YA149A,(control: forward re-run),0.4093,0.4902,0.08090000000000003,A,149,Y,A,"ABC,D",1,1194,ok
1CBW,3,GI36A,(control: forward re-run),-0.0787,-0.1842,-0.1055,I,36,G,A,"FGH,I",0,297,ok
1CBW,10,KI15F,(control: forward re-run),-2.7746,-3.0879,-0.3132999999999999,I,15,K,F,"FGH,I",0,297,ok
1CBW,24,KI46A,(control: forward re-run),0.0315,-0.0044,-0.0359,I,46,K,A,"FGH,I",0,297,ok
1CBW,27,RI20A,(control: forward re-run),0.4682,-0.0269,-0.4951,I,20,R,A,"FGH,I",0,297,ok
1CBW,31,YI35A,(control: forward re-run),0.2006,0.1823,-0.01830000000000001,I,35,Y,A,"FGH,I",0,297,ok
1CBW,13,KI15I,(control: forward re-run),-0.5894,-0.7604,-0.17099999999999993,I,15,K,I,"FGH,I",0,297,ok
1CBW,17,KI15Q,(control: forward re-run),0.1859,0.1859,0.0,I,15,K,Q,"FGH,I",0,297,ok
1C4Z,23,KD97E,(control: forward re-run),0.5129,0.4958,-0.017100000000000004,D,97,K,E,"ABC,D",0,1194,ok
1C4Z,37,RD3A,(control: forward re-run),2.2509,3.4474,1.1965,D,3,R,A,"ABC,D",0,1194,ok
1CBW,20,KI15T,(control: forward re-run),0.4861,0.1374,-0.3487,I,15,K,T,"FGH,I",0,297,ok
1CHO,7,AI12I,(control: forward re-run),-0.0244,-0.025,-0.0005999999999999998,I,12,A,I,"EFG,I",0,291,ok
1CHO,17,AI12V,(control: forward re-run),-1.0951,-1.597,-0.5019,I,12,A,V,"EFG,I",0,291,ok
1CHO,3,AI12E,(control: forward re-run),0.0293,0.1056,0.0763,I,12,A,E,"EFG,I",0,291,ok
1CHO,21,EI16C,(control: forward re-run),1.4825,0.5767,-0.9057999999999999,I,16,E,C,"EFG,I",0,291,ok
1CHO,28,EI16L,(control: forward re-run),1.1106,0.5874,-0.5232,I,16,E,L,"EFG,I",0,291,ok
1CHO,24,EI16G,(control: forward re-run),2.2571,2.1282,-0.1288999999999998,I,16,E,G,"EFG,I",0,291,ok
1CHO,14,AI12R,(control: forward re-run),0.3104,0.2719,-0.038500000000000034,I,12,A,R,"EFG,I",0,291,ok
1CHO,10,AI12M,(control: forward re-run),-1.4582,-1.4534,0.0047999999999999154,I,12,A,M,"EFG,I",0,291,ok
1CHO,31,EI16P,(control: forward re-run),-0.005,-0.3565,-0.3515,I,16,E,P,"EFG,I",0,291,ok
1CHO,49,GI29N,(control: forward re-run),2.5613,3.8522,1.2908999999999997,I,29,G,N,"EFG,I",0,291,ok
1CHO,45,GI29I,(control: forward re-run),4.1716,4.7004,0.5288000000000004,I,29,G,I,"EFG,I",0,291,ok
1CHO,42,GI29E,(control: forward re-run),2.0635,2.2876,0.22409999999999997,I,29,G,E,"EFG,I",0,291,ok
1CHO,35,EI16T,(control: forward re-run),0.2476,1.0831,0.8354999999999999,I,16,E,T,"EFG,I",0,291,ok
1CHO,56,GI29W,(control: forward re-run),5.4013,2.5466,-2.8547,I,29,G,W,"EFG,I",0,291,ok
1CHO,52,GI29R,(control: forward re-run),2.9876,8.909,5.9214,I,29,G,R,"EFG,I",0,291,ok
1CHO,77,LI15A,(control: forward re-run),2.7346,2.7127,-0.02190000000000003,I,15,L,A,"EFG,I",0,291,ok
1CHO,38,EI16Y,(control: forward re-run),1.6563,1.8458,0.1895,I,16,E,Y,"EFG,I",0,291,ok
1CHO,84,LI15I,(control: forward re-run),3.6934,3.5527,-0.14069999999999983,I,15,L,I,"EFG,I",0,291,ok
1CHO,70,KI10Q,(control: forward re-run),-0.3407,-0.3128,0.02789999999999998,I,10,K,Q,"EFG,I",0,291,ok
1CHO,80,LI15E,(control: forward re-run),4.6954,4.6808,-0.014600000000000612,I,15,L,E,"EFG,I",0,291,ok
1CHO,87,LI15N,(control: forward re-run),1.7616,1.7547,-0.006900000000000128,I,15,L,N,"EFG,I",0,291,ok
1CHO,73,KI10T,(control: forward re-run),-0.318,-0.2073,0.11069999999999999,I,10,K,T,"EFG,I",0,291,ok
1CHO,94,LI15W,(control: forward re-run),0.4026,0.5028,0.10020000000000001,I,15,L,W,"EFG,I",0,291,ok
1CHO,90,LI15R,(control: forward re-run),3.2187,2.8521,-0.36660000000000004,I,15,L,R,"EFG,I",0,291,ok
1CHO,97,NI33A,(control: forward re-run),1.214,0.8178,-0.3962,I,33,N,A,"EFG,I",0,291,ok
1CHO,101,NI33F,(control: forward re-run),0.9707,0.4989,-0.4718,I,33,N,F,"EFG,I",0,291,ok
1CHO,59,KI10C,(control: forward re-run),-0.0126,0.1395,0.1521,I,10,K,C,"EFG,I",0,291,ok
1CHO,63,KI10G,(control: forward re-run),0.2549,0.3786,0.12369999999999998,I,10,K,G,"EFG,I",0,291,ok
1CHO,104,NI33I,(control: forward re-run),-1.0422,-1.1275,-0.08529999999999993,I,33,N,I,"EFG,I",0,291,ok
1CHO,66,KI10L,(control: forward re-run),-0.1043,-0.1559,-0.05160000000000001,I,10,K,L,"EFG,I",0,291,ok
1CHO,108,NI33P,(control: forward re-run),0.8957,0.8579,-0.037800000000000056,I,33,N,P,"EFG,I",0,291,ok
1CHO,111,NI33S,(control: forward re-run),1.3487,0.9538,-0.39490000000000003,I,33,N,S,"EFG,I",0,291,ok
1CHO,115,NI33Y,(control: forward re-run),-1.1082,-1.2111,-0.10289999999999999,I,33,N,Y,"EFG,I",0,291,ok
1CHO,122,PI11H,(control: forward re-run),-0.0219,0.1808,0.2027,I,11,P,H,"EFG,I",0,291,ok
1CHO,129,PI11R,(control: forward re-run),0.0037,0.0399,0.036199999999999996,I,11,P,R,"EFG,I",0,291,ok
1CHO,136,RI18C,(control: forward re-run),1.3621,2.6485,1.2863999999999998,I,18,R,C,"EFG,I",0,291,ok
1CHO,125,PI11L,(control: forward re-run),-0.4096,-0.1987,0.21090000000000003,I,11,P,L,"EFG,I",0,291,ok
1CHO,118,PI11D,(control: forward re-run),-0.3887,-0.2544,0.13429999999999997,I,11,P,D,"EFG,I",0,291,ok
1CHO,139,RI18F,(control: forward re-run),1.0037,1.6142,0.6105,I,18,R,F,"EFG,I",0,291,ok
1CHO,132,PI11V,(control: forward re-run),0.5264,0.5214,-0.0050000000000000044,I,11,P,V,"EFG,I",0,291,ok
1CHO,167,TI14Q,(control: forward re-run),-0.2302,-0.279,-0.04880000000000004,I,14,T,Q,"EFG,I",0,291,ok
1CHO,157,TI14E,(control: forward re-run),-0.4562,-0.21,0.2462,I,14,T,E,"EFG,I",0,291,ok
1CHO,160,TI14H,(control: forward re-run),0.0773,2.0398,1.9625000000000001,I,14,T,H,"EFG,I",0,291,ok
1CHO,146,RI18N,(control: forward re-run),1.0156,1.5285,0.5128999999999999,I,18,R,N,"EFG,I",0,291,ok
1CHO,174,YI17C,(control: forward re-run),0.8761,0.8703,-0.005800000000000027,I,17,Y,C,"EFG,I",0,291,ok
1CHO,164,TI14M,(control: forward re-run),-0.9776,-1.0333,-0.05570000000000008,I,14,T,M,"EFG,I",0,291,ok
1CHO,150,RI18T,(control: forward re-run),1.9489,1.7467,-0.20220000000000016,I,18,R,T,"EFG,I",0,291,ok
1CHO,178,YI17G,(control: forward re-run),1.1591,1.1573,-0.0018000000000000238,I,17,Y,G,"EFG,I",0,291,ok
1CHO,153,RI18Y,(control: forward re-run),1.2456,2.7913,1.5457,I,18,R,Y,"EFG,I",0,291,ok
1CHO,188,YI17S,(control: forward re-run),1.7338,1.6543,-0.0794999999999999,I,17,Y,S,"EFG,I",0,291,ok
1CHO,185,YI17P,(control: forward re-run),5.958,6.1351,0.17710000000000026,I,17,Y,P,"EFG,I",0,291,ok
1CZ8,1,LL4M,(control: forward re-run),0.0,0.0,0.0,L,4,L,M,"HL,VW",0,619,ok
1CHO,171,TI14W,(control: forward re-run),1.873,0.5261,-1.3469,I,14,T,W,"EFG,I",0,291,ok
1CHO,143,RI18K,(control: forward re-run),1.7341,1.796,0.061900000000000066,I,18,R,K,"EFG,I",0,291,ok
1DAN,14,FU50A,(control: forward re-run),1.4205,1.2674,-0.1531,U,50,F,A,"HL,UT",0,577,ok
1DAN,3,DT56A,(control: forward re-run),-0.3175,-0.4315,-0.11399999999999999,T,56,D,A,"HL,UT",0,577,ok
1DAN,21,IU62A,(control: forward re-run),0.0,0.0,0.0,U,62,I,A,"HL,UT",0,577,ok
1DAN,10,EU38A,(control: forward re-run),0.113,0.1226,0.009599999999999997,U,38,E,A,"HL,UT",0,577,ok
1CHO,181,YI17K,(control: forward re-run),0.1118,0.2469,0.1351,I,17,Y,K,"EFG,I",0,291,ok
1DAN,17,GU70R,(control: forward re-run),0.003,0.003,0.0,U,70,G,R,"HL,UT",0,577,ok
1DAN,42,NU17A,(control: forward re-run),-0.0021,-0.0021,0.0,U,17,N,A,"HL,UT",0,577,ok
1DAN,7,ET57A,(control: forward re-run),0.2124,0.6906,0.47819999999999996,T,57,E,A,"HL,UT",0,577,ok
1DAN,35,LT54A,(control: forward re-run),0.0348,0.1309,0.09609999999999999,T,54,L,A,"HL,UT",0,577,ok
1DAN,38,LU82A,(control: forward re-run),0.0,0.0,0.0,U,82,L,A,"HL,UT",0,577,ok
1DAN,31,KU32A,(control: forward re-run),0.0,0.0,0.0,U,32,K,A,"HL,UT",0,577,ok
1DAN,24,KT15A,(control: forward re-run),2.5716,2.6745,0.10289999999999999,T,15,K,A,"HL,UT",0,577,ok
1DAN,45,QT32A,(control: forward re-run),1.6755,1.9103,0.23480000000000012,T,32,Q,A,"HL,UT",0,577,ok
1DAN,52,RU46A,(control: forward re-run),-0.0174,-0.0174,0.0,U,46,R,A,"HL,UT",0,577,ok
1DAN,55,ST37A,(control: forward re-run),0.2097,0.2054,-0.004299999999999998,T,37,S,A,"HL,UT",0,577,ok
1DAN,59,TT12A,(control: forward re-run),0.4324,0.4324,0.0,T,12,T,A,"HL,UT",0,577,ok
1DAN,48,RH125A,(control: forward re-run),0.2449,0.045,-0.19990000000000002,H,125,R,A,"HL,UT",0,577,ok
1DAN,62,TU103A,(control: forward re-run),0.0,0.0,0.0,U,103,T,A,"HL,UT",0,577,ok
1DAN,69,VT31A,(control: forward re-run),0.0253,0.0254,9.99999999999994e-05,T,31,V,A,"HL,UT",0,577,ok
1DAN,73,VU56A,(control: forward re-run),0.0,0.0,0.0,U,56,V,A,"HL,UT",0,577,ok
1DAN,76,WT40A,(control: forward re-run),-0.0334,0.006,0.0394,T,40,W,A,"HL,UT",0,577,ok
1DAN,83,YU66L,(control: forward re-run),-0.1936,-0.2897,-0.09610000000000002,U,66,Y,L,"HL,UT",0,577,ok
1DQJ,2,DC101A,(control: forward re-run),1.6735,1.7056,0.03210000000000002,C,101,D,A,"AB,C",0,553,ok
1DAN,66,TU73A,(control: forward re-run),0.0,0.0,0.0,U,73,T,A,"HL,UT",0,577,ok
1DAN,80,YT46A,(control: forward re-run),0.4007,0.4382,0.03749999999999998,T,46,Y,A,"HL,UT",0,577,ok
1DQJ,5,LC75A,(control: forward re-run),0.9107,0.8704,-0.0403,C,75,L,A,"AB,C",0,553,ok
1DQJ,12,TC89A,(control: forward re-run),0.1933,0.1932,-9.999999999998899e-05,C,89,T,A,"AB,C",0,553,ok
1DQJ,9,RC21A,(control: forward re-run),1.4227,1.3778,-0.04490000000000016,C,21,R,A,"AB,C",0,553,ok
1DVF,4,DD52A,(control: forward re-run),0.2313,0.1966,-0.03470000000000001,D,52,D,A,"AB,CD",0,451,ok
1DQJ,16,YA96A,(control: forward re-run),-0.3374,-0.5902,-0.25279999999999997,A,96,Y,A,"AB,C",1,553,ok
1DAN,28,KT41A,(control: forward re-run),1.8033,1.3163,-0.4869999999999999,T,41,K,A,"HL,UT",0,577,ok
1DVF,11,ND55A,(control: forward re-run),1.2575,1.2173,-0.040200000000000014,D,55,N,A,"AB,CD",0,451,ok
1DVF,7,HD33A,(control: forward re-run),0.6439,0.6373,-0.00660000000000005,D,33,H,A,"AB,CD",0,451,ok
1GCQ,4,PC19A,(control: forward re-run),0.126,0.1277,0.001700000000000007,C,19,P,A,"AB,C",0,182,ok
1DVF,18,WB52A,(control: forward re-run),2.2566,2.4433,0.18669999999999964,B,52,W,A,"AB,CD",0,451,ok
1GCQ,1,AC42G,(control: forward re-run),1.6964,1.6964,0.0,C,42,A,G,"AB,C",0,182,ok
1DVF,14,RD106A,(control: forward re-run),0.7356,1.2021,0.4664999999999999,D,106,R,A,"AB,CD",0,451,ok
1DQJ,19,YC20A,(control: forward re-run),1.4911,1.4956,0.0044999999999999485,C,20,Y,A,"AB,C",0,553,ok
1JRH,4,DL28A,(control: forward re-run),0.2698,0.2698,0.0,L,28,D,A,"LH,I",0,442,ok
1DVF,21,YB101A,(control: forward re-run),1.7375,1.7909,0.05339999999999989,B,101,Y,A,"AB,CD",0,451,ok
1JRH,25,TI4V,(control: forward re-run),0.0,0.0,0.0,I,4,T,V,"LH,I",0,442,ok
1JRH,1,DH56A,(control: forward re-run),-0.1777,-0.1777,0.0,H,56,D,A,"LH,I",0,442,ok
1JRH,8,EL27A,(control: forward re-run),2.9478,2.9478,0.0,L,27,E,A,"LH,I",0,442,ok
1JRH,11,HH107A,(control: forward re-run),1.0912,1.1316,0.04039999999999999,H,107,H,A,"LH,I",0,442,ok
1JRH,32,WI72A,(control: forward re-run),1.765,1.7513,-0.013699999999999823,I,72,W,A,"LH,I",0,442,ok
1JRH,18,NI38Q,(control: forward re-run),-0.0119,0.0019,0.013800000000000002,I,38,N,Q,"LH,I",0,442,ok
1JRH,36,WL95A,(control: forward re-run),-0.0707,-0.0707,0.0,L,95,W,A,"LH,I",0,442,ok
1JRH,22,RI74A,(control: forward re-run),2.2475,2.4026,0.15510000000000002,I,74,R,A,"LH,I",0,442,ok
1JRH,43,YL91A,(control: forward re-run),-0.4294,-0.2953,0.1341,L,91,Y,A,"LH,I",0,442,ok
1MHP,1,FH99W,(control: forward re-run),-0.0576,-0.0576,0.0,H,99,F,W,"HL,A",0,615,ok
1KIR,1,SA50Y,(control: forward re-run),0.1192,0.1192,0.0,A,50,S,Y,"AB,C",1,352,ok
1JRH,29,WH55A,(control: forward re-run),1.2761,1.2154,-0.060699999999999976,H,55,W,A,"LH,I",0,442,ok
1MHP,7,GH100S,(control: forward re-run),-0.4701,-0.4679,0.0022000000000000353,H,100,G,S,"HL,A",0,615,ok
1MHP,4,GH100I,(control: forward re-run),0.7288,0.6593,-0.0695,H,100,G,I,"HL,A",0,615,ok
1MHP,11,GH53N,(control: forward re-run),-0.0699,-0.2533,-0.1834,H,53,G,N,"HL,A",0,615,ok
1JRH,39,YH60A,(control: forward re-run),0.9257,0.9811,0.055400000000000005,H,60,Y,A,"LH,I",0,442,ok
1JRH,15,KI42M,(control: forward re-run),-0.2526,-0.2231,0.0295,I,42,K,M,"LH,I",0,442,ok
1MHP,21,GL91S,(control: forward re-run),0.3059,0.2949,-0.01100000000000001,L,91,G,S,"HL,A",0,615,ok
1MHP,18,GH54T,(control: forward re-run),-0.9376,-0.9505,-0.012900000000000023,H,54,G,T,"HL,A",0,615,ok
1MHP,25,HL30W,(control: forward re-run),-2.0261,-0.381,1.6451,L,30,H,W,"HL,A",0,615,ok
1MHP,39,NL51D,(control: forward re-run),0.2677,0.299,0.031299999999999994,L,51,N,D,"HL,A",0,615,ok
1MHP,14,GH53W,(control: forward re-run),18.5699,18.4868,-0.08310000000000173,H,53,G,W,"HL,A",0,615,ok
1MHP,46,SH35A,(control: forward re-run),0.0077,0.0087,0.0009999999999999992,H,35,S,A,"HL,A",0,615,ok
1MHP,42,NL51R,(control: forward re-run),-0.3796,-0.3637,0.01589999999999997,L,51,N,R,"HL,A",0,615,ok
1MHP,28,KH64N,(control: forward re-run),-0.0601,-0.0601,0.0,H,64,K,N,"HL,A",0,615,ok
1MHP,49,SH52M,(control: forward re-run),-0.2857,-0.2262,0.0595,H,52,S,M,"HL,A",0,615,ok
1MHP,56,SL90T,(control: forward re-run),-0.2039,-0.0849,0.119,L,90,S,T,"HL,A",0,615,ok
1MHP,60,TH33V,(control: forward re-run),-0.1634,-0.1625,0.0008999999999999841,H,33,T,V,"HL,A",0,615,ok
1MHP,53,SL90K,(control: forward re-run),-0.9078,-0.5275,0.3803000000000001,L,90,S,K,"HL,A",0,615,ok
1MHP,63,TH50V,(control: forward re-run),0.2048,0.2923,0.0875,H,50,T,V,"HL,A",0,615,ok
1MHP,35,NL29K,(control: forward re-run),-0.6524,-1.614,-0.9616000000000001,L,29,N,K,"HL,A",0,615,ok
1MHP,67,YH58W,(control: forward re-run),-0.4125,-0.3068,0.10569999999999996,H,58,Y,W,"HL,A",0,615,ok
1MI5,2,AE97G,(control: forward re-run),1.4025,1.4025,0.0,E,97,A,G,"ABC,DE",0,827,ok
1MI5,9,GE26A,(control: forward re-run),0.0003,0.0003,0.0,E,26,G,A,"ABC,DE",0,827,ok
1MI5,6,GD92A,(control: forward re-run),0.1886,0.1892,0.0006000000000000172,D,92,G,A,"ABC,DE",0,827,ok
1MI5,13,KD98A,(control: forward re-run),-0.0916,-0.0916,0.0,D,98,K,A,"ABC,DE",0,827,ok
1MI5,20,QE100A,(control: forward re-run),0.0202,0.0202,0.0,E,100,Q,A,"ABC,DE",0,827,ok
1MI5,23,SD23A,(control: forward re-run),0.0,0.0,0.0,D,23,S,A,"ABC,DE",0,827,ok
1MI5,27,SE25A,(control: forward re-run),0.0,0.0,0.0,E,25,S,A,"ABC,DE",0,827,ok
1MI5,30,SE93A,(control: forward re-run),0.3006,0.3009,0.00030000000000002247,E,93,S,A,"ABC,DE",0,827,ok
1MLC,5,SB57A,(control: forward re-run),-0.1865,-0.1865,0.0,B,57,S,A,"AB,E",0,561,ok
1MLC,2,NA32G,(control: forward re-run),0.4511,0.4594,0.008299999999999974,A,32,N,G,"AB,E",1,561,ok
1MI5,16,LE94A,(control: forward re-run),0.3862,0.3798,-0.006399999999999961,E,94,L,A,"ABC,DE",0,827,ok
1MHP,32,LL48K,(control: forward re-run),-0.4935,-0.5032,-0.009699999999999986,L,48,L,K,"HL,A",0,615,ok
1MLC,9,TB31V,(control: forward re-run),-0.1504,-0.1496,0.0007999999999999952,B,31,T,V,"AB,E",0,561,ok
1MI5,34,TD94A,(control: forward re-run),0.5359,0.4368,-0.09910000000000002,D,94,T,A,"ABC,DE",0,827,ok
1MI5,37,YD96A,(control: forward re-run),1.2139,1.2732,0.05930000000000013,D,96,Y,A,"ABC,DE",0,827,ok
1N8O,1,ME80K,(control: forward re-run),1.4906,1.4906,0.0,E,80,M,K,"ABC,E",0,375,ok
1NMB,3,LL94V,(control: forward re-run),1.0395,1.0395,0.0,L,94,L,V,"N,LH",0,619,ok
1NMB,7,YH105F,(control: forward re-run),-0.1498,-0.1567,-0.006900000000000017,H,105,Y,F,"N,LH",0,619,ok
1N8Z,2,FC539A,(control: forward re-run),0.1404,0.1404,0.0,C,539,F,A,"AB,C",0,1015,ok
1N8Z,9,TA94S,(control: forward re-run),0.1474,0.161,0.013600000000000001,A,94,T,S,"AB,C",1,1015,ok
1NCA,4,NH31Q,(control: forward re-run),0.1901,0.1117,-0.0784,H,31,N,Q,"N,LH",0,824,ok
1N8Z,12,YB109V,(control: forward re-run),-0.0023,-0.0024,-9.999999999999983e-05,B,109,Y,V,"AB,C",0,1015,ok
1N8Z,5,NA30S,(control: forward re-run),2.6164,2.4625,-0.15390000000000015,A,30,N,S,"AB,C",1,1015,ok
1OGA,2,AA150G,(control: forward re-run),0.839,0.839,0.0,A,150,A,G,"ABC,DE",1,824,ok
1OGA,5,DA61A,(control: forward re-run),-0.1294,-0.1294,0.0,A,61,D,A,"ABC,DE",1,824,ok
1OGA,16,IE49G,(control: forward re-run),3.4791,3.4862,0.007100000000000328,E,49,I,G,"ABC,DE",0,824,ok
1OGA,19,IE49V,(control: forward re-run),0.5122,0.5122,0.0,E,49,I,V,"ABC,DE",0,824,ok
1OGA,9,EA154A,(control: forward re-run),0.9943,0.9945,0.000200000000000089,A,154,E,A,"ABC,DE",1,824,ok
1OGA,23,NE51A,(control: forward re-run),1.3912,1.5589,0.16769999999999996,E,51,N,A,"ABC,DE",0,824,ok
1OGA,12,HA151A,(control: forward re-run),0.9167,0.8105,-0.10619999999999996,A,151,H,A,"ABC,DE",1,824,ok
1OGA,37,SD29A,(control: forward re-run),-1.0129,-1.013,-9.999999999998899e-05,D,29,S,A,"ABC,DE",0,824,ok
1OGA,40,TA163A,(control: forward re-run),-0.0125,-0.0125,0.0,A,163,T,A,"ABC,DE",1,824,ok
1OGA,30,QE48E,(control: forward re-run),0.9979,0.9221,-0.07579999999999998,E,48,Q,E,"ABC,DE",0,824,ok
1OGA,26,QA43A,(control: forward re-run),-0.1258,-0.0068,0.119,A,43,Q,A,"ABC,DE",1,824,ok
1OGA,44,VA152A,(control: forward re-run),0.5175,0.5199,0.0024000000000000687,A,152,V,A,"ABC,DE",1,824,ok
1VFB,4,DB58E,(control: forward re-run),-0.0179,-0.0139,0.004,B,58,D,E,"AB,C",0,352,ok
1OGA,47,YE97A,(control: forward re-run),0.8172,0.9115,0.09429999999999994,E,97,Y,A,"ABC,DE",0,824,ok
1VFB,18,NA31W,(control: forward re-run),0.108,-0.1312,-0.23920000000000002,A,31,N,W,"AB,C",1,352,ok
1VFB,7,DC18A,(control: forward re-run),0.941,0.941,0.0,C,18,D,A,"AB,C",0,352,ok
1QSF,1,AC8Y,(control: forward re-run),0.0515,0.0515,0.0,C,8,A,Y,"ABC,DE",0,826,ok
1VFB,21,QC121A,(control: forward re-run),4.5687,4.2898,-0.27890000000000015,C,121,Q,A,"AB,C",0,352,ok
1VFB,11,GB31W,(control: forward re-run),-1.3211,-1.0536,0.26749999999999985,B,31,G,W,"AB,C",0,352,ok
1OGA,33,RA65A,(control: forward re-run),0.811,0.8162,0.005199999999999982,A,65,R,A,"ABC,DE",1,824,ok
1VFB,32,TA52F,(control: forward re-run),-0.4709,-0.4498,0.021100000000000008,A,52,T,F,"AB,C",1,352,ok
1VFB,28,SB28E,(control: forward re-run),0.264,0.2628,-0.0012000000000000344,B,28,S,E,"AB,C",0,352,ok
1VFB,25,RC125A,(control: forward re-run),2.2756,2.3011,0.025500000000000078,C,125,R,A,"AB,C",0,352,ok
1VFB,35,TC118A,(control: forward re-run),1.2192,1.211,-0.008199999999999985,C,118,T,A,"AB,C",0,352,ok
1U7F,2,RB65A,(control: forward re-run),2.4605,2.597,0.13649999999999984,B,65,R,A,"B,AC",0,587,ok
1VFB,39,YA32W,(control: forward re-run),-0.6119,0.0632,0.6751,A,32,Y,W,"AB,C",1,352,ok
1XGP,2,AB33I,(control: forward re-run),-0.5759,-0.5408,0.03510000000000002,B,33,A,I,"AB,C",0,554,ok
1VFB,14,KC116A,(control: forward re-run),-0.107,-0.1666,-0.0596,C,116,K,A,"AB,C",0,352,ok
1VFB,42,YA50K,(control: forward re-run),1.8095,1.8489,0.03939999999999988,A,50,Y,K,"AB,C",1,352,ok
1XGQ,2,VB33F,(control: forward re-run),-0.059,-0.0522,0.0067999999999999935,B,33,V,F,"AB,C",0,554,ok
1XGT,4,LB33V,(control: forward re-run),0.9591,0.9591,0.0,B,33,L,V,"AB,C",0,554,ok
1VFB,46,YB32E,(control: forward re-run),-0.5624,-0.2824,0.28,B,32,Y,E,"AB,C",0,352,ok
1XGR,1,IB33A,(control: forward re-run),1.6635,1.6635,0.0,B,33,I,A,"AB,C",0,554,ok
1XGT,1,LB33A,(control: forward re-run),1.3577,1.3577,0.0,B,33,L,A,"AB,C",0,554,ok
1YY9,2,AD98P,(control: forward re-run),-0.0303,-0.0302,9.99999999999994e-05,D,98,A,P,"CD,A",0,1044,ok
1YY9,6,ND56A,(control: forward re-run),0.1382,0.1382,0.0,D,56,N,A,"CD,A",0,1044,ok
1YY9,9,SC28P,(control: forward re-run),-0.055,-0.0551,-0.00010000000000000286,C,28,S,P,"CD,A",0,1044,ok
1YY9,13,TC96P,(control: forward re-run),0.0448,0.0944,0.0496,C,96,T,P,"CD,A",0,1044,ok
1XGU,4,FB33V,(control: forward re-run),3.2964,1.8543,-1.4421000000000002,B,33,F,V,"AB,C",0,553,ok
2AK4,7,HE27A,(control: forward re-run),0.2498,0.2405,-0.009300000000000003,E,27,H,A,"ABC,DE",0,833,ok
1YY9,16,YD101P,(control: forward re-run),1.808,1.7735,-0.034499999999999975,D,101,Y,P,"CD,A",0,1044,ok
2AK4,4,EE97A,(control: forward re-run),0.1197,0.1612,0.04150000000000001,E,97,E,A,"ABC,DE",0,833,ok
2AK4,14,NE26A,(control: forward re-run),-0.1851,-0.1996,-0.014500000000000013,E,26,N,A,"ABC,DE",0,833,ok
2AK4,24,QC9A,(control: forward re-run),0.3585,0.4233,0.06480000000000002,C,9,Q,A,"ABC,DE",0,833,ok
2AK4,28,SE29G,(control: forward re-run),1.3153,1.3153,0.0,E,29,S,G,"ABC,DE",0,833,ok
2AK4,21,QA65A,(control: forward re-run),0.4064,0.3534,-0.05299999999999999,A,65,Q,A,"ABC,DE",1,833,ok
2AK4,17,PC4A,(control: forward re-run),0.9701,0.9574,-0.012699999999999934,C,4,P,A,"ABC,DE",0,833,ok
2AK4,11,LE94A,(control: forward re-run),1.8521,1.8517,-0.000400000000000178,E,94,L,A,"ABC,DE",0,833,ok
2AK4,31,TD30A,(control: forward re-run),-0.2705,-0.0916,0.1789,D,30,T,A,"ABC,DE",0,833,ok
2B0U,1,FC47A,(control: forward re-run),2.3603,2.3603,0.0,C,47,F,A,"AB,C",0,519,ok
2B2X,1,EH64K,(control: forward re-run),0.5497,0.5497,0.0,H,64,E,K,"HL,A",0,608,ok
2BDN,8,SL53D,(control: forward re-run),-0.2603,-0.2893,-0.029000000000000026,L,53,S,D,"HL,A",0,499,ok
2BDN,1,DH31E,(control: forward re-run),0.7735,0.7735,0.0,H,31,D,E,"HL,A",0,499,ok
2BDN,12,YL30K,(control: forward re-run),-0.8503,-0.889,-0.03870000000000007,L,30,Y,K,"HL,A",0,499,ok
2B0U,4,FC52E,(control: forward re-run),1.2222,1.213,-0.009199999999999875,C,52,F,E,"AB,C",0,519,ok
2BNR,2,AA150G,(control: forward re-run),0.4757,0.4757,0.0,A,150,A,G,"ABC,DE",1,829,ok
2BDN,5,NH28Q,(control: forward re-run),0.1299,-0.1726,-0.3025,H,28,N,Q,"HL,A",0,499,ok
2BNR,6,EA154A,(control: forward re-run),0.1582,0.1582,0.0,A,154,E,A,"ABC,DE",1,829,ok
2JEL,1,AP82S,(control: forward re-run),0.0,0.0,0.0,P,82,A,S,"LH,P",0,520,ok
2E7L,1,FQ5R,(control: forward re-run),0.8176,0.8176,0.0,Q,5,F,R,"EQ,AD",0,408,ok
2BNR,20,TA163A,(control: forward re-run),0.0836,0.0949,0.011300000000000004,A,163,T,A,"ABC,DE",1,829,ok
2BNR,16,QA43A,(control: forward re-run),-0.1113,0.2834,0.3947,A,43,Q,A,"ABC,DE",1,829,ok
2BNR,9,HA151A,(control: forward re-run),-0.5063,-0.5063,0.0,A,151,H,A,"ABC,DE",1,829,ok
2JEL,12,EP85D,(control: forward re-run),0.0,0.0,0.0,P,85,E,D,"LH,P",0,520,ok
2JEL,8,EP70K,(control: forward re-run),2.3295,1.6568,-0.6726999999999999,P,70,E,K,"LH,P",0,520,ok
2BNR,23,TA80A,(control: forward re-run),0.002,0.002,0.0,A,80,T,A,"ABC,DE",1,829,ok
2JEL,15,FP2W,(control: forward re-run),1.2365,1.205,-0.03149999999999986,P,2,F,W,"LH,P",0,520,ok
2JEL,19,KP24E,(control: forward re-run),0.0,0.0,0.0,P,24,K,E,"LH,P",0,520,ok
2BNR,13,KA66A,(control: forward re-run),0.1431,0.1492,0.006099999999999994,A,66,K,A,"ABC,DE",1,829,ok
2JEL,26,PP11E,(control: forward re-run),0.0,0.0,0.0,P,11,P,E,"LH,P",0,520,ok
2JEL,33,SP41C,(control: forward re-run),0.4972,0.4971,-9.999999999998899e-05,P,41,S,C,"LH,P",0,520,ok
2JEL,29,QP57E,(control: forward re-run),0.0,0.0,0.0,P,57,Q,E,"LH,P",0,520,ok
2JEL,36,SP64T,(control: forward re-run),-0.557,-0.4875,0.06950000000000006,P,64,S,T,"LH,P",0,520,ok
2JEL,40,TP62A,(control: forward re-run),0.109,0.109,0.0,P,62,T,A,"LH,P",0,520,ok
2JEL,43,TP7S,(control: forward re-run),0.0,0.0,0.0,P,7,T,S,"LH,P",0,520,ok
2JEL,22,KP72R,(control: forward re-run),0.0662,-0.0123,-0.0785,P,72,K,R,"LH,P",0,520,ok
2JEL,5,EP66K,(control: forward re-run),0.6541,0.9163,0.2622,P,66,E,K,"LH,P",0,520,ok
2NYY,17,NA890A,(control: forward re-run),0.078,0.0809,0.0029,A,890,N,A,"DC,A",0,1700,ok
2NYY,10,IA928A,(control: forward re-run),0.7724,0.7724,0.0,A,928,I,A,"DC,A",0,1700,ok
2NYY,24,SC28Q,(control: forward re-run),0.0001,-0.0312,-0.0313,C,28,S,Q,"DC,A",0,1700,ok
2NYY,3,DC30Y,(control: forward re-run),0.3647,0.3625,-0.0022000000000000353,C,30,D,Y,"DC,A",0,1700,ok
2NYY,6,FA889A,(control: forward re-run),0.1839,0.1189,-0.065,A,889,F,A,"DC,A",0,1700,ok
2NYY,20,RA1033A,(control: forward re-run),2.185,2.1846,-0.00039999999999995595,A,1033,R,A,"DC,A",0,1700,ok
2NYY,27,VD36I,(control: forward re-run),0.0,0.0,0.0,D,36,V,I,"DC,A",0,1700,ok
2NYY,13,KA895A,(control: forward re-run),0.9695,0.9042,-0.06530000000000002,A,895,K,A,"DC,A",0,1700,ok
2VIS,1,IC89T,(control: forward re-run),1.2215,1.2215,0.0,C,89,I,T,"AB,C",0,698,ok
2NZ9,14,QA887A,(control: forward re-run),0.426,0.4442,0.018199999999999994,A,887,Q,A,"DC,A",0,1700,ok
2NZ9,7,IA928A,(control: forward re-run),0.7835,0.7757,-0.007800000000000029,A,928,I,A,"DC,A",0,1700,ok
2NZ9,18,SA927A,(control: forward re-run),1.0227,1.0929,0.07020000000000004,A,927,S,A,"DC,A",0,1700,ok
2P5E,1,YD32D,(control: forward re-run),3.8883,3.8883,0.0,D,32,Y,D,"ABC,DE",0,820,ok
2NZ9,4,FA889A,(control: forward re-run),-0.1284,0.0945,0.2229,A,889,F,A,"DC,A",0,1700,ok
2NYY,30,YD56Q,(control: forward re-run),1.4145,1.3646,-0.049900000000000055,D,56,Y,Q,"DC,A",0,1700,ok
2NZ9,11,LA891A,(control: forward re-run),2.7854,2.5987,-0.1867000000000001,A,891,L,A,"DC,A",0,1700,ok
3B4V,2,FC52E,(control: forward re-run),1.9081,1.8704,-0.037699999999999845,C,52,F,E,"AB,C",0,429,ok
3BN9,2,DB46A,(control: forward re-run),0.066,0.0661,0.00010000000000000286,B,46,D,A,"B,CD",0,662,ok
3BN9,5,EB163A,(control: forward re-run),0.0031,0.0031,0.0,B,163,E,A,"B,CD",0,662,ok
3B4V,5,LC49E,(control: forward re-run),3.5103,3.3335,-0.17680000000000007,C,49,L,E,"AB,C",0,429,ok
3BN9,9,HB138A,(control: forward re-run),-0.3527,-0.327,0.0257,B,138,H,A,"B,CD",0,662,ok
3BN9,16,QB140A,(control: forward re-run),-0.0019,-0.0019,0.0,B,140,Q,A,"B,CD",0,662,ok
3BN9,23,RB48A,(control: forward re-run),1.0103,0.7933,-0.21699999999999997,B,48,R,A,"B,CD",0,662,ok
3BN9,26,SD30G,(control: forward re-run),0.9911,0.9919,0.0008000000000000229,D,30,S,G,"B,CD",0,662,ok
3AAA,9,RA258A,(control: forward re-run),4.0478,5.9762,1.9284000000000008,A,258,R,A,"AB,C",0,634,ok
3BN9,30,TD102Q,(control: forward re-run),-0.1982,-0.1735,0.0247,D,102,T,Q,"B,CD",0,662,ok
3BN9,19,QB218A,(control: forward re-run),0.0456,0.0456,0.0,B,218,Q,A,"B,CD",0,662,ok
3BN9,33,YB141A,(control: forward re-run),2.0072,2.0225,0.01529999999999987,B,141,Y,A,"B,CD",0,662,ok
3AAA,2,DC43R,(control: forward re-run),8.0731,8.17,0.09689999999999976,C,43,D,R,"AB,C",0,634,ok
3C60,2,DD13A,(control: forward re-run),-0.0302,-0.0302,0.0,D,13,D,A,"CD,AB",0,818,ok
3C60,5,ED69A,(control: forward re-run),0.0,0.0,0.0,D,69,E,A,"CD,AB",0,818,ok
3C60,9,FD1A,(control: forward re-run),0.002,0.002,0.0,D,1,F,A,"CD,AB",0,818,ok
3C60,12,ID77A,(control: forward re-run),0.0133,0.029,0.015700000000000002,D,77,I,A,"CD,AB",0,818,ok
3BN9,12,KB221A,(control: forward re-run),-0.2102,-0.5047,-0.29450000000000004,B,221,K,A,"B,CD",0,662,ok
3C60,30,SD73A,(control: forward re-run),0.0,0.0,0.0,D,73,S,A,"CD,AB",0,818,ok
3C60,23,QC58A,(control: forward re-run),1.2294,0.2638,-0.9656,C,58,Q,A,"CD,AB",0,818,ok
3C60,26,QD74A,(control: forward re-run),-0.0116,-0.0098,0.0017999999999999995,D,74,Q,A,"CD,AB",0,818,ok
3C60,19,LC61A,(control: forward re-run),0.4939,0.4514,-0.04249999999999998,C,61,L,A,"CD,AB",0,818,ok
3C60,33,VC73A,(control: forward re-run),0.0602,0.0643,0.0040999999999999995,C,73,V,A,"CD,AB",0,818,ok
3G6D,1,FH103A,(control: forward re-run),0.2581,0.2581,0.0,H,103,F,A,"LH,A",0,539,ok
3HFM,4,DY101E,(control: forward re-run),1.4338,1.4801,0.04630000000000001,Y,101,D,E,"HL,Y",0,558,ok
3D3V,2,LE97A,(control: forward re-run),3.1411,3.1816,0.0405000000000002,E,97,L,A,"ABC,DE",0,828,ok
3C60,16,KD10A,(control: forward re-run),0.8466,0.7973,-0.04930000000000001,D,10,K,A,"CD,AB",0,818,ok
3HFM,1,DH32A,(control: forward re-run),0.4713,0.4713,0.0,H,32,D,A,"HL,Y",0,558,ok
3HFM,8,DY101N,(control: forward re-run),-0.656,-0.7645,-0.10849999999999993,Y,101,D,N,"HL,Y",0,558,ok
3HFM,11,DY101S,(control: forward re-run),0.1375,0.1375,0.0,Y,101,D,S,"HL,Y",0,558,ok
3AAA,6,KA248E,(control: forward re-run),1.8194,1.7931,-0.02629999999999999,A,248,K,E,"AB,C",0,634,ok
3HFM,28,NL32A,(control: forward re-run),0.881,0.8871,0.006099999999999994,L,32,N,A,"HL,Y",0,558,ok
3HFM,25,NL31A,(control: forward re-run),0.0431,0.371,0.32789999999999997,L,31,N,A,"HL,Y",0,558,ok
3HFM,18,KY97A,(control: forward re-run),0.9874,1.0448,0.057399999999999896,Y,97,K,A,"HL,Y",0,558,ok
3HFM,32,NY93A,(control: forward re-run),1.9374,1.9088,-0.02859999999999996,Y,93,N,A,"HL,Y",0,558,ok
3HFM,21,KY97G,(control: forward re-run),1.2708,1.248,-0.02279999999999993,Y,97,K,G,"HL,Y",0,558,ok
3HFM,35,RY21E,(control: forward re-run),0.8455,0.9934,0.14789999999999992,Y,21,R,E,"HL,Y",0,558,ok
3HFM,39,RY21M,(control: forward re-run),-0.4174,-0.4568,-0.03939999999999999,Y,21,R,M,"HL,Y",0,558,ok
3HFM,15,KY96A,(control: forward re-run),1.3437,1.2219,-0.12179999999999991,Y,96,K,A,"HL,Y",0,558,ok
3HFM,42,RY21W,(control: forward re-run),-1.9593,-0.8104,1.1489,Y,21,R,W,"HL,Y",0,558,ok
3HFM,46,TY89A,(control: forward re-run),0.2294,0.2296,0.00020000000000000573,Y,89,T,A,"HL,Y",0,558,ok
3HFM,56,YH53L,(control: forward re-run),-0.3379,-0.3051,0.032799999999999996,H,53,Y,L,"HL,Y",0,558,ok
3HFM,60,YH58L,(control: forward re-run),0.3184,0.3279,0.009500000000000008,H,58,Y,L,"HL,Y",0,558,ok
3HFM,49,WY63A,(control: forward re-run),0.1377,0.0612,-0.07649999999999998,Y,63,W,A,"HL,Y",0,558,ok
3HFM,53,YH33W,(control: forward re-run),4.8018,5.4966,0.6947999999999999,H,33,Y,W,"HL,Y",0,558,ok
3HH2,4,FC52E,(control: forward re-run),3.9336,3.7822,-0.1514000000000002,C,52,F,E,"AB,C",0,496,ok
3HG1,2,GC6A,(control: forward re-run),0.6731,0.6606,-0.012500000000000067,C,6,G,A,"ABC,DE",0,824,ok
3HFM,63,YY20A,(control: forward re-run),2.3434,1.5141,-0.8292999999999999,Y,20,Y,A,"HL,Y",0,558,ok
3HH2,7,VC15E,(control: forward re-run),1.1092,1.1494,0.040200000000000014,C,15,V,E,"AB,C",0,496,ok
3N85,1,SH32A,(control: forward re-run),-0.1403,-0.1403,0.0,H,32,S,A,"A,LH",0,1033,ok
3NGB,2,DH103A,(control: forward re-run),-0.0933,-0.0933,0.0,H,103,D,A,"HL,G",0,779,ok
3HG1,5,TC9A,(control: forward re-run),-0.0165,-0.2538,-0.2373,C,9,T,A,"ABC,DE",0,824,ok
3NGB,6,GH55S,(control: forward re-run),1.2625,1.2699,0.007400000000000073,H,55,G,S,"HL,G",0,779,ok
3NGB,9,IH30T,(control: forward re-run),0.0235,0.011,-0.0125,H,30,I,T,"HL,G",0,779,ok
3N85,8,WL91F,(control: forward re-run),-0.0618,-0.0567,0.0051,L,91,W,F,"A,LH",0,1033,ok
3N85,4,SH52Y,(control: forward re-run),10.0549,14.108,4.053100000000001,H,52,S,Y,"A,LH",0,1033,ok
3NGB,13,NH105A,(control: forward re-run),0.1253,0.1342,0.008900000000000019,H,105,N,A,"HL,G",0,779,ok
3NGB,23,RH72A,(control: forward re-run),4.0668,4.0808,0.014000000000000234,H,72,R,A,"HL,G",0,779,ok
3NGB,27,VH58A,(control: forward re-run),0.4538,0.4523,-0.0015000000000000013,H,58,V,A,"HL,G",0,779,ok
3NGB,30,VH74T,(control: forward re-run),0.0707,0.071,0.0002999999999999947,H,74,V,T,"HL,G",0,779,ok
3NGB,34,WH50A,(control: forward re-run),0.3899,0.3706,-0.01930000000000004,H,50,W,A,"HL,G",0,779,ok
3NGB,37,YH75A,(control: forward re-run),0.0079,0.0079,0.0,H,75,Y,A,"HL,G",0,779,ok
3NGB,41,YL87A,(control: forward re-run),1.3747,0.9686,-0.4061,L,87,Y,A,"HL,G",0,779,ok
3NPS,7,FA89A,(control: forward re-run),-0.0971,-0.0929,0.004200000000000009,A,89,F,A,"A,BC",1,678,ok
3NPS,3,DA47A,(control: forward re-run),0.256,0.2351,-0.020900000000000002,A,47,D,A,"A,BC",1,678,ok
3NPS,10,IA26A,(control: forward re-run),0.0168,0.0168,0.0,A,26,I,A,"A,BC",1,678,ok
3NGB,20,RH54N,(control: forward re-run),2.0054,1.9978,-0.007599999999999829,H,54,R,N,"HL,G",0,779,ok
3NPS,14,NA90A,(control: forward re-run),1.2385,1.2307,-0.007800000000000029,A,90,N,A,"A,BC",1,678,ok
3NPS,17,QA169A,(control: forward re-run),2.022,1.9152,-0.10679999999999978,A,169,Q,A,"A,BC",1,678,ok
3NGB,16,PH63K,(control: forward re-run),-0.3268,0.5663,0.8931,H,63,P,K,"HL,G",0,779,ok
3NPS,24,TA144A,(control: forward re-run),-0.3633,-0.3633,0.0,A,144,T,A,"A,BC",1,678,ok
3NPS,21,RA48A,(control: forward re-run),1.7604,1.1714,-0.589,A,48,R,A,"A,BC",1,678,ok
3PWP,1,GC2L,(control: forward re-run),0.1764,0.1764,0.0,C,2,G,L,"ABC,DE",0,829,ok
3QDJ,1,AC2L,(control: forward re-run),-0.0409,-0.0409,0.0,C,2,A,L,"ABC,DE",0,825,ok
3QDJ,4,DD26Y,(control: forward re-run),-1.3737,-1.2857,0.08799999999999986,D,26,D,Y,"ABC,DE",0,825,ok
3QDG,7,GD28L,(control: forward re-run),-1.2345,-1.832,-0.5975000000000001,D,28,G,L,"ABC,DE",0,826,ok
3QDG,3,DD26Y,(control: forward re-run),-1.8356,-2.3722,-0.5366,D,26,D,Y,"ABC,DE",0,826,ok
3QDJ,8,GD28L,(control: forward re-run),-1.5348,-1.9143,-0.37949999999999995,D,28,G,L,"ABC,DE",0,825,ok
3QIB,4,AB71G,(control: forward re-run),0.2956,0.2956,0.0,B,71,A,G,"ABP,CD",0,794,ok
3QDG,13,RD27P,(control: forward re-run),1.4247,1.2475,-0.17720000000000002,D,27,R,P,"ABC,DE",0,826,ok
3QDG,10,GD28Y,(control: forward re-run),5.0084,5.0666,0.05820000000000025,D,28,G,Y,"ABC,DE",0,826,ok
3QIB,7,EB57A,(control: forward re-run),0.0015,0.0015,0.0,B,57,E,A,"ABP,CD",0,794,ok
3QFJ,1,FC5Y,(control: forward re-run),1.4127,1.4127,0.0,C,5,F,Y,"ABC,DE",0,829,ok
3QDJ,11,GD28Y,(control: forward re-run),4.5376,4.0018,-0.5358,D,28,G,Y,"ABC,DE",0,825,ok
3QIB,14,LD95P,(control: forward re-run),0.6935,0.7098,0.01629999999999998,D,95,L,P,"ABP,CD",0,794,ok
3QIB,18,RC89P,(control: forward re-run),2.2587,2.319,0.0602999999999998,C,89,R,P,"ABP,CD",0,794,ok
3QIB,21,TP11A,(control: forward re-run),1.3768,1.3082,-0.0686,P,11,T,A,"ABP,CD",0,794,ok
3QIB,11,KA67A,(control: forward re-run),0.2967,0.2967,0.0,A,67,K,A,"ABP,CD",1,794,ok
3QIB,25,YP6F,(control: forward re-run),0.5669,0.5669,0.0,P,6,Y,F,"ABP,CD",0,794,ok
3SE8,2,DH114A,(control: forward re-run),-0.2535,-0.1882,0.0653,H,114,D,A,"HL,G",0,779,ok
3SE8,5,EL91A,(control: forward re-run),1.7077,1.6372,-0.07050000000000001,L,91,E,A,"HL,G",0,779,ok
3R9A,3,VA331D,(control: forward re-run),0.0064,0.0068,0.0003999999999999993,A,331,V,D,"AC,B",0,1063,ok
3SE8,9,GH56A,(control: forward re-run),2.7225,1.6348,-1.0877000000000001,H,56,G,A,"HL,G",0,779,ok
3SE8,12,NL30A,(control: forward re-run),0.0265,-0.0127,-0.0392,L,30,N,A,"HL,G",0,779,ok
3QDJ,15,RD27W,(control: forward re-run),-0.3044,-1.1042,-0.7998000000000001,D,27,R,W,"ABC,DE",0,825,ok
3SE8,16,QH65A,(control: forward re-run),2.3782,0.6215,-1.7567,H,65,Q,A,"HL,G",0,779,ok
3SE8,23,VH58A,(control: forward re-run),0.246,0.246,0.0,H,58,V,A,"HL,G",0,779,ok
3SE8,26,WH55A,(control: forward re-run),4.7497,4.7246,-0.025100000000000122,H,55,W,A,"HL,G",0,779,ok
3SE8,19,RH30A,(control: forward re-run),1.3361,1.29,-0.04610000000000003,H,30,R,A,"HL,G",0,779,ok
3SE9,5,GH107A,(control: forward re-run),-0.2556,-0.2556,0.0,H,107,G,A,"HL,G",0,777,ok
3SE9,2,EL90A,(control: forward re-run),1.6243,1.6243,0.0,L,90,E,A,"HL,G",0,777,ok
3SE9,9,GL29A,(control: forward re-run),0.3136,0.3136,0.0,L,29,G,A,"HL,G",0,777,ok
3SE9,12,NH60A,(control: forward re-run),2.7533,2.7389,-0.014399999999999746,H,60,N,A,"HL,G",0,777,ok
3SE9,16,RH76A,(control: forward re-run),1.6036,1.3735,-0.23009999999999997,H,76,R,A,"HL,G",0,777,ok
3SE9,19,VH55A,(control: forward re-run),0.2512,0.258,0.006800000000000028,H,55,V,A,"HL,G",0,777,ok
3SZK,5,EC123A,(control: forward re-run),-0.2046,-0.2046,0.0,C,123,E,A,"AB,C",0,426,ok
3SE9,23,WH51A,(control: forward re-run),1.3208,1.0048,-0.31600000000000006,H,51,W,A,"HL,G",0,777,ok
3SZK,15,QC39A,(control: forward re-run),-0.0293,-0.0293,0.0,C,39,Q,A,"AB,C",0,426,ok
3SZK,8,FC44A,(control: forward re-run),2.8406,2.8058,-0.03479999999999972,C,44,F,A,"AB,C",0,426,ok
3SZK,1,DC120A,(control: forward re-run),-0.003,-0.003,0.0,C,120,D,A,"AB,C",0,426,ok
3SZK,19,VC27A,(control: forward re-run),0.0,0.0,0.0,C,27,V,A,"AB,C",0,426,ok
4B0M,3,LM40A,(control: forward re-run),3.6571,3.6424,-0.014699999999999935,M,40,L,A,"A,BM",0,478,ok
4B0M,6,PM98S,(control: forward re-run),0.924,0.9234,-0.0006000000000000449,M,98,P,S,"A,BM",0,478,ok
3SZK,12,KC57A,(control: forward re-run),0.0,0.0,0.0,C,57,K,A,"AB,C",0,426,ok
3W2D,6,YA45L,(control: forward re-run),1.2873,1.3258,0.03849999999999998,A,45,Y,L,"A,HL",1,663,ok
4E6K,3,YG2F,(control: forward re-run),-0.0445,-0.0445,0.0,G,2,Y,F,"AB,G",0,371,ok
4B0M,10,YM9G,(control: forward re-run),0.1606,-0.0414,-0.20199999999999999,M,9,Y,G,"A,BM",0,478,ok
4HFK,3,LB45A,(control: forward re-run),1.7155,1.7155,0.0,B,45,L,A,"A,BD",0,355,ok
3W2D,2,KA67Q,(control: forward re-run),1.8582,1.6851,-0.17310000000000003,A,67,K,Q,"A,HL",0,663,ok
4HFK,6,RB22A,(control: forward re-run),3.0164,3.0307,0.01429999999999998,B,22,R,A,"A,BD",0,355,ok
4I77,1,DH54A,(control: forward re-run),2.4928,2.4928,0.0,H,54,D,A,"HL,Z",0,534,ok
4I77,5,YH100A,(control: forward re-run),0.7333,0.7094,-0.02389999999999992,H,100,Y,A,"HL,Z",0,534,ok
4FTV,4,QE101R,(control: forward re-run),-0.1,-0.1,0.0,E,101,Q,R,"ABC,DE",0,829,ok
3VR6,1,AG138S,(control: forward re-run),0.6089,0.6089,0.0,G,138,A,S,"ABCDEF,GH",0,3397,ok
4I77,8,YH101F,(control: forward re-run),0.3805,0.3677,-0.012799999999999978,H,101,Y,F,"HL,Z",0,534,ok
4HSA,2,RA28V,(control: forward re-run),0.0,0.0,0.0,A,28,R,V,"AB,C",0,485,ok
3VR6,5,RG134A,(control: forward re-run),2.2453,2.233,-0.012299999999999756,G,134,R,A,"ABCDEF,GH",0,3397,ok
4J2L,3,SA34D,(control: forward re-run),-0.303,-0.303,0.0,A,34,S,D,"A,CD",0,171,ok
4I77,12,YL32F,(control: forward re-run),-0.1705,-0.0217,0.14880000000000002,L,32,Y,F,"HL,Z",0,534,ok
4JPK,9,VA30N,(control: forward re-run),0.4654,0.4654,0.0,A,30,V,N,"HL,A",0,598,ok
4JFE,1,AC7I,(control: forward re-run),0.2065,0.2065,0.0,C,7,A,I,"ABC,DE",0,828,ok
4JFF,3,GC6A,(control: forward re-run),0.2341,0.2702,0.03609999999999999,C,6,G,A,"ABC,DE",0,828,ok
4JPK,6,RA81T,(control: forward re-run),1.8992,1.8995,0.00029999999999996696,A,81,R,T,"HL,A",0,598,ok
4GXU,1,DA189E,(control: forward re-run),5.9847,5.9847,0.0,A,189,D,E,"ABCDEF,MN",0,1928,ok
4JPK,2,DA82A,(control: forward re-run),1.0912,0.915,-0.1761999999999999,A,82,D,A,"HL,A",0,598,ok
4JFF,7,TC9A,(control: forward re-run),0.2531,0.2757,0.02260000000000001,C,9,T,A,"ABC,DE",0,828,ok
4K71,4,HA462F,(control: forward re-run),0.8265,0.8384,0.011900000000000022,A,462,H,F,"A,BC",0,946,ok
4L3E,5,YD26A,(control: forward re-run),0.4867,0.5617,0.07499999999999996,D,26,Y,A,"ABC,DE",0,826,ok
4L3E,1,EA166A,(control: forward re-run),0.1732,0.1732,0.0,A,166,E,A,"ABC,DE",1,826,ok
4LRX,1,HA56N,(control: forward re-run),-0.0008,-0.0008,0.0,A,56,H,N,"AB,CD",0,1302,ok
4N8V,9,SG174A,(control: forward re-run),0.8165,1.2193,0.40280000000000005,G,174,S,A,"G,ABC",0,573,ok
4N8V,5,KG38A,(control: forward re-run),0.1046,0.0447,-0.0599,G,38,K,A,"G,ABC",0,573,ok
4NKQ,18,LB122A,(control: forward re-run),0.0037,0.1129,0.1092,B,122,L,A,"C,AB",0,691,ok
4NKQ,11,IB91A,(control: forward re-run),0.0948,0.0925,-0.0022999999999999965,B,91,I,A,"C,AB",0,691,ok
4N8V,2,DG62A,(control: forward re-run),2.9138,3.1869,0.2730999999999999,G,62,D,A,"G,ABC",0,573,ok
4N8V,12,YG39F,(control: forward re-run),0.1195,0.0214,-0.09809999999999999,G,39,Y,F,"G,ABC",0,573,ok
4NKQ,7,DB87R,(control: forward re-run),-2.4551,-2.9987,-0.5436000000000001,B,87,D,R,"C,AB",0,691,ok
4NKQ,4,DB176E,(control: forward re-run),0.5038,-0.14,-0.6438,B,176,D,E,"C,AB",0,691,ok
4NKQ,35,YB82F,(control: forward re-run),0.0074,0.0072,-0.00020000000000000052,B,82,Y,F,"C,AB",0,691,ok
4NKQ,32,SB123A,(control: forward re-run),0.2951,0.2379,-0.05719999999999997,B,123,S,A,"C,AB",0,691,ok
4NKQ,21,NC14D,(control: forward re-run),0.1131,0.1358,0.022699999999999998,C,14,N,D,"C,AB",0,691,ok
4OZG,2,FH94A,(control: forward re-run),2.9014,2.9014,0.0,H,94,F,A,"ABJ,GH",0,808,ok
4NKQ,28,RB80A,(control: forward re-run),-0.0976,1.3842,1.4818,B,80,R,A,"C,AB",0,691,ok
4OZG,5,NG29A,(control: forward re-run),0.4409,0.4409,0.0,G,29,N,A,"ABJ,GH",0,808,ok
4NKQ,25,RB178A,(control: forward re-run),4.7543,4.4613,-0.29300000000000015,B,178,R,A,"C,AB",0,691,ok
4NKQ,14,KB89A,(control: forward re-run),0.4642,1.2031,0.7389000000000001,B,89,K,A,"C,AB",0,691,ok
4OZG,8,RH95A,(control: forward re-run),3.844,3.9584,0.11440000000000028,H,95,R,A,"ABJ,GH",0,808,ok
4OZG,12,YH46F,(control: forward re-run),0.6416,0.6032,-0.03839999999999999,H,46,Y,F,"ABJ,GH",0,808,ok
4P23,3,DD85A,(control: forward re-run),0.02,0.0203,0.0002999999999999982,D,85,D,A,"CD,AB",0,816,ok
4NM8,4,QB34R,(control: forward re-run),-1.8149,0.2262,2.0411,B,34,Q,R,"ABCDEF,HL",0,1899,ok
4NM8,7,TB32E,(control: forward re-run),-2.0418,-2.0563,-0.014499999999999957,B,32,T,E,"ABCDEF,HL",0,1899,ok
4P23,7,ED78A,(control: forward re-run),0.1933,0.0433,-0.15,D,78,E,A,"CD,AB",0,816,ok
4P23,17,KD5A,(control: forward re-run),3.4884,3.7054,0.21700000000000008,D,5,K,A,"CD,AB",0,816,ok
4P23,24,QC62A,(control: forward re-run),0.9582,0.7162,-0.2420000000000001,C,62,Q,A,"CD,AB",0,816,ok
4P23,10,HC69A,(control: forward re-run),1.0678,0.3603,-0.7075,C,69,H,A,"CD,AB",0,816,ok
4P23,14,KC68A,(control: forward re-run),-0.1523,-0.1789,-0.026600000000000013,C,68,K,A,"CD,AB",0,816,ok
4P23,31,TD86A,(control: forward re-run),0.0308,0.0308,0.0,D,86,T,A,"CD,AB",0,816,ok
4P23,35,YD69A,(control: forward re-run),-0.0418,-0.0418,0.0,D,69,Y,A,"CD,AB",0,816,ok
4P23,21,ND9A,(control: forward re-run),0.7387,0.3145,-0.4242,D,9,N,A,"CD,AB",0,816,ok
4P5T,3,DD84A,(control: forward re-run),0.5779,0.6355,0.057599999999999985,D,84,D,A,"CD,AB",0,813,ok
4P5T,7,ED77A,(control: forward re-run),0.5146,0.5278,0.0132000000000001,D,77,E,A,"CD,AB",0,813,ok
4P23,28,RD81A,(control: forward re-run),-0.3253,-0.2378,0.08749999999999997,D,81,R,A,"CD,AB",0,816,ok
4P5T,21,ND9A,(control: forward re-run),0.6988,0.7047,0.005900000000000016,D,9,N,A,"CD,AB",0,813,ok
4P5T,14,KC68A,(control: forward re-run),0.0117,0.0137,0.002,C,68,K,A,"CD,AB",0,813,ok
4P5T,31,TD85A,(control: forward re-run),1.0649,1.0598,-0.005099999999999882,D,85,T,A,"CD,AB",0,813,ok
4P5T,10,HC69A,(control: forward re-run),0.9255,0.9271,0.0016000000000000458,C,69,H,A,"CD,AB",0,813,ok
4P5T,24,QC62A,(control: forward re-run),0.5919,0.5801,-0.011800000000000033,C,62,Q,A,"CD,AB",0,813,ok
4P5T,35,YD68A,(control: forward re-run),0.0,0.0,0.0,D,68,Y,A,"CD,AB",0,813,ok
4P5T,28,RD80A,(control: forward re-run),-0.1305,-0.1944,-0.06389999999999998,D,80,R,A,"CD,AB",0,813,ok
4P5T,17,KD5A,(control: forward re-run),-2.0876,-1.1728,0.9148000000000001,D,5,K,A,"CD,AB",0,813,ok
4PWX,24,YC15A,(control: forward re-run),-0.023,-0.023,0.0,C,15,Y,A,"AB,CD",0,921,ok
4PWX,14,KC1A,(control: forward re-run),0.7341,0.4342,-0.2999,C,1,K,A,"AB,CD",0,921,ok
4PWX,21,RC28A,(control: forward re-run),6.2057,6.1645,-0.0411999999999999,C,28,R,A,"AB,CD",0,921,ok
4U6H,3,QE25A,(control: forward re-run),0.9781,0.9375,-0.04059999999999997,E,25,Q,A,"AB,E",0,600,ok
4PWX,10,KB65A,(control: forward re-run),0.6115,0.563,-0.0485000000000001,B,65,K,A,"AB,CD",0,921,ok
4PWX,17,QC20A,(control: forward re-run),1.3373,0.6758,-0.6615,C,20,Q,A,"AB,CD",0,921,ok
4ZS6,1,DA159A,(control: forward re-run),1.7478,1.7478,0.0,A,159,D,A,"HL,A",0,638,ok
4PWX,3,EA201K,(control: forward re-run),5.0592,4.2954,-0.7637999999999998,A,201,E,K,"AB,CD",1,921,ok
4ZS6,4,YA160A,(control: forward re-run),0.2695,0.29,0.020499999999999963,A,160,Y,A,"HL,A",0,638,ok
5C6T,7,NA183A,(control: forward re-run),0.4525,0.4526,9.999999999998899e-05,A,183,N,A,"HL,A",0,783,ok
5C6T,14,SH32A,(control: forward re-run),-1.4972,-1.3271,0.17010000000000014,H,32,S,A,"HL,A",0,783,ok
5C6T,11,RA187A,(control: forward re-run),3.4314,2.1435,-1.2879,A,187,R,A,"HL,A",0,783,ok
5C6T,18,YH98A,(control: forward re-run),1.3855,1.3388,-0.046699999999999964,H,98,Y,A,"HL,A",0,783,ok
4X4M,3,KE153A,(control: forward re-run),0.402,-0.4662,-0.8682000000000001,E,153,K,A,"AB,E",0,693,ok
5C6T,4,FA200A,(control: forward re-run),0.4111,0.347,-0.06410000000000005,A,200,F,A,"HL,A",0,783,ok
5DWU,2,IB169A,(control: forward re-run),0.0,0.0,0.0,B,169,I,A,"HL,AB",0,748,ok
5E9D,5,SD50G,(control: forward re-run),-0.0465,-0.0465,0.0,D,50,S,G,"AB,CDE",0,599,ok
5E9D,2,GD27E,(control: forward re-run),1.0014,1.0278,0.02639999999999998,D,27,G,E,"AB,CDE",0,599,ok
4PWX,7,EC67K,(control: forward re-run),0.2597,0.2155,-0.04419999999999999,C,67,E,K,"AB,CD",0,921,ok
