1A22.A.B_A	1A22.A.B_B	DA11A,MA14V,HA18Q,RA19H,FA25A,QA29K,EA33R	0.747160
1A22.A.B_A	1A22.A.B_B	DB107A,RB111A,EB113A	0.314372
1A22.A.B_A	1A22.A.B_B	DB78A,EB79A,KB80A	0.209830
1A22.A.B_A	1A22.A.B_B	EA56D,RA64M	2.003314
1A22.A.B_A	1A22.A.B_B	EA88G,QA91Y,FA92H,RA94T,SA95E	0.191828
1A22.A.B_A	1A22.A.B_B	EB138A,KB140A,KB142A,DB145A	0.120233
1A22.A.B_A	1A22.A.B_B	EB79A,KB80A	-0.344761
1A22.A.B_A	1A22.A.B_B	FA25A,YA42A,QA46A	0.198171
1A22.A.B_A	1A22.A.B_B	FA54H,SA55T,EA56S,IA58L,PA59A,SA62E,NA63D,RA64K,EA66Q,TA67A,KA70M,SA71N,NA72Q,LA73K,EA74D	2.496773
1A22.A.B_A	1A22.A.B_B	FA97R,AA98G,NA99M,SA100Q,LA101D,VA102A,YA103P,GA104E	0.263008
1A22.A.B_A	1A22.A.B_B	KA157A,EA163A	-0.769763
1A22.A.B_A	1A22.A.B_B	KA161A,FA165A	3.780828
1A22.A.B_A	1A22.A.B_B	KB158A,DB160A,KB161A,EB162A,EB164A	1.120238
1A22.A.B_A	1A22.A.B_B	KB2A,KB5A	0.240219
1A22.A.B_A	1A22.A.B_B	NA109D,VA110D,DA112H	0.346296
1A22.A.B_A	1A22.A.B_B	NA12H,FA25L	0.838487
1A22.A.B_A	1A22.A.B_B	NA12R,MA14V,LA15V,RA16L,RA19Y	1.680589
1A22.A.B_A	1A22.A.B_B	NA12R,MA14V,LA15V,RA16L,RA19Y,FA25S,DA26E,QA29S,EA30Q,EA33K	1.398035
1A22.A.B_A	1A22.A.B_B	NB31A,TB32A,QB33A,EB34A	-0.136574
1A22.A.B_A	1A22.A.B_B	NB31A,TB32A,QB33A,EB34A,WB35A,WB39A	0.166065
1A22.A.B_A	1A22.A.B_B	PA48A,TA50A,SA51A,LA52F	0.602485
1A22.A.B_A	1A22.A.B_B	QA22N,FA25S,DA26E,QA29S,EA30Q,EA33K	-0.094238
1A22.A.B_A	1A22.A.B_B	QA46H,NA47D,PA48S,QA49E,LA52F	1.182001
1A22.A.B_A	1A22.A.B_B	QB121A,KB122A,VB126A	-0.872230
1A22.A.B_A	1A22.A.B_B	QB171A,RB172A,NB173A	1.103567
1A22.A.B_A	1A22.A.B_B	RA127D,LA128V,EA129H	0.316418
1A22.A.B_A	1A22.A.B_B	RA156K,DA160H,IA168V,QA170K	1.953914
1A22.A.B_A	1A22.A.B_B	RA64A,DA160A	3.322751
1A22.A.B_A	1A22.A.B_B	RB116A,DB119A,KB122A	-0.062421
1A22.A.B_A	1A22.A.B_B	RB172A,NB173A	0.902598
1A22.A.B_A	1A22.A.B_B	RB29A,RB30A,EB34A	0.953515
1A22.A.B_A	1A22.A.B_B	SA57T,TA60A,SA62T,NA63G,RA64K,EA65D,TA67A,KA70R,NA72D,LA73V	1.680589
1A22.A.B_A	1A22.A.B_B	SB57A,SB61A	-0.569590
1A22.A.B_A	1A22.A.B_B	SB57A,SB61A,EB79A,KB80A	-0.895466
1A22.A.B_A	1A22.A.B_B	SB57A,SB61A,EB79A,KB80A,QB121A,KB122A,VB126A	-1.400088
1A22.A.B_A	1A22.A.B_B	YA111V,LA113I,KA115E,DA116Q,EA118K,EA119R,QA122E,TA123G,GA126L,RA127I,EA129S	0.251723
1A22.A.B_A	1A22.A.B_B	YA42A,QA46A	0.289800
1A4Y.A.B_A	1A4Y.A.B_B	KB40G,DA435A	4.107513
1A4Y.A.B_A	1A4Y.A.B_B	KB40G,YA434A,DA435A	6.213886
1A4Y.A.B_A	1A4Y.A.B_B	KB40G,YA434A,YA437A	9.123152
1A4Y.A.B_A	1A4Y.A.B_B	KB40G,YA434F	6.665417
1A4Y.A.B_A	1A4Y.A.B_B	KB40G,YA437A	6.454105
1A4Y.A.B_A	1A4Y.A.B_B	QA430A,VA432A	0.072214
1A4Y.A.B_A	1A4Y.A.B_B	RB5A,DA435A	6.773434
1A4Y.A.B_A	1A4Y.A.B_B	RB5A,YA434A	6.979789
1A4Y.A.B_A	1A4Y.A.B_B	RB5A,YA434A,DA435A	10.107056
1A4Y.A.B_A	1A4Y.A.B_B	RB5A,YA434A,YA437A	8.531572
1A4Y.A.B_A	1A4Y.A.B_B	WA438A,SA439A,EA440A	1.785699
1A4Y.A.B_A	1A4Y.A.B_B	YA434A,DA435A	6.820856
1A4Y.A.B_A	1A4Y.A.B_B	YA434A,YA437A	6.645332
1AHW.AB.C_AB	1AHW.AB.C_C	IB141Q,TB143I,YB145T	3.977485
1AHW.AB.C_AB	1AHW.AB.C_C	KB138A,DB139A	1.182001
1AHW.AB.C_AB	1AHW.AB.C_C	KB154A,KB155A	-1.330307
1AHW.AB.C_AB	1AHW.AB.C_C	KB158A,NB160A,NB162A	4.074827
1AHW.AB.C_AB	1AHW.AB.C_C	RB189A,KB190A	4.018360
1AHW.AB.C_AB	1AHW.AB.C_C	SB184A,RB185A	4.018360
1AHW.AB.C_AB	1AHW.AB.C_C	TB110A,KB111A	0.639143
1AK4.A.D_A	1AK4.A.D_D	LB83T,VB86P,HB87A,AB88M,IB91L,AB92P,MB96I	0.742202
1AO7.ABC.DE_ABC	1AO7.ABC.DE_DE	AB211M,GB212S	-1.044842
1AO7.ABC.DE_ABC	1AO7.ABC.DE_DE	AB211M,GB212S,GB213A	-3.546847
1AO7.ABC.DE_ABC	1AO7.ABC.DE_DE	AB211M,GB212S,GB213A,RB214E	-3.903845
1AO7.ABC.DE_ABC	1AO7.ABC.DE_DE	AB211M,GB212S,GB213A,RB214Q	-3.941193
1AO7.ABC.DE_ABC	1AO7.ABC.DE_DE	DB26A,EA58A	0.749596
1AO7.ABC.DE_ABC	1AO7.ABC.DE_DE	DB26W,AB211M,GB212S,GB213A,RB214Q	-4.038617
1AO7.ABC.DE_ABC	1AO7.ABC.DE_DE	DB26W,GB28M,SB51M,SB94T	-1.078705
1AO7.ABC.DE_ABC	1AO7.ABC.DE_DE	DB26W,GB28T,SB51M,SB94T	-1.237639
1AO7.ABC.DE_ABC	1AO7.ABC.DE_DE	DB26W,RB27F,GB28T,SB51M,SB94T	-2.014892
1AO7.ABC.DE_ABC	1AO7.ABC.DE_DE	DB26W,RB27F,GB28T,SB51M,SB94T,KB97P,AB165P,RB214P	-4.622057
1AO7.ABC.DE_ABC	1AO7.ABC.DE_DE	DB26W,RB27F,GB28T,SB51M,SB94T,RB214P	-3.373856
1AO7.ABC.DE_ABC	1AO7.ABC.DE_DE	DB26W,RB27F,SB51M,AB211M,GB212S,GB213A,RB214Q	-3.710763
1AO7.ABC.DE_ABC	1AO7.ABC.DE_DE	DB26W,RB27F,SB51M,SB94T	-2.717164
1AO7.ABC.DE_ABC	1AO7.ABC.DE_DE	DB26W,RB27F,SB51M,SB94T,AB211M,GB212S,GB213A,RB214Q	-3.451118
1AO7.ABC.DE_ABC	1AO7.ABC.DE_DE	DB26W,RB27F,SB51M,SB94T,VA381R	-1.393077
1AO7.ABC.DE_ABC	1AO7.ABC.DE_DE	DB93A,QA72A	1.060843
1AO7.ABC.DE_ABC	1AO7.ABC.DE_DE	DB93N,RA65A	3.084350
1AO7.ABC.DE_ABC	1AO7.ABC.DE_DE	EA63Q,KA66A	1.130372
1AO7.ABC.DE_ABC	1AO7.ABC.DE_DE	EA63Q,QB30V	-0.006823
1AO7.ABC.DE_ABC	1AO7.ABC.DE_DE	EA63Q,QB30V,KA66A	1.855068
1AO7.ABC.DE_ABC	1AO7.ABC.DE_DE	EB143A,YA382A	3.425438
1AO7.ABC.DE_ABC	1AO7.ABC.DE_DE	GB212S,GB213A,RB214E	-3.454111
1AO7.ABC.DE_ABC	1AO7.ABC.DE_DE	GB213A,RB214Q	-1.563515
1AO7.ABC.DE_ABC	1AO7.ABC.DE_DE	GB28I,SB94A	-0.383096
1AO7.ABC.DE_ABC	1AO7.ABC.DE_DE	GB28I,SB94T	-0.899618
1AO7.ABC.DE_ABC	1AO7.ABC.DE_DE	GB28L,SB94A	-0.508603
1AO7.ABC.DE_ABC	1AO7.ABC.DE_DE	GB28L,SB94T	-1.028609
1AO7.ABC.DE_ABC	1AO7.ABC.DE_DE	GB28M,SB51M,SB94T	-2.126458
1AO7.ABC.DE_ABC	1AO7.ABC.DE_DE	GB28M,SB94A	-0.804623
1AO7.ABC.DE_ABC	1AO7.ABC.DE_DE	GB28M,SB94T	-1.747267
1AO7.ABC.DE_ABC	1AO7.ABC.DE_DE	GB28T,AB211M,GB212S,GB213A	-3.861774
1AO7.ABC.DE_ABC	1AO7.ABC.DE_DE	GB28T,AB211M,GB212S,GB213A,RB214Q	-3.965981
1AO7.ABC.DE_ABC	1AO7.ABC.DE_DE	GB28T,SB51M,SB94T	-1.604390
1AO7.ABC.DE_ABC	1AO7.ABC.DE_DE	KB66A,EA166A	3.033763
1AO7.ABC.DE_ABC	1AO7.ABC.DE_DE	KB66A,TA163A	0.978101
1AO7.ABC.DE_ABC	1AO7.ABC.DE_DE	KB97P,AB165P,RB214P	-1.631951
1AO7.ABC.DE_ABC	1AO7.ABC.DE_DE	KB97P,RB214P	-1.221294
1AO7.ABC.DE_ABC	1AO7.ABC.DE_DE	NB52A,EA166A	3.143156
1AO7.ABC.DE_ABC	1AO7.ABC.DE_DE	PB215A,QA155A	0.930361
1AO7.ABC.DE_ABC	1AO7.ABC.DE_DE	PB215A,YA379A	2.259469
1AO7.ABC.DE_ABC	1AO7.ABC.DE_DE	QB30L,LA375A	2.893427
1AO7.ABC.DE_ABC	1AO7.ABC.DE_DE	QB30V,LA375A	0.723712
1AO7.ABC.DE_ABC	1AO7.ABC.DE_DE	QB30V,YA159A	3.330276
1AO7.ABC.DE_ABC	1AO7.ABC.DE_DE	RB207A,YA379A	1.595050
1AO7.ABC.DE_ABC	1AO7.ABC.DE_DE	RB207A,YA379F	0.605980
1AO7.ABC.DE_ABC	1AO7.ABC.DE_DE	RB214A,YA379A	1.885943
1AO7.ABC.DE_ABC	1AO7.ABC.DE_DE	RB27A,RA170A	1.186508
1AO7.ABC.DE_ABC	1AO7.ABC.DE_DE	RB27F,GB28M,SB51M,SB94T	-1.803733
1AO7.ABC.DE_ABC	1AO7.ABC.DE_DE	RB27F,GB28T,SB51M,SB94T	-1.604390
1AO7.ABC.DE_ABC	1AO7.ABC.DE_DE	SB31A,YA379A	1.709491
1AO7.ABC.DE_ABC	1AO7.ABC.DE_DE	SB31A,YA379F	-0.040546
1AO7.ABC.DE_ABC	1AO7.ABC.DE_DE	SB94A,YA379A	1.861012
1AO7.ABC.DE_ABC	1AO7.ABC.DE_DE	TB91A,YA379A	3.030982
1AO7.ABC.DE_ABC	1AO7.ABC.DE_DE	TB92A,RA65A	2.423471
1AO7.ABC.DE_ABC	1AO7.ABC.DE_DE	WB95A,AA69G	2.905459
1AO7.ABC.DE_ABC	1AO7.ABC.DE_DE	YB50A,QA155A	0.082009
1B2S.A.D_A	1B2S.A.D_D	AA27K,AB43T	-5.723925
1B2U.A.D_A	1B2U.A.D_D	AA27K,AB36D	-9.549198
1B3S.A.D_A	1B3S.A.D_D	AA102H,FB30Y	-5.549702
1B41.A.B_A	1B41.A.B_B	TB8V,TB9I	0.394686
1B41.A.B_A	1B41.A.B_B	TB8V,TB9N	2.427800
1BD2.ABC.DE_ABC	1BD2.ABC.DE_DE	DB30N,YA379A	1.477002
1BD2.ABC.DE_ABC	1BD2.ABC.DE_DE	DB30N,YA379F	2.499721
1BD2.ABC.DE_ABC	1BD2.ABC.DE_DE	EA63Q,KA66A	1.961498
1BD2.ABC.DE_ABC	1BD2.ABC.DE_DE	EB218A,YA382A	3.966677
1BD2.ABC.DE_ABC	1BD2.ABC.DE_DE	EB93A,RA65A	3.115254
1BD2.ABC.DE_ABC	1BD2.ABC.DE_DE	YB289A,YA379A	2.686992
1BD2.ABC.DE_ABC	1BD2.ABC.DE_DE	YB289A,YA379F	0.894865
1BJ1.HL.VW_HL	1BJ1.HL.VW_VW	HA101Y,SA105T	-1.344086
1BJ1.HL.VW_HL	1BJ1.HL.VW_VW	HA101Y,YA103I,GA104A,SA105K	-0.431446
1BJ1.HL.VW_HL	1BJ1.HL.VW_VW	HA101Y,YA103R,GA104D,SA105N	-0.995851
1BJ1.HL.VW_HL	1BJ1.HL.VW_VW	HA101Y,YA103R,GA104N,SA105T	-0.762992
1BJ1.HL.VW_HL	1BJ1.HL.VW_VW	HA101Y,YA103R,SA105T	-1.173648
1BJ1.HL.VW_HL	1BJ1.HL.VW_VW	HA101Y,YA103W,SA105T	-1.041446
1BJ1.HL.VW_HL	1BJ1.HL.VW_VW	LA72I,TA74K	0.076552
1BJ1.HL.VW_HL	1BJ1.HL.VW_VW	LA72V,TA74V	0.670960
1BJ1.HL.VW_HL	1BJ1.HL.VW_VW	MA222L,TA28D,NA31H,HA101Y,SA105T	-1.629380
1BJ1.HL.VW_HL	1BJ1.HL.VW_VW	TA28D,NA31H	-0.693211
1BJ1.HL.VW_HL	1BJ1.HL.VW_VW	TA28D,NA31H,HA101Y,SA105T	-1.754742
1BJ1.HL.VW_HL	1BJ1.HL.VW_VW	TA28D,NA31H,YA54W,HA101Y,SA105T	-1.204037
1BP3.A.B_A	1BP3.A.B_B	DA11A,MA14V,HA18Q,RA19H,FA25A,QA29K,EA33R	3.605305
1BP3.A.B_A	1BP3.A.B_B	EA56D,RA64M	0.445517
1BP3.A.B_A	1BP3.A.B_B	EA88G,QA91Y,FA92H,RA94T,SA95E	0.209515
1BP3.A.B_A	1BP3.A.B_B	FA54H,SA55T,EA56S,IA58L,PA59A,SA62E,NA63D,RA64K,EA66Q,TA67A,KA70M,SA71N,NA72Q,LA73K,EA74D	0.354190
1BP3.A.B_A	1BP3.A.B_B	FA97R,AA98G,NA99M,SA100Q,LA101D,VA102A,YA103P,GA104E	0.383096
1BP3.A.B_A	1BP3.A.B_B	KA164A,EA170A	5.407962
1BP3.A.B_A	1BP3.A.B_B	KA168A,FA172A	5.354871
1BP3.A.B_A	1BP3.A.B_B	NA12R,MA14V,LA15V,RA16L,RA19Y	0.383096
1BP3.A.B_A	1BP3.A.B_B	PA48A,TA50A,SA51A,LA52F	0.246173
1BP3.A.B_A	1BP3.A.B_B	QA22N,FA25S,DA26E,QA29S,EA30Q,EA33K	1.610344
1BP3.A.B_A	1BP3.A.B_B	QA46H,NA47D,PA48S,QA49E,LA52F	0.246173
1BP3.A.B_A	1BP3.A.B_B	RA64A,DA167A	0.378624
1BP3.A.B_A	1BP3.A.B_B	SA57T,TA60A,SA62T,NA63G,RA64K,EA65D,TA67A,KA70R,NA72D,LA73V	2.299455
1BP3.A.B_A	1BP3.A.B_B	YA111V,LA113I,KA115E,DA116Q,EA118K,EA119R,RA120L,QA122E,TA123G,GA126L,RA127I,EA129S	-0.392970
1BRS.A.D_A	1BRS.A.D_D	EA71A,DB35A	6.440232
1BRS.A.D_A	1BRS.A.D_D	EA71A,DB39A	7.185323
1BRS.A.D_A	1BRS.A.D_D	EA71F,DB35A	6.410199
1BRS.A.D_A	1BRS.A.D_D	EA71F,DB39A	7.471731
1BRS.A.D_A	1BRS.A.D_D	EA71Q,DB39A	7.207327
1BRS.A.D_A	1BRS.A.D_D	EA71Q,EB74A	3.527011
1BRS.A.D_A	1BRS.A.D_D	EA71W,DB35A	5.712495
1BRS.A.D_A	1BRS.A.D_D	EA71W,DB39A	6.665240
1BRS.A.D_A	1BRS.A.D_D	EA71W,EB74A	3.549655
1BRS.A.D_A	1BRS.A.D_D	HA100A,DB39A	8.991340
1BRS.A.D_A	1BRS.A.D_D	HA100A,EB74A	7.563057
1BRS.A.D_A	1BRS.A.D_D	HA100A,EB78A	6.745120
1BRS.A.D_A	1BRS.A.D_D	HA100A,TB42A	8.135627
1BRS.A.D_A	1BRS.A.D_D	HA100A,WB38F	7.642168
1BRS.A.D_A	1BRS.A.D_D	HA100A,YB29A	6.306903
1BRS.A.D_A	1BRS.A.D_D	HA100A,YB29F	5.549702
1BRS.A.D_A	1BRS.A.D_D	HA100Q,RA57A	9.308979
1BRS.A.D_A	1BRS.A.D_D	HA100Q,RA57K	6.912182
1BRS.A.D_A	1BRS.A.D_D	KA25A,DB35A	9.549198
1BRS.A.D_A	1BRS.A.D_D	KA25A,DB39A	8.278044
1BRS.A.D_A	1BRS.A.D_D	KA25A,EB74A	6.696013
1BRS.A.D_A	1BRS.A.D_D	KA25A,EB78A	5.513151
1BRS.A.D_A	1BRS.A.D_D	KA25A,TB42A	5.723925
1BRS.A.D_A	1BRS.A.D_D	KA25A,WB38F	5.113170
1BRS.A.D_A	1BRS.A.D_D	KA25A,YB29A	8.624589
1BRS.A.D_A	1BRS.A.D_D	RA57A,DB35A	6.334464
1BRS.A.D_A	1BRS.A.D_D	RA57A,DB39A	11.361335
1BRS.A.D_A	1BRS.A.D_D	RA57A,EB74A	4.970293
1BRS.A.D_A	1BRS.A.D_D	RA57A,EB78A	5.201466
1BRS.A.D_A	1BRS.A.D_D	RA57A,TB42A	6.820856
1BRS.A.D_A	1BRS.A.D_D	RA57A,WB38F	6.277997
1BRS.A.D_A	1BRS.A.D_D	RA57A,YB29A	8.122606
1BRS.A.D_A	1BRS.A.D_D	RA81Q,DB35A	9.605664
1BRS.A.D_A	1BRS.A.D_D	RA81Q,DB39A	6.439105
1BRS.A.D_A	1BRS.A.D_D	RA81Q,EB74A	6.721076
1BRS.A.D_A	1BRS.A.D_D	RA81Q,EB78A	5.764045
1BRS.A.D_A	1BRS.A.D_D	RA81Q,TB42A	6.107559
1BRS.A.D_A	1BRS.A.D_D	RA81Q,WB38F	6.758434
1BRS.A.D_A	1BRS.A.D_D	RA81Q,YB29A	8.293043
1BRS.A.D_A	1BRS.A.D_D	RA85A,DB39A	7.185323
1BRS.A.D_A	1BRS.A.D_D	RA85A,EB74A	6.866451
1BRS.A.D_A	1BRS.A.D_D	RA85A,EB78A	6.126986
1BRS.A.D_A	1BRS.A.D_D	RA85A,TB42A	7.020199
1BRS.A.D_A	1BRS.A.D_D	RA85A,WB38F	7.040989
1BRS.A.D_A	1BRS.A.D_D	RA85A,YB29A	8.052825
1C1Y.A.B_A	1C1Y.A.B_B	KA31E,EA30D	-2.015046
1C1Y.A.B_A	1C1Y.A.B_B	KB30A,RB35G	2.620325
1C1Y.A.B_A	1C1Y.A.B_B	RB5A,NB10D	2.752527
1C4Z.ABC.D_ABC	1C4Z.ABC.D_D	SA243P,NA245P	-0.075735
1CHO.EFG.I_EFG	1CHO.EFG.I_I	AB12D,GB29A	-0.865738
1CHO.EFG.I_EFG	1CHO.EFG.I_I	AB12D,GB29A,NB30S	-0.030033
1CHO.EFG.I_EFG	1CHO.EFG.I_I	AB12D,LB15A	4.827918
1CHO.EFG.I_EFG	1CHO.EFG.I_I	AB12D,LB15A,YB17D	10.913369
1CHO.EFG.I_EFG	1CHO.EFG.I_I	AB12G,LB15M,LB20V,KB26I,EB40K	1.114300
1CHO.EFG.I_EFG	1CHO.EFG.I_I	AB12G,TB14M,LB15M,YB17R,RB18L,GB29N,NB30D,SB48N,KB52E	9.204556
1CHO.EFG.I_EFG	1CHO.EFG.I_I	AB12R,LB15R	4.942098
1CHO.EFG.I_EFG	1CHO.EFG.I_I	AB12R,TB14K,LB15R	7.971405
1CHO.EFG.I_EFG	1CHO.EFG.I_I	AB12R,TB14K,LB15R,EB16S	8.392895
1CHO.EFG.I_EFG	1CHO.EFG.I_I	AB12R,TB14P,LB15R	8.903476
1CHO.EFG.I_EFG	1CHO.EFG.I_I	AB12T,LB15M	0.923481
1CHO.EFG.I_EFG	1CHO.EFG.I_I	AB12V,TB14S	3.610102
1CHO.EFG.I_EFG	1CHO.EFG.I_I	AB12V,TB14S,RB18M,NB25S,KB26Q,GB29S,KB31E,EB40D	6.635976
1CHO.EFG.I_EFG	1CHO.EFG.I_I	DB4N,EB7D,AB12V,TB14S,EB16L,RB18M,VB39A,EB40D	6.459869
1CHO.EFG.I_EFG	1CHO.EFG.I_I	DB4N,EB7G,LB15M,RB18M,EB40D,KB52E	1.913749
1CHO.EFG.I_EFG	1CHO.EFG.I_I	EB7D,AB12V,EB16D,RB18M,GB29S,EB40D,LB45I,KB52R	5.522699
1CHO.EFG.I_EFG	1CHO.EFG.I_I	EB7D,AB12V,EB16D,RB18M,KB26T,GB29S,EB40D,LB45I	5.681692
1CHO.EFG.I_EFG	1CHO.EFG.I_I	EB7D,AB12V,TB14P,EB16D,RB18M,NB25S,GB29S,NB42S,SB48R	7.333681
1CHO.EFG.I_EFG	1CHO.EFG.I_I	EB7D,AB12V,TB14S,EB16D,RB18M,KB26T,GB29N,NB33I,EB40D,LB45I	7.612135
1CHO.EFG.I_EFG	1CHO.EFG.I_I	EB7D,AB12V,TB14S,RB18M,NB25S,GB29N,NB33D,SB48G	4.364883
1CHO.EFG.I_EFG	1CHO.EFG.I_I	EB7D,AB12V,TB14S,RB18M,NB25S,GB29S,EB40D	5.456684
1CHO.EFG.I_EFG	1CHO.EFG.I_I	EB7D,AB12V,TB14S,RB18M,NB25S,GB29S,NB33D,EB40D	4.416611
1CHO.EFG.I_EFG	1CHO.EFG.I_I	EB7D,AB12V,TB14S,RB18M,NB25S,GB29S,NB33D,EB40D,TB46N	4.273556
1CHO.EFG.I_EFG	1CHO.EFG.I_I	EB7D,AB12V,TB14S,RB18M,NB25S,GB29S,NB33D,VB38F,EB40D,TB46S	4.233214
1CHO.EFG.I_EFG	1CHO.EFG.I_I	EB7D,AB12V,TB14S,RB18M,NB25S,GB29S,VB39A,EB40D	4.986852
1CHO.EFG.I_EFG	1CHO.EFG.I_I	EB7D,AB12V,TB14S,RB18M,VB39A,EB40D	5.248261
1CHO.EFG.I_EFG	1CHO.EFG.I_I	EB7D,AB12V,YB17E,RB18M,EB40D	7.824040
1CHO.EFG.I_EFG	1CHO.EFG.I_I	EB7D,KB10M,LB15M,LB20V	0.526876
1CHO.EFG.I_EFG	1CHO.EFG.I_I	EB7D,KB10R,AB12D,RB18M,EB40D	2.420802
1CHO.EFG.I_EFG	1CHO.EFG.I_I	EB7D,KB10R,AB12V,EB16D,RB18M,GB29S,EB40D,LB45I,KB52R	5.030046
1CHO.EFG.I_EFG	1CHO.EFG.I_I	EB7D,LB15F,RB18M,EB40D	1.037393
1CHO.EFG.I_EFG	1CHO.EFG.I_I	EB7D,LB15M,RB18M,EB40D	2.728342
1CHO.EFG.I_EFG	1CHO.EFG.I_I	EB7D,LB15M,RB18M,GB29D,EB40D	5.637727
1CHO.EFG.I_EFG	1CHO.EFG.I_I	EB7D,LB15V,RB18M,EB40D	6.612432
1CHO.EFG.I_EFG	1CHO.EFG.I_I	EB7D,LB15V,RB18M,GB29D,EB40D	9.519165
1CHO.EFG.I_EFG	1CHO.EFG.I_I	EB7D,RB18M,EB40D	2.543463
1CHO.EFG.I_EFG	1CHO.EFG.I_I	EB7D,RB18M,KB26Q,GB29S,NB33S,EB40D	1.304995
1CHO.EFG.I_EFG	1CHO.EFG.I_I	EB7D,RB18M,KB31R,EB40D	2.457498
1CHO.EFG.I_EFG	1CHO.EFG.I_I	EB7D,RB18M,LB20F,NB25S,GB29S,EB40D	2.669166
1CHO.EFG.I_EFG	1CHO.EFG.I_I	EB7D,TB14L,RB18M,GB29D,NB33S,EB40D,TB46S	9.222420
1CHO.EFG.I_EFG	1CHO.EFG.I_I	EB7D,TB14R,LB15M,RB18M,EB40D	6.531947
1CHO.EFG.I_EFG	1CHO.EFG.I_I	EB7D,TB14S,EB16D,RB18M,NB25S,GB29S,EB40D,GB51E	7.660467
1CHO.EFG.I_EFG	1CHO.EFG.I_I	EB7D,YB8H,AB12V,TB14S,RB18M,NB25S,GB29S,NB33D	4.871824
1CHO.EFG.I_EFG	1CHO.EFG.I_I	EB7D,YB8H,TB14L,LB15Q,YB17Q,RB18K,GB29D,NB33S,EB40D	11.138376
1CHO.EFG.I_EFG	1CHO.EFG.I_I	EB7D,YB8H,TB14L,LB15Q,YB17Q,RB18K,LB20I,GB29D,NB33S,EB40D	11.054070
1CHO.EFG.I_EFG	1CHO.EFG.I_I	EB7G,KB10Q,PB11S,TB14P,LB15Q,EB16D,RB18V,LB20F,GB29S,VB39A,EB40D	7.505302
1CHO.EFG.I_EFG	1CHO.EFG.I_I	EB7G,KB10Q,TB14S,RB18V,LB20F,GB29S,NB33D,VB39A,EB40D	1.636540
1CHO.EFG.I_EFG	1CHO.EFG.I_I	EB7G,LB15M,RB18M,EB40D	2.698309
1CHO.EFG.I_EFG	1CHO.EFG.I_I	EB7G,LB15M,RB18M,EB40D,KB52E	1.891047
1CHO.EFG.I_EFG	1CHO.EFG.I_I	EB7G,LB15M,YB17S,LB20I,KB26T,GB29S,HB49Y,FB50P,KB52V	2.794357
1CHO.EFG.I_EFG	1CHO.EFG.I_I	KB10R,AB12R,TB14K,LB15R	8.027130
1CHO.EFG.I_EFG	1CHO.EFG.I_I	KB10R,PB11F,AB12R,TB14K,LB15R	8.097977
1CHO.EFG.I_EFG	1CHO.EFG.I_I	KB10S,PB11D,AB12Y	-1.033277
1CHO.EFG.I_EFG	1CHO.EFG.I_I	KB10S,PB11D,AB12Y,LB15G,EB16I,RB18K	7.270104
1CHO.EFG.I_EFG	1CHO.EFG.I_I	KB10T,PB11E,AB12Y	-0.942230
1CHO.EFG.I_EFG	1CHO.EFG.I_I	KB10T,PB11E,AB12Y,LB15G,RB18M,GB29P,NB33V	5.884189
1CHO.EFG.I_EFG	1CHO.EFG.I_I	LB15M,GB29D	3.419842
1CHO.EFG.I_EFG	1CHO.EFG.I_I	LB15M,HB49R	0.140701
1CHO.EFG.I_EFG	1CHO.EFG.I_I	LB15M,HB49R,KB52E	-0.440690
1CHO.EFG.I_EFG	1CHO.EFG.I_I	LB15M,LB20V,KB26I,EB40K	1.037393
1CHO.EFG.I_EFG	1CHO.EFG.I_I	LB15M,NB33D,SB48N	-0.482412
1CHO.EFG.I_EFG	1CHO.EFG.I_I	LB15M,SB48N	0.380623
1CHO.EFG.I_EFG	1CHO.EFG.I_I	LB15M,SB48N,HB49R,KB52Q	0.272369
1CHO.EFG.I_EFG	1CHO.EFG.I_I	LB15M,TB27S,GB29D	3.581450
1CHO.EFG.I_EFG	1CHO.EFG.I_I	LB15M,TB46N,KB52T	0.655363
1CHO.EFG.I_EFG	1CHO.EFG.I_I	LB15M,YB17H,KB26Q,GB29D	4.233214
1CHO.EFG.I_EFG	1CHO.EFG.I_I	LB15M,YB17Q	3.519622
1CHO.EFG.I_EFG	1CHO.EFG.I_I	LB15S,RB18V,LB20I	7.224715
1CHO.EFG.I_EFG	1CHO.EFG.I_I	NB25S,GB29A	-0.860902
1CHO.EFG.I_EFG	1CHO.EFG.I_I	PB11S,AB12L,TB14K,LB15R	7.297601
1CHO.EFG.I_EFG	1CHO.EFG.I_I	PB11S,AB12R,TB14P,LB15R	8.470686
1CHO.EFG.I_EFG	1CHO.EFG.I_I	RB18M,KB26Q,GB29S,EB40D	3.000712
1CHO.EFG.I_EFG	1CHO.EFG.I_I	RB18V,LB20I	2.167183
1CHO.EFG.I_EFG	1CHO.EFG.I_I	TB14K,LB15R	7.402910
1CHO.EFG.I_EFG	1CHO.EFG.I_I	TB14M,LB15S,GB29V	8.988038
1CHO.EFG.I_EFG	1CHO.EFG.I_I	TB14P,LB15K	8.366069
1CHO.EFG.I_EFG	1CHO.EFG.I_I	TB14P,LB15K,EB16D,LB20V,GB29S,SB48N	7.522780
1CHO.EFG.I_EFG	1CHO.EFG.I_I	TB14P,LB15K,EB16D,LB20V,SB48N	7.144953
1CHO.EFG.I_EFG	1CHO.EFG.I_I	TB14P,LB15K,EB16D,LB20V,SB48N,HB49R	7.001898
1CHO.EFG.I_EFG	1CHO.EFG.I_I	TB14P,LB15K,GB29D	9.929821
1CHO.EFG.I_EFG	1CHO.EFG.I_I	TB14R,LB15R	7.214032
1CHO.EFG.I_EFG	1CHO.EFG.I_I	VB3I,EB7D,AB12V,TB14S,RB18M,NB25S,GB29S,EB40D,TB46I	5.426651
1CHO.EFG.I_EFG	1CHO.EFG.I_I	YB8H,EB16D,LB20I,NB25S,GB29S,NB33D,VB39M,EB40D	0.140701
1CHO.EFG.I_EFG	1CHO.EFG.I_I	YB8H,YB17D,TB27I,GB29S,NB33D,VB39L	6.886870
1CZ8.HL.VW_HL	1CZ8.HL.VW_VW	LA222M,DA28T,HA31N	0.451531
1CZ8.HL.VW_HL	1CZ8.HL.VW_VW	LA222M,DA28T,HA31N,TA105K,YA103I,GA104A	1.364171
1CZ8.HL.VW_HL	1CZ8.HL.VW_VW	LA222M,DA28T,HA31N,TA105N,YA103R,GA104D	0.799767
1CZ8.HL.VW_HL	1CZ8.HL.VW_VW	LA222M,DA28T,HA31N,TA105S	0.211313
1CZ8.HL.VW_HL	1CZ8.HL.VW_VW	LA222M,DA28T,HA31N,YA101H	1.405046
1CZ8.HL.VW_HL	1CZ8.HL.VW_VW	LA222M,DA28T,HA31N,YA101H,TA105S	2.311466
1CZ8.HL.VW_HL	1CZ8.HL.VW_VW	LA222M,DA28T,HA31N,YA101H,TA105S,LA72I,TA74K	1.872169
1CZ8.HL.VW_HL	1CZ8.HL.VW_VW	LA222M,DA28T,HA31N,YA101H,TA105S,LA72V,TA74V	2.466578
1CZ8.HL.VW_HL	1CZ8.HL.VW_VW	LA222M,DA28T,HA31N,YA101H,TA105S,YA54W	1.658286
1CZ8.HL.VW_HL	1CZ8.HL.VW_VW	LA222M,DA28T,HA31N,YA103R	0.621969
1CZ8.HL.VW_HL	1CZ8.HL.VW_VW	LA222M,DA28T,HA31N,YA103R,GA104N	1.032626
1CZ8.HL.VW_HL	1CZ8.HL.VW_VW	LA222M,DA28T,HA31N,YA103W	0.754171
1CZ8.HL.VW_HL	1CZ8.HL.VW_VW	LA222M,DA28T,YA101H,TA105S	1.032626
1CZ8.HL.VW_HL	1CZ8.HL.VW_VW	LA222M,HA31N,YA101H,TA105S	1.575484
1CZ8.HL.VW_HL	1CZ8.HL.VW_VW	LA222M,YA101H,TA105S	1.102406
1CZ8.HL.VW_HL	1CZ8.HL.VW_VW	LA222M,YA54W	0.591580
1DAN.HL.UT_HL	1DAN.HL.UT_UT	CB160S,CB168S	-0.325876
1DAN.HL.UT_HL	1DAN.HL.UT_UT	DB155A,DB169A	3.857964
1DAN.HL.UT_HL	1DAN.HL.UT_UT	DB155A,FB50A	3.173305
1DAN.HL.UT_HL	1DAN.HL.UT_UT	DB155A,KB131A	3.996229
1DAN.HL.UT_HL	1DAN.HL.UT_UT	DB155A,KB131A,FB50A	5.735139
1DAN.HL.UT_HL	1DAN.HL.UT_UT	DB155A,TB171A	4.159248
1DAN.HL.UT_HL	1DAN.HL.UT_UT	DB155A,WB156A	1.507211
1DAN.HL.UT_HL	1DAN.HL.UT_UT	DB165A,EB167A	0.433301
1DAN.HL.UT_HL	1DAN.HL.UT_UT	DB172A,EB173A	0.304560
1DAN.HL.UT_HL	1DAN.HL.UT_UT	EB40A,RB41F	-0.021546
1DAN.HL.UT_HL	1DAN.HL.UT_UT	EB89A,NB90A	-0.093575
1DAN.HL.UT_HL	1DAN.HL.UT_UT	KB107A,DB110A	0.042668
1DAN.HL.UT_HL	1DAN.HL.UT_UT	KB152A,DB155A	1.571431
1DAN.HL.UT_HL	1DAN.HL.UT_UT	KB157A,KB159A	1.135854
1DAN.HL.UT_HL	1DAN.HL.UT_UT	KB176A,DB177A	-0.504232
1DAN.HL.UT_HL	1DAN.HL.UT_UT	KB179A,QB180A	-0.206115
1DAN.HL.UT_HL	1DAN.HL.UT_UT	KB59A,DB60A	-0.101513
1DAN.HL.UT_HL	1DAN.HL.UT_UT	KB71A,KB72A	-0.239738
1DAN.HL.UT_HL	1DAN.HL.UT_UT	LB14A,EB15A	-0.462906
1DAN.HL.UT_HL	1DAN.HL.UT_UT	NB105A,RB106A	0.399981
1DAN.HL.UT_HL	1DAN.HL.UT_UT	NB17A,QB20A	0.414491
1DAN.HL.UT_HL	1DAN.HL.UT_UT	NB79A,EB80A	-0.024546
1DAN.HL.UT_HL	1DAN.HL.UT_UT	QB24A,EB27A	0.033650
1DAN.HL.UT_HL	1DAN.HL.UT_UT	RB46A,NB47A,NB48A	0.206581
1DAN.HL.UT_HL	1DAN.HL.UT_UT	SB101A,RB102A	0.638566
1DAN.HL.UT_HL	1DAN.HL.UT_UT	TB103A,VB104A	-0.149029
1DAN.HL.UT_HL	1DAN.HL.UT_UT	TB171A,FB50A	4.325087
1DAN.HL.UT_HL	1DAN.HL.UT_UT	TB171A,KB131A	3.054656
1DAN.HL.UT_HL	1DAN.HL.UT_UT	WB156R,SB158G	1.481607
1DQJ.AB.C_AB	1DQJ.AB.C_C	DA246A,KB97A	1.122886
1DQJ.AB.C_AB	1DQJ.AB.C_C	NA32A,KB96A	5.804446
1DQJ.AB.C_AB	1DQJ.AB.C_C	SA91A,RB21A	3.172151
1DQJ.AB.C_AB	1DQJ.AB.C_C	SA91A,YB20A	3.574692
1DQJ.AB.C_AB	1DQJ.AB.C_C	WA312A,KB97A	6.663068
1DQJ.AB.C_AB	1DQJ.AB.C_C	WA312A,SB100A	5.364647
1DQJ.AB.C_AB	1DQJ.AB.C_C	WA312A,YB20A	5.114386
1DQJ.AB.C_AB	1DQJ.AB.C_C	YA267A,DB101A	2.728342
1DQJ.AB.C_AB	1DQJ.AB.C_C	YA267A,LB75A	1.217407
1DQJ.AB.C_AB	1DQJ.AB.C_C	YA267A,WB62A	1.286884
1DQJ.AB.C_AB	1DQJ.AB.C_C	YA267A,WB63A	2.200217
1DQJ.AB.C_AB	1DQJ.AB.C_C	YA96A,RB21A	3.486760
1DQJ.AB.C_AB	1DQJ.AB.C_C	YA96A,SB100A	0.913856
1DVF.AB.CD_AB	1DVF.AB.CD_CD	DA161A,YB49A	4.494884
1DVF.AB.CD_AB	1DVF.AB.CD_CD	DA165A,QB211A	1.464828
1DVF.AB.CD_AB	1DVF.AB.CD_CD	DA207A,DB159A	4.321658
1DVF.AB.CD_AB	1DVF.AB.CD_CD	DA207A,HB140A	4.149977
1DVF.AB.CD_AB	1DVF.AB.CD_CD	DA207A,NB162A	4.092513
1DVF.AB.CD_AB	1DVF.AB.CD_CD	EA205A,YB209A	4.635372
1DVF.AB.CD_AB	1DVF.AB.CD_CD	NA163A,HB140A	2.527130
1DVF.AB.CD_AB	1DVF.AB.CD_CD	NA163A,NB162A	2.302123
1DVF.AB.CD_AB	1DVF.AB.CD_CD	NA163A,QB211A	1.487530
1DVF.AB.CD_AB	1DVF.AB.CD_CD	WA159A,QB211A	4.164727
1DVF.AB.CD_AB	1DVF.AB.CD_CD	YA32A,RB213A	4.652671
1DVF.AB.CD_AB	1DVF.AB.CD_CD	YA49A,HB140A	2.626221
1DVF.AB.CD_AB	1DVF.AB.CD_CD	YA49A,NB162A	2.031279
1E50.A.B_A	1E50.A.B_B	DA52A,EA53A	0.391041
1EFN.A.B_A	1EFN.A.B_B	TA13H,EA14H	0.983903
1EMV.A.B_A	1EMV.A.B_B	EA30D,LA31D,VA32N,TA36R,HA37E,EA40R,MA41L,SA46D,KA55R,EA56D,GA57D,DA58R,DA59E,SA63E,NA67K,TA68E,VA69I,QA71E	7.990223
1EMV.A.B_A	1EMV.A.B_B	FB86A,LA31A	6.679958
1EMV.A.B_A	1EMV.A.B_B	FB86A,VA32A	4.665833
1EMV.A.B_A	1EMV.A.B_B	FB86A,VA35A	4.068404
1EMV.A.B_A	1EMV.A.B_B	FB86A,YA52A	8.723507
1EMV.A.B_A	1EMV.A.B_B	FB86A,YA53A	8.263228
1EMV.A.B_A	1EMV.A.B_B	QA15E,LA16F,SA46D,KA55R,EA56D,GA57D,DA58R,DA59E,SA63E,NA67K,TA68E,VA69I,QA71E	-0.208529
1EMV.A.B_A	1EMV.A.B_B	QA15E,LA16F,TA18K,TA19K,NA22R,DA24E,TA25G,SA26A,SA27T,EA30D,LA31D,VA32N,TA36R,HA37E,EA40R,MA41L,SA46D,KA55R,EA56D,GA57D,DA58R,DA59E,SA63E,NA67K,TA68E,VA69I,QA71E	8.058494
1EMV.A.B_A	1EMV.A.B_B	QA15E,LA16F,TA18K,TA19K,NA22R,DA24E,TA25G,SA26A,SA27T,SA46D,KA55R,EA56D,GA57D,DA58R,DA59E,SA63E,NA67K,TA68E,VA69I,QA71E	1.704029
1EMV.A.B_A	1EMV.A.B_B	QA15E,LA16F,TA18K,TA19K,NA22R,DA24E,TA25G,SA26A,SA27T,SA63E,NA67K,TA68E,VA69I,QA71E	2.856625
1EMV.A.B_A	1EMV.A.B_B	QA15E,LA16F,TA18K,TA19K,NA22R,SA46D,KA55R,EA56D,GA57D,DA58R,DA59E,SA63E,NA67K,TA68E,VA69I,QA71E	1.423001
1EMV.A.B_A	1EMV.A.B_B	SA46D,KA55R,EA56D,GA57D,DA58R,DA59E,SA63E,NA67K,TA68E,VA69I,QA71E	-0.517373
1EMV.A.B_A	1EMV.A.B_B	SA63E,NA67K,TA68E,VA69I,QA71E	0.079111
1FCC.A.C_A	1FCC.A.C_C	TB44A,YB45A	1.954451
1FSS.A.B_A	1FSS.A.B_B	TB8V,TB9I	0.441845
1FSS.A.B_A	1FSS.A.B_B	TB8V,TB9N	0.357937
1FSS.A.B_A	1FSS.A.B_B	TB8V,TB9N,RB11K,HB29R	-0.391847
1FSS.A.B_A	1FSS.A.B_B	TB8V,TB9N,RB11K,HB29R,KB32R	0.801886
1GC1.G.C_G	1GC1.G.C_C	QB40A,DB63A	-0.499247
1GC1.G.C_G	1GC1.G.C_C	QB40A,DB63A,QB89L	-0.848247
1GL0.E.I_E	1GL0.E.I_I	MB28K,LB27R	3.837295
1GL1.A.I_A	1GL1.A.I_I	KB30M,AB31G	-0.132202
1GUA.A.B_A	1GUA.A.B_B	DA30E,EA31K	2.015046
1GUA.A.B_A	1GUA.A.B_B	RB4A,EA37A	1.300815
1GUA.A.B_A	1GUA.A.B_B	VB14A,EA37A	1.700674
1HE8.A.B_A	1HE8.A.B_B	KA80V,DA117A	0.944329
1HE8.A.B_A	1HE8.A.B_B	KA80V,DA95A	1.038295
1HE8.A.B_A	1HE8.A.B_B	KA80V,EA124K	-0.098972
1HE8.A.B_A	1HE8.A.B_B	KA80V,EA606A	0.454562
1HE8.A.B_A	1HE8.A.B_B	KA80V,EA606K	-0.458078
1HE8.A.B_A	1HE8.A.B_B	KA80V,FA78S	2.162248
1HE8.A.B_A	1HE8.A.B_B	KA80V,KA108A	2.162248
1HE8.A.B_A	1HE8.A.B_B	KA80V,KA108E	2.162248
1HE8.A.B_A	1HE8.A.B_B	KA80V,KA111A	1.967625
1HE8.A.B_A	1HE8.A.B_B	KA80V,KA112A	2.162248
1HE8.A.B_A	1HE8.A.B_B	KA80V,KA113A	1.675856
1HE8.A.B_A	1HE8.A.B_B	KA80V,KA91A	1.523105
1HE8.A.B_A	1HE8.A.B_B	KA80V,RA83A	1.897844
1HE8.A.B_A	1HE8.A.B_B	KA80V,TA89D	2.162248
1JRH.LH.I_LH	1JRH.LH.I_I	AB49S,IB51T,HB55D	0.070707
1JRH.LH.I_LH	1JRH.LH.I_I	AB85D,KB88R,EB90K	-0.047769
1JRH.LH.I_LH	1JRH.LH.I_I	AB93L,VB94M	0.633947
1JRH.LH.I_LH	1JRH.LH.I_I	EB45P,IB47L	-3.458328
1JRH.LH.I_LH	1JRH.LH.I_I	EB45P,IB47R	-3.441638
1JRH.LH.I_LH	1JRH.LH.I_I	IB25N,PB27S,VB29T,VB31I	0.143770
1JRH.LH.I_LH	1JRH.LH.I_I	MB15L,IB18V	-0.213702
1JRH.LH.I_LH	1JRH.LH.I_I	SB44G,EB45G,IB47R	-3.379217
1JRH.LH.I_LH	1JRH.LH.I_I	SB44G,EB45P,IB47K	-3.886158
1JRH.LH.I_LH	1JRH.LH.I_I	SB61Y,DB62E,HB63Q,VB64I,GB65M,DB66Y,SB68D,NB69V,LB71A	2.960157
1JRH.LH.I_LH	1JRH.LH.I_I	TB9L,EB11K	-0.025577
1JRH.LH.I_LH	1JRH.LH.I_I	VB73A,RB78K	-0.213702
1JTG.A.B_A	1JTG.A.B_B	DB163K,DB135K,VB134K	-3.055167
1JTG.A.B_A	1JTG.A.B_B	DB49A,KA208A	1.600652
1JTG.A.B_A	1JTG.A.B_B	DB49A,RA217A	1.099224
1JTG.A.B_A	1JTG.A.B_B	DB49A,SA105A	0.358089
1JTG.A.B_A	1JTG.A.B_B	EA143A,DB49A	1.505004
1JTG.A.B_A	1JTG.A.B_B	EA143A,FB142A	2.581045
1JTG.A.B_A	1JTG.A.B_B	EA143A,KB74A	4.061928
1JTG.A.B_A	1JTG.A.B_B	EA143A,RB160A	2.318927
1JTG.A.B_A	1JTG.A.B_B	EA143A,WB112A	2.795218
1JTG.A.B_A	1JTG.A.B_B	EA143A,WB150A	4.109652
1JTG.A.B_A	1JTG.A.B_B	EA143A,WB162A	2.077467
1JTG.A.B_A	1JTG.A.B_B	EA79A,EB73M	1.836322
1JTG.A.B_A	1JTG.A.B_B	EA79A,EB73M,FB142A	2.845544
1JTG.A.B_A	1JTG.A.B_B	EA79A,EB73M,KB74A	2.095698
1JTG.A.B_A	1JTG.A.B_B	EA79A,EB73M,KB74A,FB142A	2.582089
1JTG.A.B_A	1JTG.A.B_B	EA79A,SB113A	1.864555
1JTG.A.B_A	1JTG.A.B_B	EA79A,SB113A,SB71A	2.581045
1JTG.A.B_A	1JTG.A.B_B	EA79A,YA80A	1.027010
1JTG.A.B_A	1JTG.A.B_B	EA79K,DB49A	5.640436
1JTG.A.B_A	1JTG.A.B_B	EA79K,FB142A	4.554720
1JTG.A.B_A	1JTG.A.B_B	EA85A,SB113A	4.565591
1JTG.A.B_A	1JTG.A.B_B	EA85A,SB113A,SB71A	5.042290
1JTG.A.B_A	1JTG.A.B_B	EA85A,SB71A	5.019354
1JTG.A.B_A	1JTG.A.B_B	EA85A,YB50A	3.967104
1JTG.A.B_A	1JTG.A.B_B	EA85G,EA143G	-0.610000
1JTG.A.B_A	1JTG.A.B_B	EA85V,EA143G	-0.742202
1JTG.A.B_A	1JTG.A.B_B	EB73A,YB50A	-1.496373
1JTG.A.B_A	1JTG.A.B_B	EB73M,FB142A	2.532690
1JTG.A.B_A	1JTG.A.B_B	EB73M,KB74A	4.294496
1JTG.A.B_A	1JTG.A.B_B	EB73M,KB74A,FB142A	4.556261
1JTG.A.B_A	1JTG.A.B_B	FB142A,EA79A	2.747889
1JTG.A.B_A	1JTG.A.B_B	FB142A,EA79A,YA80A	1.505004
1JTG.A.B_A	1JTG.A.B_B	FB142A,KA208A	3.395148
1JTG.A.B_A	1JTG.A.B_B	FB142A,RA217A	3.395148
1JTG.A.B_A	1JTG.A.B_B	FB142A,SA105A	2.843151
1JTG.A.B_A	1JTG.A.B_B	FB142A,YA80A	0.694366
1JTG.A.B_A	1JTG.A.B_B	FB142A,YB143A	2.843151
1JTG.A.B_A	1JTG.A.B_B	FB142A,YB143A,EA79A	2.891281
1JTG.A.B_A	1JTG.A.B_B	FB142A,YB143A,EA79A,YA80A	2.843151
1JTG.A.B_A	1JTG.A.B_B	FB142A,YB143A,KA208A	4.681933
1JTG.A.B_A	1JTG.A.B_B	FB142A,YB143A,RA217A	4.542801
1JTG.A.B_A	1JTG.A.B_B	FB142A,YB143A,SA105A	4.158278
1JTG.A.B_A	1JTG.A.B_B	FB142A,YB143A,YA80A	2.986904
1JTG.A.B_A	1JTG.A.B_B	GA212S,DB49A	2.635217
1JTG.A.B_A	1JTG.A.B_B	GA212S,FB142A	3.681857
1JTG.A.B_A	1JTG.A.B_B	KA208A,DB49A	1.554021
1JTG.A.B_A	1JTG.A.B_B	KA208A,SA105A	1.979599
1JTG.A.B_A	1JTG.A.B_B	KA208A,SA105A,DB49A	1.318194
1JTG.A.B_A	1JTG.A.B_B	KA208A,SA105A,RA217A	2.509422
1JTG.A.B_A	1JTG.A.B_B	KA208A,SA105A,RA217A,DB49A	1.490970
1JTG.A.B_A	1JTG.A.B_B	KA208A,SA209A,SA105A,RA217A	2.788504
1JTG.A.B_A	1JTG.A.B_B	KA208A,SA209A,SA105A,RA217A,DB49A	1.726972
1JTG.A.B_A	1JTG.A.B_B	KB74A,EA79A	1.576849
1JTG.A.B_A	1JTG.A.B_B	KB74A,EA79A,YA80A	1.386116
1JTG.A.B_A	1JTG.A.B_B	KB74A,FB142A	4.852370
1JTG.A.B_A	1JTG.A.B_B	KB74A,FB142A,EA79A	3.130240
1JTG.A.B_A	1JTG.A.B_B	KB74A,FB142A,EA79A,YA80A	3.130240
1JTG.A.B_A	1JTG.A.B_B	KB74A,FB142A,KA208A	5.830841
1JTG.A.B_A	1JTG.A.B_B	KB74A,FB142A,RA217A	5.496316
1JTG.A.B_A	1JTG.A.B_B	KB74A,FB142A,SA105A	5.161859
1JTG.A.B_A	1JTG.A.B_B	KB74A,FB142A,YA80A	4.779135
1JTG.A.B_A	1JTG.A.B_B	KB74A,FB142A,YB143A	3.895401
1JTG.A.B_A	1JTG.A.B_B	KB74A,FB142A,YB143A,EA79A	2.388983
1JTG.A.B_A	1JTG.A.B_B	KB74A,FB142A,YB143A,EA79A,YA80A	2.412727
1JTG.A.B_A	1JTG.A.B_B	KB74A,FB142A,YB143A,KA208A	5.472615
1JTG.A.B_A	1JTG.A.B_B	KB74A,FB142A,YB143A,RA217A	5.257837
1JTG.A.B_A	1JTG.A.B_B	KB74A,FB142A,YB143A,SA105A	5.066775
1JTG.A.B_A	1JTG.A.B_B	KB74A,FB142A,YB143A,YA80A	4.229416
1JTG.A.B_A	1JTG.A.B_B	KB74A,KA208A	6.548087
1JTG.A.B_A	1JTG.A.B_B	KB74A,RA217A	6.620269
1JTG.A.B_A	1JTG.A.B_B	KB74A,SA105A	3.178630
1JTG.A.B_A	1JTG.A.B_B	KB74A,YA80A	3.322336
1JTG.A.B_A	1JTG.A.B_B	KB74A,YB143A	3.058644
1JTG.A.B_A	1JTG.A.B_B	KB74A,YB143A,EA79A	1.050668
1JTG.A.B_A	1JTG.A.B_B	KB74A,YB143A,EA79A,YA80A	1.767957
1JTG.A.B_A	1JTG.A.B_B	KB74A,YB143A,KA208A	4.876004
1JTG.A.B_A	1JTG.A.B_B	KB74A,YB143A,RA217A	4.373137
1JTG.A.B_A	1JTG.A.B_B	KB74A,YB143A,SA105A	3.728418
1JTG.A.B_A	1JTG.A.B_B	KB74A,YB143A,YA80A	3.395148
1JTG.A.B_A	1JTG.A.B_B	MA104A,FB36A	3.631322
1JTG.A.B_A	1JTG.A.B_B	MA104A,SB113A,SB71A	1.672743
1JTG.A.B_A	1JTG.A.B_B	MA104A,YB50A	0.358089
1JTG.A.B_A	1JTG.A.B_B	MA104A,YB53A	3.609275
1JTG.A.B_A	1JTG.A.B_B	NA75A,DB49A	1.576849
1JTG.A.B_A	1JTG.A.B_B	NA75A,FB142A	2.293604
1JTG.A.B_A	1JTG.A.B_B	NA75A,HB148A	2.102992
1JTG.A.B_A	1JTG.A.B_B	NA75A,KB74A	3.511833
1JTG.A.B_A	1JTG.A.B_B	NA75A,RB160A	1.576849
1JTG.A.B_A	1JTG.A.B_B	NA75A,WB112A	2.795218
1JTG.A.B_A	1JTG.A.B_B	NA75A,WB150A	4.349468
1JTG.A.B_A	1JTG.A.B_B	NA75A,WB162A	2.102992
1JTG.A.B_A	1JTG.A.B_B	PA82A,HB41A	2.652946
1JTG.A.B_A	1JTG.A.B_B	PA82A,YB50A	-0.647161
1JTG.A.B_A	1JTG.A.B_B	PA82A,YB53A	2.388983
1JTG.A.B_A	1JTG.A.B_B	QA74A,DB49A	2.198384
1JTG.A.B_A	1JTG.A.B_B	QA74A,FB142A	2.819137
1JTG.A.B_A	1JTG.A.B_B	QA74A,HB148A	3.201420
1JTG.A.B_A	1JTG.A.B_B	QA74A,KB74A	4.109652
1JTG.A.B_A	1JTG.A.B_B	QA74A,RB160A	3.750947
1JTG.A.B_A	1JTG.A.B_B	QA74A,WB112A	3.537737
1JTG.A.B_A	1JTG.A.B_B	QA74A,WB150A	3.823668
1JTG.A.B_A	1JTG.A.B_B	QA74A,WB162A	2.891281
1JTG.A.B_A	1JTG.A.B_B	RA217A,DB49A	1.111682
1JTG.A.B_A	1JTG.A.B_B	RA217A,KA208A	2.730075
1JTG.A.B_A	1JTG.A.B_B	RA217A,KA208A,DB49A	1.904421
1JTG.A.B_A	1JTG.A.B_B	RA217A,SA105A	1.849695
1JTG.A.B_A	1JTG.A.B_B	RA217A,SA105A,DB49A	1.254939
1JTG.A.B_A	1JTG.A.B_B	RA217A,SA209A	0.739594
1JTG.A.B_A	1JTG.A.B_B	RA217A,SA209A,DB49A	0.408048
1JTG.A.B_A	1JTG.A.B_B	RA217A,SA209A,KA208A	2.716957
1JTG.A.B_A	1JTG.A.B_B	RA217A,SA209A,KA208A,DB49A	2.032426
1JTG.A.B_A	1JTG.A.B_B	RA217A,SA209A,SA105A	1.688109
1JTG.A.B_A	1JTG.A.B_B	RA217A,SA209A,SA105A,DB49A	0.894266
1JTG.A.B_A	1JTG.A.B_B	SA105A,DB49A	1.384632
1JTG.A.B_A	1JTG.A.B_B	SA209A,DB49A	1.641106
1JTG.A.B_A	1JTG.A.B_B	SA209A,KA208A	2.093723
1JTG.A.B_A	1JTG.A.B_B	SA209A,KA208A,DB49A	1.534826
1JTG.A.B_A	1JTG.A.B_B	SA209A,SA105A	1.152734
1JTG.A.B_A	1JTG.A.B_B	SA209A,SA105A,DB49A	1.094157
1JTG.A.B_A	1JTG.A.B_B	SA209A,SA105A,KA208A	1.849695
1JTG.A.B_A	1JTG.A.B_B	SA209A,SA105A,KA208A,DB49A	0.609256
1JTG.A.B_A	1JTG.A.B_B	SB71A,SB113A	0.456068
1JTG.A.B_A	1JTG.A.B_B	TB140K,QB157K	-0.396606
1JTG.A.B_A	1JTG.A.B_B	VA190A,FB142A	2.198384
1JTG.A.B_A	1JTG.A.B_B	VA190A,YB50A	-0.885531
1JTG.A.B_A	1JTG.A.B_B	VA78A,FB142A	4.516677
1JTG.A.B_A	1JTG.A.B_B	VA78A,RB160A	4.349468
1JTG.A.B_A	1JTG.A.B_B	VA78A,WB162A	4.229416
1JTG.A.B_A	1JTG.A.B_B	VB165K,DB163K,DB135K,NB89K	-3.360556
1JTG.A.B_A	1JTG.A.B_B	VB165K,DB163K,NB89K	-2.393421
1JTG.A.B_A	1JTG.A.B_B	YB143A,EA79A	1.864555
1JTG.A.B_A	1JTG.A.B_B	YB143A,EA79A,YA80A	2.054678
1JTG.A.B_A	1JTG.A.B_B	YB143A,KA208A	2.556661
1JTG.A.B_A	1JTG.A.B_B	YB143A,RA217A	2.269850
1JTG.A.B_A	1JTG.A.B_B	YB143A,SA105A	1.791966
1JTG.A.B_A	1JTG.A.B_B	YB143A,YA80A	1.075443
1K8R.A.B_A	1K8R.A.B_B	DA30K,EA31K	0.409665
1KNE.A.P_A	1KNE.A.P_P	AA3F,TB2F	0.803626
1KNE.A.P_A	1KNE.A.P_P	AA3F,TB2I	0.589743
1KNE.A.P_A	1KNE.A.P_P	AA3F,TB2K	-0.035917
1KNE.A.P_A	1KNE.A.P_P	AA3F,TB2L	0.392970
1KNE.A.P_A	1KNE.A.P_P	AA3K,TB2F	1.469277
1KNE.A.P_A	1KNE.A.P_P	AA3K,TB2I	1.398035
1KNE.A.P_A	1KNE.A.P_P	AA3K,TB2K	1.599725
1KNE.A.P_A	1KNE.A.P_P	AA3K,TB2L	1.834454
1KNE.A.P_A	1KNE.A.P_P	AA3L,TB2F	0.251723
1KNE.A.P_A	1KNE.A.P_P	AA3L,TB2I	0.065896
1KNE.A.P_A	1KNE.A.P_P	AA3L,TB2K	-0.158934
1KNE.A.P_A	1KNE.A.P_P	AA3L,TB2L	0.251723
1KNE.A.P_A	1KNE.A.P_P	AA3T,TB2F	0.785396
1KNE.A.P_A	1KNE.A.P_P	AA3T,TB2I	0.602485
1KNE.A.P_A	1KNE.A.P_P	AA3T,TB2K	-0.314372
1KNE.A.P_A	1KNE.A.P_P	AA3T,TB2L	0.563408
1KNE.A.P_A	1KNE.A.P_P	DA40F,TB2F	-0.158934
1KNE.A.P_A	1KNE.A.P_P	DA40F,TB2I	0.204301
1KNE.A.P_A	1KNE.A.P_P	DA40F,TB2K	-0.206355
1KNE.A.P_A	1KNE.A.P_P	DA40F,TB2L	0.295628
1KNE.A.P_A	1KNE.A.P_P	DA40I,TB2F	1.095395
1KNE.A.P_A	1KNE.A.P_P	DA40I,TB2I	0.614958
1KNE.A.P_A	1KNE.A.P_P	DA40I,TB2K	0.589743
1KNE.A.P_A	1KNE.A.P_P	DA40I,TB2L	0.576722
1KNE.A.P_A	1KNE.A.P_P	DA40K,TB2F	-0.035917
1KNE.A.P_A	1KNE.A.P_P	DA40K,TB2I	0.000000
1KNE.A.P_A	1KNE.A.P_P	DA40K,TB2K	0.336503
1KNE.A.P_A	1KNE.A.P_P	DA40K,TB2L	-0.314372
1KNE.A.P_A	1KNE.A.P_P	DA40T,TB2F	1.240618
1KNE.A.P_A	1KNE.A.P_P	DA40T,TB2I	0.887209
1KNE.A.P_A	1KNE.A.P_P	DA40T,TB2K	0.727075
1KNE.A.P_A	1KNE.A.P_P	DA40T,TB2L	0.251723
1KNE.A.P_A	1KNE.A.P_P	KA24A,AA3K	-0.257905
1LFD.A.B_A	1LFD.A.B_B	DA38A,DB33A	0.200323
1LFD.A.B_A	1LFD.A.B_B	DA38K,DA43K,EA44K	-1.380128
1LFD.A.B_A	1LFD.A.B_B	DA45K,DA81K	-0.652660
1LFD.A.B_A	1LFD.A.B_B	HA40A,DB33A	2.201554
1LFD.A.B_A	1LFD.A.B_B	HA40A,SB39A	0.501125
1LFD.A.B_A	1LFD.A.B_B	HA40A,VB29A	1.919625
1LFD.A.B_A	1LFD.A.B_B	KA19A,QB25A	2.501266
1LFD.A.B_A	1LFD.A.B_B	KA35A,EB63A	0.285754
1LFD.A.B_A	1LFD.A.B_B	KA35A,SB39A	-0.099673
1LFD.A.B_A	1LFD.A.B_B	KA39A,DB38A	5.862424
1LFD.A.B_A	1LFD.A.B_B	MA17K,DA38K,DA45K	-1.880966
1LFD.A.B_A	1LFD.A.B_B	MA17K,DA38K,DA45K,DA81K	-1.329266
1LFD.A.B_A	1LFD.A.B_B	MA17K,DA45K	-0.625631
1LFD.A.B_A	1LFD.A.B_B	MA17K,DA81K	-0.654009
1LFD.A.B_A	1LFD.A.B_B	NA14A,EB37A	1.919625
1LFD.A.B_A	1LFD.A.B_B	NA14A,RB41A	1.519205
1LFD.A.B_A	1LFD.A.B_B	NA16A,QB25A	0.301782
1LFD.A.B_A	1LFD.A.B_B	NA16A,RB41A	1.083467
1LFD.A.B_A	1LFD.A.B_B	NA16A,SB39A	0.000000
1LFD.A.B_A	1LFD.A.B_B	NA16A,YB40F	2.301167
1LFD.A.B_A	1LFD.A.B_B	RA7A,EB37A	2.016676
1LFD.A.B_A	1LFD.A.B_B	SA20A,DB38A	3.169999
1LFD.A.B_A	1LFD.A.B_B	SA20A,EB37A	2.208296
1LFD.A.B_A	1LFD.A.B_B	SA20A,YB40F	1.799184
1LFD.A.B_A	1LFD.A.B_B	YA18A,DB38A	4.708083
1LFD.A.B_A	1LFD.A.B_B	YA18A,EB37A	3.458532
1LFD.A.B_A	1LFD.A.B_B	YA18A,SB39A	3.938493
1LFD.A.B_A	1LFD.A.B_B	YA18F,EB37A	1.247076
1LFD.A.B_A	1LFD.A.B_B	YA18F,RB41A	1.799184
1LFD.A.B_A	1LFD.A.B_B	YA18F,SB39A	0.800814
1LFD.A.B_A	1LFD.A.B_B	YA18F,YB40F	2.601687
1MAH.A.F_A	1MAH.A.F_F	YA121Q,WA276R	8.959454
1MAH.A.F_A	1MAH.A.F_F	YA69N,WA276R	10.734282
1MAH.A.F_A	1MAH.A.F_F	YA69N,YA121Q	6.132774
1MAH.A.F_A	1MAH.A.F_F	YA69N,YA121Q,WA276R	10.926110
1MHP.HL.A_HL	1MHP.HL.A_A	KA64E,SA246Q	-0.857230
1MHP.HL.A_HL	1MHP.HL.A_A	KA64E,SA246Q,NA270Y	-1.019616
1MHP.HL.A_HL	1MHP.HL.A_A	LA60D,KA64E	-0.141864
1MHP.HL.A_HL	1MHP.HL.A_A	LA60D,KA64Q	0.043009
1MHP.HL.A_HL	1MHP.HL.A_A	NA248Y,SA309I	0.434563
1MHP.HL.A_HL	1MHP.HL.A_A	SA309R,NA248E	2.728342
1MHP.HL.A_HL	1MHP.HL.A_A	SA35A,GA102S	1.573389
1MHP.HL.A_HL	1MHP.HL.A_A	SA35V,GA102S	1.426313
1MHP.HL.A_HL	1MHP.HL.A_A	TA33E,GA53Q	1.668203
1MHP.HL.A_HL	1MHP.HL.A_A	TA33I,SA52T,GA53N,GA54N	1.908422
1MHP.HL.A_HL	1MHP.HL.A_A	TA33I,SA52T,GA53Q,GA54F	1.255875
1MHP.HL.A_HL	1MHP.HL.A_A	TA50V,GA102S	1.668203
1MHP.HL.A_HL	1MHP.HL.A_A	TA50V,KA64E	-0.180601
1MHP.HL.A_HL	1MHP.HL.A_A	TA50V,KA64E,SA246Q,NA270E	-1.267886
1MHP.HL.A_HL	1MHP.HL.A_A	TA50V,KA64E,SA246Q,NA270Y	-1.084981
1MHP.HL.A_HL	1MHP.HL.A_A	TA50V,SA246Q	-0.694995
1MHP.HL.A_HL	1MHP.HL.A_A	TA50V,SA246Q,NA270Y	-1.059416
1MHP.HL.A_HL	1MHP.HL.A_A	TA50V,SA35A	2.076770
1MHP.HL.A_HL	1MHP.HL.A_A	TA50V,SA35V	2.728342
1MHP.HL.A_HL	1MHP.HL.A_A	WA308Q,FA251Y	0.871409
1MLC.AB.E_AB	1MLC.AB.E_E	NA32G,NA92A	-0.686961
1MLC.AB.E_AB	1MLC.AB.E_E	NA32G,NA92A,SA271V,TA272D	-1.735751
1MLC.AB.E_AB	1MLC.AB.E_E	NA92A,SA271V,TA272D	-2.395260
1MLC.AB.E_AB	1MLC.AB.E_E	NA92A,TA242D,SA271V,TA272D	-2.329972
1MLC.AB.E_AB	1MLC.AB.E_E	NA92A,TA242D,SA271V,TA272D,EA249S	1.907029
1MLC.AB.E_AB	1MLC.AB.E_E	NA92A,TA242D,SA271V,TA272D,EA249S,GA313D	-2.955247
1MLC.AB.E_AB	1MLC.AB.E_E	NA92A,TA242D,SA271V,TA272D,GA313D	-0.203668
1MLC.AB.E_AB	1MLC.AB.E_E	NA92A,TA242D,SA271V,TA272D,NA32L	-2.585465
1MLC.AB.E_AB	1MLC.AB.E_E	NA92A,TA242D,SA271V,TA272D,RA312M,DA314Q	-0.410656
1MLC.AB.E_AB	1MLC.AB.E_E	NA92A,TA242D,SA271V,TA272D,SA244G	-2.359523
1MLC.AB.E_AB	1MLC.AB.E_E	NA92A,TA242D,SA271V,TA272D,SA91N	1.850563
1MLC.AB.E_AB	1MLC.AB.E_E	NA92A,TA242D,SA271V,TA272D,SA91N,SA93A	-1.611161
1MLC.AB.E_AB	1MLC.AB.E_E	NA92A,TA242D,SA271V,TA272D,YA246R,RA312S	1.850563
1MLC.AB.E_AB	1MLC.AB.E_E	NA92A,TA242D,SA271V,TA272D,YA246W,RA312V,DA314Q	0.361549
1MLC.AB.E_AB	1MLC.AB.E_E	NA92A,TA242D,SA271V,TA272D,YA273E	-1.466826
1MLC.AB.E_AB	1MLC.AB.E_E	SA271V,TA272D	-0.988171
1MQ8.A.B_A	1MQ8.A.B_B	CB170F,TB171C	0.676638
1MQ8.A.B_A	1MQ8.A.B_B	CB32L,CB170F	3.681857
1MQ8.A.B_A	1MQ8.A.B_B	CB32L,CB170F,EB155C,EB172C	-1.256154
1MQ8.A.B_A	1MQ8.A.B_B	CB32L,CB170F,KB158C,KB165C	-1.774828
1MQ8.A.B_A	1MQ8.A.B_B	CB32L,CB170F,KB31C,TB171C	2.968561
1MQ8.A.B_A	1MQ8.A.B_B	CB32L,CB170F,LB160C,KB165C	3.720093
1MQ8.A.B_A	1MQ8.A.B_B	CB32L,KB31C	0.610000
1N8Z.AB.C_AB	1N8Z.AB.C_C	NA30S,HA91F,YA92W	-0.071900
1N8Z.AB.C_AB	1N8Z.AB.C_C	NA30S,HA91F,YA92W,TA94S,DA316W,YA319F,YA323V	0.048722
1OHZ.A.B_A	1OHZ.A.B_B	SB11A,TB12A	0.079703
1OHZ.A.B_A	1OHZ.A.B_B	SB11A,TB12A,SB45A,TB46A	0.000000
1OHZ.A.B_A	1OHZ.A.B_B	SB11L,TB12L,SB45Q	3.006797
1OHZ.A.B_A	1OHZ.A.B_B	SB11Q,SB45Q	2.185484
1OHZ.A.B_A	1OHZ.A.B_B	SB45A,TB46A	0.079703
1PPF.E.I_E	1PPF.E.I_I	AB15D,GB32A	1.159019
1PPF.E.I_E	1PPF.E.I_I	AB15D,LB18A,YB20D	8.737915
1PPF.E.I_E	1PPF.E.I_I	AB15G,LB18M,LB23V,KB29I,EB43K	2.279642
1PPF.E.I_E	1PPF.E.I_I	AB15R,LB18R	7.327797
1PPF.E.I_E	1PPF.E.I_I	AB15T,LB18M	-1.492771
1PPF.E.I_E	1PPF.E.I_I	AB15V,TB17S	1.765727
1PPF.E.I_E	1PPF.E.I_I	AB15V,TB17S,LB18P,RB21M,NB28S,GB32N,NB36D,NB39S,SB51G	7.373743
1PPF.E.I_E	1PPF.E.I_I	AB15V,TB17S,RB21M,NB28S,KB29Q,GB32S,KB34E,EB43D	1.942096
1PPF.E.I_E	1PPF.E.I_I	DB7N,EB10D,AB15V,TB17S,EB19L,RB21M,VB42A,EB43D	1.402633
1PPF.E.I_E	1PPF.E.I_I	DB7N,EB10G,LB18M,RB21M,EB43D,KB55E	0.038462
1PPF.E.I_E	1PPF.E.I_I	EB10D,AB15V,EB19D,RB21M,GB32S,EB43D,LB48I,KB55R	2.486315
1PPF.E.I_E	1PPF.E.I_I	EB10D,AB15V,EB19D,RB21M,KB29T,GB32S,EB43D,LB48I	1.917059
1PPF.E.I_E	1PPF.E.I_I	EB10D,AB15V,TB17P,EB19D,RB21M,NB28S,GB32S,NB45S,SB51R	3.332899
1PPF.E.I_E	1PPF.E.I_I	EB10D,AB15V,TB17S,EB19D,RB21M,KB29T,GB32N,NB36I,EB43D,LB48I	4.598098
1PPF.E.I_E	1PPF.E.I_I	EB10D,AB15V,TB17S,RB21M,NB28S,GB32N,NB36D,SB51G	1.014561
1PPF.E.I_E	1PPF.E.I_I	EB10D,AB15V,TB17S,RB21M,NB28S,GB32S,EB43D	2.087497
1PPF.E.I_E	1PPF.E.I_I	EB10D,AB15V,TB17S,RB21M,NB28S,GB32S,NB36D,EB43D	-0.029629
1PPF.E.I_E	1PPF.E.I_I	EB10D,AB15V,TB17S,RB21M,NB28S,GB32S,VB42A,EB43D	1.613946
1PPF.E.I_E	1PPF.E.I_I	EB10D,AB15V,TB17S,RB21M,VB42A,EB43D	1.226526
1PPF.E.I_E	1PPF.E.I_I	EB10D,AB15V,TB17S,YB20D,RB21M,NB28S,GB32S,EB43D	7.481286
1PPF.E.I_E	1PPF.E.I_I	EB10D,AB15V,YB20D,RB21M,KB29I,GB32H,NB36Y,VB42A,EB43H,LB50F	4.923678
1PPF.E.I_E	1PPF.E.I_I	EB10D,AB15V,YB20E,RB21M,EB43D	6.527772
1PPF.E.I_E	1PPF.E.I_I	EB10D,KB13M,LB18M,LB23V	1.627997
1PPF.E.I_E	1PPF.E.I_I	EB10D,KB13R,AB15D,RB21M,EB43D	0.129305
1PPF.E.I_E	1PPF.E.I_I	EB10D,KB13R,AB15V,EB19D,RB21M,GB32S,EB43D,LB48I,KB55R	2.327005
1PPF.E.I_E	1PPF.E.I_I	EB10D,LB18F,RB21M,EB43D	4.553364
1PPF.E.I_E	1PPF.E.I_I	EB10D,LB18M,RB21M,EB43D	0.831165
1PPF.E.I_E	1PPF.E.I_I	EB10D,LB18V,RB21M,EB43D	0.038462
1PPF.E.I_E	1PPF.E.I_I	EB10D,LB18V,RB21M,GB32D,EB43D	1.402633
1PPF.E.I_E	1PPF.E.I_I	EB10D,RB21M,EB43D	-0.759615
1PPF.E.I_E	1PPF.E.I_I	EB10D,RB21M,KB29Q,GB32S,NB36S,EB43D	-0.448700
1PPF.E.I_E	1PPF.E.I_I	EB10D,RB21M,LB23F,NB28S,GB32S,EB43D	0.460850
1PPF.E.I_E	1PPF.E.I_I	EB10D,TB17L,RB21M,GB32D,NB36S,EB43D,TB49S	4.372321
1PPF.E.I_E	1PPF.E.I_I	EB10D,TB17R,LB18M,RB21M,EB43D	4.620742
1PPF.E.I_E	1PPF.E.I_I	EB10D,TB17S,EB19D,RB21M,NB28S,GB32S,EB43D,GB54E	3.281230
1PPF.E.I_E	1PPF.E.I_I	EB10D,YB11H,AB15V,TB17S,RB21M,NB28S,GB32S,NB36D	0.295370
1PPF.E.I_E	1PPF.E.I_I	EB10G,KB13Q,PB14S,TB17P,LB18Q,EB19D,RB21V,LB23F,GB32S,VB42A,EB43D	6.034609
1PPF.E.I_E	1PPF.E.I_I	EB10G,KB13Q,TB17S,RB21V,LB23F,GB32S,NB36D,VB42A,EB43D	0.505585
1PPF.E.I_E	1PPF.E.I_I	EB10G,LB18M,RB21M,EB43D,KB55E	-0.010938
1PPF.E.I_E	1PPF.E.I_I	EB10G,LB18M,YB20S,LB23I,KB29T,GB32S,HB52Y,FB53P,KB55V	5.622589
1PPF.E.I_E	1PPF.E.I_I	KB13S,PB14D,AB15Y	-0.124977
1PPF.E.I_E	1PPF.E.I_I	KB13S,PB14D,AB15Y,LB18G,EB19I,RB21K	4.031303
1PPF.E.I_E	1PPF.E.I_I	KB13T,PB14E,AB15Y	-0.755991
1PPF.E.I_E	1PPF.E.I_I	KB13T,PB14E,AB15Y,LB18G,RB21M,GB32P,NB36V	1.769350
1PPF.E.I_E	1PPF.E.I_I	LB18I,GB32D	2.523190
1PPF.E.I_E	1PPF.E.I_I	LB18M,GB32D	3.985940
1PPF.E.I_E	1PPF.E.I_I	LB18M,HB52R	1.481744
1PPF.E.I_E	1PPF.E.I_I	LB18M,LB23V,KB29I,EB43K	1.392388
1PPF.E.I_E	1PPF.E.I_I	LB18M,NB36D,SB51N	-0.858586
1PPF.E.I_E	1PPF.E.I_I	LB18M,SB51N	1.257598
1PPF.E.I_E	1PPF.E.I_I	LB18M,TB30S,GB32D	4.176571
1PPF.E.I_E	1PPF.E.I_I	LB18M,YB20Q	5.839608
1PPF.E.I_E	1PPF.E.I_I	RB21M,KB29Q,GB32S,EB43D	0.071384
1PPF.E.I_E	1PPF.E.I_I	RB21V,LB23I	-0.293084
1PPF.E.I_E	1PPF.E.I_I	VB6I,EB10D,AB15V,TB17S,RB21M,NB28S,GB32S,EB43D,TB49I	1.968727
1PPF.E.I_E	1PPF.E.I_I	YB11H,EB19D,LB23I,NB28S,GB32S,NB36D,VB42M,EB43D	0.329478
1QAB.ABCD.E_ABCD	1QAB.ABCD.E_E	DA99A,DA214A,DA332A,DA446A	1.705787
1QAB.ABCD.E_ABCD	1QAB.ABCD.E_E	LA55P,LA170P,LA288P,LA402P	0.375796
1QAB.ABCD.E_ABCD	1QAB.ABCD.E_E	LA58H,LA173H,LA291H,LA405H	-0.071900
1QAB.ABCD.E_ABCD	1QAB.ABCD.E_E	SA100E,SA215E,SA333E,SA447E	1.664436
1QAB.ABCD.E_ABCD	1QAB.ABCD.E_E	SA85A,SA200A,SA318A,SA432A	0.915053
1QAB.ABCD.E_ABCD	1QAB.ABCD.E_E	TA60A,TA175A,TA293A,TA407A	0.121957
1QAB.ABCD.E_ABCD	1QAB.ABCD.E_E	VA30M,VA145M,VA263M,VA377M	-0.275079
1QAB.ABCD.E_ABCD	1QAB.ABCD.E_E	YA114F,YA229F,YA347F,YA461F	-0.393967
1QAB.ABCD.E_ABCD	1QAB.ABCD.E_E	YA114H,YA229H,YA347H,YA461H	0.689111
1R0R.E.I_E	1R0R.E.I_I	AB10D,GB27A	5.903495
1R0R.E.I_E	1R0R.E.I_I	AB10D,GB27A,NB28S	5.834188
1R0R.E.I_E	1R0R.E.I_I	AB10D,LB13A	5.530482
1R0R.E.I_E	1R0R.E.I_I	AB10D,LB13A,YB15D	8.944813
1R0R.E.I_E	1R0R.E.I_I	AB10G,LB13M,LB18V,KB24I,EB38K	1.036142
1R0R.E.I_E	1R0R.E.I_I	AB10R,LB13R	7.738048
1R0R.E.I_E	1R0R.E.I_I	AB10R,TB12K,LB13R	9.300916
1R0R.E.I_E	1R0R.E.I_I	AB10T,LB13M	0.258734
1R0R.E.I_E	1R0R.E.I_I	AB10V,TB12S	0.094771
1R0R.E.I_E	1R0R.E.I_I	AB10V,TB12S,LB13P,RB16M,NB23S,GB27N,NB31D,NB34S,SB46G	9.231593
1R0R.E.I_E	1R0R.E.I_I	AB10V,TB12S,RB16M,NB23S,KB24Q,GB27S,KB29E,EB38D	1.401272
1R0R.E.I_E	1R0R.E.I_I	DB2N,EB5D,AB10V,TB12S,EB14L,RB16M,VB37A,EB38D	-0.917360
1R0R.E.I_E	1R0R.E.I_I	DB2N,EB5G,LB13M,RB16M,EB38D,KB50E	-1.049562
1R0R.E.I_E	1R0R.E.I_I	EB5D,AB10V,EB14D,RB16M,GB27S,EB38D,LB43I,KB50R	-0.240219
1R0R.E.I_E	1R0R.E.I_I	EB5D,AB10V,EB14D,RB16M,KB24T,GB27S,EB38D,LB43I	-0.179917
1R0R.E.I_E	1R0R.E.I_I	EB5D,AB10V,TB12P,EB14D,RB16M,NB23S,GB27S,NB40S,SB46R	4.940424
1R0R.E.I_E	1R0R.E.I_I	EB5D,AB10V,TB12S,EB14D,RB16M,KB24T,GB27N,NB31I,EB38D,LB43I	1.774828
1R0R.E.I_E	1R0R.E.I_I	EB5D,AB10V,TB12S,RB16M,NB23S,GB27N,NB31D,SB46G	0.485343
1R0R.E.I_E	1R0R.E.I_I	EB5D,AB10V,TB12S,RB16M,NB23S,GB27S,EB38D	0.207066
1R0R.E.I_E	1R0R.E.I_I	EB5D,AB10V,TB12S,RB16M,NB23S,GB27S,NB31D,EB38D	0.115028
1R0R.E.I_E	1R0R.E.I_I	EB5D,AB10V,TB12S,RB16M,NB23S,GB27S,NB31D,EB38D,TB44N	0.073797
1R0R.E.I_E	1R0R.E.I_I	EB5D,AB10V,TB12S,RB16M,NB23S,GB27S,NB31D,VB36F,EB38D,TB44S	0.037101
1R0R.E.I_E	1R0R.E.I_I	EB5D,AB10V,TB12S,RB16M,NB23S,GB27S,VB37A,EB38D	-0.050452
1R0R.E.I_E	1R0R.E.I_I	EB5D,AB10V,TB12S,RB16M,VB37A,EB38D	-1.157105
1R0R.E.I_E	1R0R.E.I_I	EB5D,AB10V,TB12S,YB15D,RB16M,NB23S,GB27S,EB38D	5.331494
1R0R.E.I_E	1R0R.E.I_I	EB5D,AB10V,YB15D,RB16M,KB24I,GB27H,NB31Y,VB37A,EB38H,LB45F	5.688787
1R0R.E.I_E	1R0R.E.I_I	EB5D,AB10V,YB15E,RB16M,EB38D	2.864561
1R0R.E.I_E	1R0R.E.I_I	EB5D,KB8M,LB13M,LB18V	-1.755011
1R0R.E.I_E	1R0R.E.I_I	EB5D,KB8Q,AB10V,TB12M,LB13G,EB14D,RB16M,NB23S,GB27S,EB38D,SB46N	3.105846
1R0R.E.I_E	1R0R.E.I_I	EB5D,KB8R,AB10D,RB16M,EB38D	5.771293
1R0R.E.I_E	1R0R.E.I_I	EB5D,KB8R,AB10V,EB14D,RB16M,GB27S,EB38D,LB43I,KB50R	-0.410656
1R0R.E.I_E	1R0R.E.I_I	EB5D,LB13F,RB16M,EB38D	1.135922
1R0R.E.I_E	1R0R.E.I_I	EB5D,LB13M,RB16M,EB38D	-0.240219
1R0R.E.I_E	1R0R.E.I_I	EB5D,LB13M,RB16M,GB27D,EB38D	2.032910
1R0R.E.I_E	1R0R.E.I_I	EB5D,LB13V,RB16M,EB38D	2.382520
1R0R.E.I_E	1R0R.E.I_I	EB5D,LB13V,RB16M,GB27D,EB38D	4.662163
1R0R.E.I_E	1R0R.E.I_I	EB5D,RB16M,EB38D	0.410656
1R0R.E.I_E	1R0R.E.I_I	EB5D,RB16M,KB24Q,GB27S,NB31S,EB38D	0.668739
1R0R.E.I_E	1R0R.E.I_I	EB5D,RB16M,KB29R,EB38D	-0.081997
1R0R.E.I_E	1R0R.E.I_I	EB5D,RB16M,LB18F,NB23S,GB27S,EB38D	1.298157
1R0R.E.I_E	1R0R.E.I_I	EB5D,TB12L,RB16M,GB27D,NB31S,EB38D,TB44S	3.818075
1R0R.E.I_E	1R0R.E.I_I	EB5D,TB12R,LB13M,RB16M,EB38D	3.397081
1R0R.E.I_E	1R0R.E.I_I	EB5D,TB12S,EB14D,RB16M,NB23S,GB27S,EB38D,GB49E	1.298157
1R0R.E.I_E	1R0R.E.I_I	EB5D,YB6H,AB10V,TB12S,RB16M,NB23S,GB27S,NB31D	0.344642
1R0R.E.I_E	1R0R.E.I_I	EB5G,KB8Q,PB9S,TB12P,LB13Q,EB14D,RB16V,LB18F,GB27S,VB37A,EB38D	3.571417
1R0R.E.I_E	1R0R.E.I_I	EB5G,KB8Q,TB12S,RB16V,LB18F,GB27S,NB31D,VB37A,EB38D	0.000000
1R0R.E.I_E	1R0R.E.I_I	EB5G,LB13M,RB16M,EB38D	-0.240219
1R0R.E.I_E	1R0R.E.I_I	EB5G,LB13M,RB16M,EB38D,KB50E	-0.695432
1R0R.E.I_E	1R0R.E.I_I	EB5G,LB13M,YB15S,LB18I,KB24T,GB27S,HB47Y,FB48P,KB50V	3.345354
1R0R.E.I_E	1R0R.E.I_I	KB8S,PB9D,AB10Y	-1.929859
1R0R.E.I_E	1R0R.E.I_I	KB8S,PB9D,AB10Y,LB13G,EB14I,RB16K	0.798483
1R0R.E.I_E	1R0R.E.I_I	KB8T,PB9E,AB10Y	-0.872752
1R0R.E.I_E	1R0R.E.I_I	KB8T,PB9E,AB10Y,LB13G,RB16M,GB27P,NB31V	2.416814
1R0R.E.I_E	1R0R.E.I_I	LB13I,GB27D	5.303459
1R0R.E.I_E	1R0R.E.I_I	LB13M,GB27D	2.393260
1R0R.E.I_E	1R0R.E.I_I	LB13M,HB47R	-0.317605
1R0R.E.I_E	1R0R.E.I_I	LB13M,HB47R,KB50E	-0.917360
1R0R.E.I_E	1R0R.E.I_I	LB13M,LB18V,KB24I,EB38K	-0.838487
1R0R.E.I_E	1R0R.E.I_I	LB13M,NB31D,SB46N	-0.307360
1R0R.E.I_E	1R0R.E.I_I	LB13M,SB46N	-0.497300
1R0R.E.I_E	1R0R.E.I_I	LB13M,SB46N,HB47R,KB50Q	-0.638906
1R0R.E.I_E	1R0R.E.I_I	LB13M,TB25S,GB27D	2.145903
1R0R.E.I_E	1R0R.E.I_I	LB13M,TB44N,KB50T	-0.838487
1R0R.E.I_E	1R0R.E.I_I	LB13M,YB15Q	3.640118
1R0R.E.I_E	1R0R.E.I_I	LB13S,RB16V,LB18I	1.889856
1R0R.E.I_E	1R0R.E.I_I	NB23S,GB27A	1.253731
1R0R.E.I_E	1R0R.E.I_I	PB9S,AB10L,TB12K,LB13R	4.892764
1R0R.E.I_E	1R0R.E.I_I	RB16M,KB24Q,GB27S,EB38D	1.111737
1R0R.E.I_E	1R0R.E.I_I	RB16V,LB18I	-0.016345
1R0R.E.I_E	1R0R.E.I_I	TB12K,LB13R	5.259515
1R0R.E.I_E	1R0R.E.I_I	TB12M,LB13S,GB27V	3.013808
1R0R.E.I_E	1R0R.E.I_I	TB12P,LB13K,EB14D,LB18V,GB27S,SB46N	7.678323
1R0R.E.I_E	1R0R.E.I_I	TB12P,LB13K,EB14D,LB18V,SB46N	7.546121
1R0R.E.I_E	1R0R.E.I_I	TB12R,LB13R	6.496128
1R0R.E.I_E	1R0R.E.I_I	VB1I,EB5D,AB10V,TB12S,RB16M,NB23S,GB27S,EB38D,TB44I	0.285466
1R0R.E.I_E	1R0R.E.I_I	YB6H,EB14D,LB18I,NB23S,GB27S,NB31D,VB37M,EB38D	0.781732
1REW.AB.C_AB	1REW.AB.C_C	AA23D,AA126D	0.000000
1REW.AB.C_AB	1REW.AB.C_C	AA23D,DA42A,AA126D,DA145A	-0.183913
1REW.AB.C_AB	1REW.AB.C_C	DA19A,AA23D,DA122A,AA126D	0.476178
1REW.AB.C_AB	1REW.AB.C_C	DA19A,DA122A	0.668091
1REW.AB.C_AB	1REW.AB.C_C	DA19A,WA20A,DA122A,WA123A	2.063082
1REW.AB.C_AB	1REW.AB.C_C	DA42A,DA145A	-0.060867
1REW.AB.C_AB	1REW.AB.C_C	DA42A,EA98R,DA145A,EA201R	0.043652
1REW.AB.C_AB	1REW.AB.C_C	DA42P,DA145P	2.355922
1REW.AB.C_AB	1REW.AB.C_C	EA98R,EA201R	0.268828
1REW.AB.C_AB	1REW.AB.C_C	FA38A,FA141A	1.364171
1REW.AB.C_AB	1REW.AB.C_C	FA38A,PA39A,FA141A,PA142A	2.883712
1REW.AB.C_AB	1REW.AB.C_C	HA28D,HA131D	0.195652
1REW.AB.C_AB	1REW.AB.C_C	HA28D,LA89A,HA131D,LA192A	0.118726
1REW.AB.C_AB	1REW.AB.C_C	HA28D,SA77A,HA131D,SA180A	0.183397
1REW.AB.C_AB	1REW.AB.C_C	KB57R,SB59T,KB61I,AB62P,QB63H,LB64Q,TB67D	0.729986
1REW.AB.C_AB	1REW.AB.C_C	KB57R,SB59T,KB61I,AB62P,QB63H,LB64Q,TB67D,AB43T,MB47L,KB48G,YB49L	0.267779
1REW.AB.C_AB	1REW.AB.C_C	KB57R,SB59T,KB61I,AB62P,QB63H,LB64Q,TB67D,AB43T,MB47L,KB48G,YB49L,GB11H,DB15E,AB30T,IB31M	1.152858
1REW.AB.C_AB	1REW.AB.C_C	LA40P,LA143P	5.307793
1REW.AB.C_AB	1REW.AB.C_C	LA89A,LA192A	0.239922
1REW.AB.C_AB	1REW.AB.C_C	PA39A,PA142A	1.294501
1REW.AB.C_AB	1REW.AB.C_C	SA58R,SA161R	1.666811
1REW.AB.C_AB	1REW.AB.C_C	SA77A,SA180A	0.203264
1REW.AB.C_AB	1REW.AB.C_C	WA17F,WA120F	0.672421
1REW.AB.C_AB	1REW.AB.C_C	WA20A,WA123A	1.087313
1REW.AB.C_AB	1REW.AB.C_C	YA92A,YA195A	1.215279
1SBB.A.B_A	1SBB.A.B_B	LB20T,VB26Y,YB91V	0.132202
1TM1.E.I_E	1TM1.E.I_I	EB41S,MB40R	3.549655
1TM1.E.I_E	1TM1.E.I_I	RB48A,RB46A	5.051923
1TM1.E.I_E	1TM1.E.I_I	TB39A,EB41A	3.390396
1TM1.E.I_E	1TM1.E.I_I	TB39D,EB41A	0.754171
1VFB.AB.C_AB	1VFB.AB.C_C	DA161A,TB118A	1.255206
1VFB.AB.C_AB	1VFB.AB.C_C	DA207A,SB24A	3.371265
1VFB.AB.C_AB	1VFB.AB.C_C	WA159A,DB119A	2.248379
1VFB.AB.C_AB	1VFB.AB.C_C	WA92A,IB124A	3.852058
1VFB.AB.C_AB	1VFB.AB.C_C	WA92A,LB129A	3.308844
1VFB.AB.C_AB	1VFB.AB.C_C	WA92A,QB121A	3.520512
1VFB.AB.C_AB	1VFB.AB.C_C	WA92A,RB125A	3.394809
1VFB.AB.C_AB	1VFB.AB.C_C	YA139A,KB116A	1.586751
1VFB.AB.C_AB	1VFB.AB.C_C	YA208F,DB119A	2.737746
1VFB.AB.C_AB	1VFB.AB.C_C	YA208F,VB120A	2.539614
1VFB.AB.C_AB	1VFB.AB.C_C	YA32A,IB124A	2.907017
1VFB.AB.C_AB	1VFB.AB.C_C	YA32A,QB121A	1.586751
1VFB.AB.C_AB	1VFB.AB.C_C	YA50A,DB119A	1.231969
1VFB.AB.C_AB	1VFB.AB.C_C	YA50A,DB18A	1.266491
1WQJ.I.B_I	1WQJ.I.B_B	RA35A,RA36A	1.028511
1Y4A.E.I_E	1Y4A.E.I_I	SB40E,RB39M	-3.549655
1YCS.A.B_A	1YCS.A.B_B	MA37L,VA107A,NA143Y,NA172D	-0.138973
1YCS.A.B_A	1YCS.A.B_B	MA37L,VA107A,NA143Y,NA172D,FA174L	-0.188669
1YCS.A.B_A	1YCS.A.B_B	MA37L,VA107A,NA143Y,NA172D,RA153S,HA72R	0.509628
1YCS.A.B_A	1YCS.A.B_B	MA37L,VA107A,NA143Y,NA172D,RA186W	0.051550
1YCS.A.B_A	1YCS.A.B_B	MA37L,VA107A,NA143Y,NA172D,VA47A	0.142877
1YQV.HL.Y_HL	1YQV.HL.Y_Y	RB68K,TB40S,IB55V,SB91T	5.191547
1YQV.HL.Y_HL	1YQV.HL.Y_Y	RB68K,TB40S,IB55V,SB91T,QB121H	0.035385
1YY9.CD.A_CD	1YY9.CD.A_A	SA26D,TA31E,NA93A	-1.333541
1YY9.CD.A_CD	1YY9.CD.A_A	SA26D,TA31E,NA93A,NA267A,TA272E	-0.652085
1YY9.CD.A_CD	1YY9.CD.A_A	TA31E,NA93A	-0.818900
1Z7X.W.X_W	1Z7X.W.X_X	QA430A,VA432A	0.939574
1Z7X.W.X_W	1Z7X.W.X_X	WA438A,SA439A,EA440A	1.972200
1Z7X.W.X_W	1Z7X.W.X_X	YA434A,DA435A	7.171211
1Z7X.W.X_W	1Z7X.W.X_X	YA434A,YA437A	7.240991
2ABZ.B.E_B	2ABZ.B.E_E	AB14C,AB38C	-0.553533
2B2X.HL.A_HL	2B2X.HL.A_A	EA64K,QA238S,YA262N	0.912023
2B2X.HL.A_HL	2B2X.HL.A_A	EA64K,QA238S,YA262N,GA102S	2.711884
2B2X.HL.A_HL	2B2X.HL.A_A	EA64K,QA238S,YA262N,SA35A	3.120451
2B2X.HL.A_HL	2B2X.HL.A_A	EA64K,QA238S,YA262N,SA35V	3.772023
2B2X.HL.A_HL	2B2X.HL.A_A	EA64K,YA262N	0.348686
2B2X.HL.A_HL	2B2X.HL.A_A	QA238S,YA262N	0.863080
2B2X.HL.A_HL	2B2X.HL.A_A	VA50T,EA64D,QA238S,YA262N	0.872162
2B2X.HL.A_HL	2B2X.HL.A_A	VA50T,EA64K,QA238S	0.992033
2B2X.HL.A_HL	2B2X.HL.A_A	VA50T,EA64K,QA238S,YA262D	1.544668
2B2X.HL.A_HL	2B2X.HL.A_A	VA50T,EA64K,QA238S,YA262E	0.954956
2B2X.HL.A_HL	2B2X.HL.A_A	VA50T,EA64K,QA238S,YA262K	1.701485
2B2X.HL.A_HL	2B2X.HL.A_A	VA50T,EA64K,QA238S,YA262N	1.043681
2B2X.HL.A_HL	2B2X.HL.A_A	VA50T,EA64K,QA238S,YA262N,FA99W	1.043681
2B2X.HL.A_HL	2B2X.HL.A_A	VA50T,EA64K,QA238S,YA262N,FA99Y	1.798688
2B2X.HL.A_HL	2B2X.HL.A_A	VA50T,EA64K,QA238S,YA262N,GA100F	1.432873
2B2X.HL.A_HL	2B2X.HL.A_A	VA50T,EA64K,QA238S,YA262N,GA100L	3.772023
2B2X.HL.A_HL	2B2X.HL.A_A	VA50T,EA64K,QA238S,YA262N,GA100M	1.145861
2B2X.HL.A_HL	2B2X.HL.A_A	VA50T,EA64K,QA238S,YA262N,GA100S	1.601678
2B2X.HL.A_HL	2B2X.HL.A_A	VA50T,EA64K,QA238S,YA262N,GA302Q	2.617070
2B2X.HL.A_HL	2B2X.HL.A_A	VA50T,EA64K,QA238S,YA262N,GA302S	1.556517
2B2X.HL.A_HL	2B2X.HL.A_A	VA50T,EA64K,QA238S,YA262N,GA53A	1.556517
2B2X.HL.A_HL	2B2X.HL.A_A	VA50T,EA64K,QA238S,YA262N,GA53N	2.299556
2B2X.HL.A_HL	2B2X.HL.A_A	VA50T,EA64K,QA238S,YA262N,GA53S	1.719577
2B2X.HL.A_HL	2B2X.HL.A_A	VA50T,EA64K,QA238S,YA262N,GA54I	2.407852
2B2X.HL.A_HL	2B2X.HL.A_A	VA50T,EA64K,QA238S,YA262N,GA54T	2.208369
2B2X.HL.A_HL	2B2X.HL.A_A	VA50T,EA64K,QA238S,YA262N,GA54Y	1.043681
2B2X.HL.A_HL	2B2X.HL.A_A	VA50T,EA64K,QA238S,YA262N,HA241K	2.208369
2B2X.HL.A_HL	2B2X.HL.A_A	VA50T,EA64K,QA238S,YA262N,HA241R	2.167982
2B2X.HL.A_HL	2B2X.HL.A_A	VA50T,EA64K,QA238S,YA262N,HA241W	2.299556
2B2X.HL.A_HL	2B2X.HL.A_A	VA50T,EA64K,QA238S,YA262N,LA259F	1.756280
2B2X.HL.A_HL	2B2X.HL.A_A	VA50T,EA64K,QA238S,YA262N,LA259K	1.905268
2B2X.HL.A_HL	2B2X.HL.A_A	VA50T,EA64K,QA238S,YA262N,LA259W	2.952103
2B2X.HL.A_HL	2B2X.HL.A_A	VA50T,EA64K,QA238S,YA262N,LA60D	0.982334
2B2X.HL.A_HL	2B2X.HL.A_A	VA50T,EA64K,QA238S,YA262N,NA240V	2.093480
2B2X.HL.A_HL	2B2X.HL.A_A	VA50T,EA64K,QA238S,YA262N,NA240W	2.617070
2B2X.HL.A_HL	2B2X.HL.A_A	VA50T,EA64K,QA238S,YA262N,NA240Y	2.952103
2B2X.HL.A_HL	2B2X.HL.A_A	VA50T,EA64K,QA238S,YA262N,NA240Y,SA301I	1.478244
2B2X.HL.A_HL	2B2X.HL.A_A	VA50T,EA64K,QA238S,YA262N,RA31Q	2.351594
2B2X.HL.A_HL	2B2X.HL.A_A	VA50T,EA64K,QA238S,YA262N,SA234R	0.828252
2B2X.HL.A_HL	2B2X.HL.A_A	VA50T,EA64K,QA238S,YA262N,SA301Q	2.818509
2B2X.HL.A_HL	2B2X.HL.A_A	VA50T,EA64K,QA238S,YA262N,SA301R	3.772023
2B2X.HL.A_HL	2B2X.HL.A_A	VA50T,EA64K,QA238S,YA262N,SA301R,NA240E	3.772023
2B2X.HL.A_HL	2B2X.HL.A_A	VA50T,EA64K,QA238S,YA262N,SA301T	3.361367
2B2X.HL.A_HL	2B2X.HL.A_A	VA50T,EA64K,QA238S,YA262N,SA35A	2.617070
2B2X.HL.A_HL	2B2X.HL.A_A	VA50T,EA64K,QA238S,YA262N,SA35A,GA102S	2.617070
2B2X.HL.A_HL	2B2X.HL.A_A	VA50T,EA64K,QA238S,YA262N,SA35Q	3.772023
2B2X.HL.A_HL	2B2X.HL.A_A	VA50T,EA64K,QA238S,YA262N,SA35V,GA102S	2.469994
2B2X.HL.A_HL	2B2X.HL.A_A	VA50T,EA64K,QA238S,YA262N,SA52M	3.120451
2B2X.HL.A_HL	2B2X.HL.A_A	VA50T,EA64K,QA238S,YA262N,TA33E,GA53Q	2.711884
2B2X.HL.A_HL	2B2X.HL.A_A	VA50T,EA64K,QA238S,YA262N,TA33I,SA52T,GA53N,GA54N	2.952103
2B2X.HL.A_HL	2B2X.HL.A_A	VA50T,EA64K,QA238S,YA262N,TA33I,SA52T,GA53Q,GA54F	2.299556
2B2X.HL.A_HL	2B2X.HL.A_A	VA50T,EA64K,QA238S,YA262N,TA33N	3.772023
2B2X.HL.A_HL	2B2X.HL.A_A	VA50T,EA64K,QA238S,YA262N,TA33V	1.478244
2B2X.HL.A_HL	2B2X.HL.A_A	VA50T,EA64K,QA238S,YA262N,WA300Q	3.120451
2B2X.HL.A_HL	2B2X.HL.A_A	VA50T,EA64K,QA238S,YA262N,WA300Q,FA243Y	1.915090
2B2X.HL.A_HL	2B2X.HL.A_A	VA50T,EA64K,QA238S,YA262N,YA58E	3.120451
2B2X.HL.A_HL	2B2X.HL.A_A	VA50T,EA64K,QA238S,YA262N,YA58Q	3.120451
2B2X.HL.A_HL	2B2X.HL.A_A	VA50T,EA64K,QA238S,YA262N,YA58W	1.864994
2B2X.HL.A_HL	2B2X.HL.A_A	VA50T,EA64K,QA238S,YA262N,YA59E	1.587932
2B2X.HL.A_HL	2B2X.HL.A_A	VA50T,EA64K,QA238S,YA262R	1.888900
2B2X.HL.A_HL	2B2X.HL.A_A	VA50T,EA64K,YA262N	0.281861
2B2X.HL.A_HL	2B2X.HL.A_A	VA50T,EA64N,QA238S,YA262N	1.007393
2B2X.HL.A_HL	2B2X.HL.A_A	VA50T,EA64Q,QA238S,YA262N	0.966032
2B2X.HL.A_HL	2B2X.HL.A_A	VA50T,EA64Q,QA238S,YA262N,LA60D	1.086690
2B2X.HL.A_HL	2B2X.HL.A_A	VA50T,QA238S,YA262N	0.966032
2B2X.HL.A_HL	2B2X.HL.A_A	VA50T,QA238S,YA262N,LA60D	0.901817
2B2X.HL.A_HL	2B2X.HL.A_A	VA50T,YA262N	0.186451
2C5D.A.C_A	2C5D.A.C_C	DB61G,GB101R	-0.561089
2C5D.A.C_A	2C5D.A.C_C	DB61G,VB66A	-1.040370
2C5D.A.C_A	2C5D.A.C_C	DB61G,VB66A,GB101R	-0.869932
2C5D.A.C_A	2C5D.A.C_C	EB33R,TB51R	6.113514
2C5D.A.C_A	2C5D.A.C_C	GB6S,DB61G	-0.529544
2C5D.A.C_A	2C5D.A.C_C	GB6S,DB61G,GB101R	-0.551904
2C5D.A.C_A	2C5D.A.C_C	GB6S,DB61G,VB66R	-1.235571
2C5D.A.C_A	2C5D.A.C_C	GB6S,DB61G,VB66R,GB101R	-1.483059
2C5D.A.C_A	2C5D.A.C_C	GB6S,GB101R	0.034860
2C5D.A.C_A	2C5D.A.C_C	GB6S,VB66A	-0.846996
2C5D.A.C_A	2C5D.A.C_C	GB6S,VB66A,GB101R	-0.796697
2C5D.A.C_A	2C5D.A.C_C	VB66A,GB101R	-0.656286
2C5D.AB.CD_AB	2C5D.AB.CD_CD	AA126V,AA507V	0.758892
2C5D.AB.CD_AB	2C5D.AB.CD_CD	EB30R,EB222R	0.302640
2C5D.AB.CD_AB	2C5D.AB.CD_CD	EB30R,EB33R,EB222R,EB33R	1.848981
2C5D.AB.CD_AB	2C5D.AB.CD_CD	EB33R,EB225R	1.654842
2C5D.AB.CD_AB	2C5D.AB.CD_CD	FA207A,FA588A	0.371101
2C5D.AB.CD_AB	2C5D.AB.CD_CD	FA209A,FA590A	1.061531
2C5D.AB.CD_AB	2C5D.AB.CD_CD	KA34E,KA415E	1.948220
2C5D.AB.CD_AB	2C5D.AB.CD_CD	KB178E,KB370E	0.742202
2C5D.AB.CD_AB	2C5D.AB.CD_CD	LA324A,LA705A	2.034473
2C5D.AB.CD_AB	2C5D.AB.CD_CD	LB105E,LB297E	0.240219
2C5D.AB.CD_AB	2C5D.AB.CD_CD	QB28R,QB220R	0.091327
2C5D.AB.CD_AB	2C5D.AB.CD_CD	QB96R,QB288R	0.302640
2C5D.AB.CD_AB	2C5D.AB.CD_CD	RA32E,KA34E,RA413E,KA34E	3.960311
2C5D.AB.CD_AB	2C5D.AB.CD_CD	RA32E,RA413E	1.712406
2C5D.AB.CD_AB	2C5D.AB.CD_CD	TA26D,TA407D	0.725028
2C5D.AB.CD_AB	2C5D.AB.CD_CD	TB182E,TB374E	0.742202
2C5D.AB.CD_AB	2C5D.AB.CD_CD	TB51R,TB243R	2.339020
2C5D.AB.CD_AB	2C5D.AB.CD_CD	WA238F,WA619F	0.982421
2C5D.AB.CD_AB	2C5D.AB.CD_CD	YA364A,YA745A	0.982421
2CCL.A.B_A	2CCL.A.B_B	AB48S,AB49T	-0.079703
2DVW.A.B_A	2DVW.A.B_B	DA37A,DA69A	0.191622
2DVW.A.B_A	2DVW.A.B_B	EB21A,EB22A	0.038346
2DVW.A.B_A	2DVW.A.B_B	RA39A,KA114A	2.362596
2DVW.A.B_A	2DVW.A.B_B	RB3A,RB4A,RB7A	2.790147
2DVW.A.B_A	2DVW.A.B_B	RB3A,RB7A	2.153378
2G2U.A.B_A	2G2U.A.B_B	DA79A,EB73M	-2.147248
2G2U.A.B_A	2G2U.A.B_B	DA79A,EB73M,FB142A	-0.691750
2G2U.A.B_A	2G2U.A.B_B	DA79A,EB73M,KB74A	-1.556968
2G2U.A.B_A	2G2U.A.B_B	DA79A,EB73M,KB74A,FB142A	-0.987378
2G2U.A.B_A	2G2U.A.B_B	EB73A,YB143A	-1.835504
2G2U.A.B_A	2G2U.A.B_B	EB73A,YB50A	-2.452515
2G2U.A.B_A	2G2U.A.B_B	EB73M,FB142A	0.322066
2G2U.A.B_A	2G2U.A.B_B	EB73M,FB142W,YB143F	-1.108092
2G2U.A.B_A	2G2U.A.B_B	EB73M,KB74A	0.473077
2G2U.A.B_A	2G2U.A.B_B	EB73M,KB74A,FB142A	1.483059
2G2U.A.B_A	2G2U.A.B_B	EB73M,SB130K	-2.809425
2G2U.A.B_A	2G2U.A.B_B	EB73M,SB130K,FB142W,YB143F	-2.016426
2G2U.A.B_A	2G2U.A.B_B	EB73M,SB130K,FB142W,YB143F,SB146M	-2.931834
2G2U.A.B_A	2G2U.A.B_B	EB73M,SB130K,SB146M	-3.509699
2G2U.A.B_A	2G2U.A.B_B	EB73M,YB143F	-1.592455
2G2U.A.B_A	2G2U.A.B_B	WB112A,YB143A	-0.409609
2G2U.A.B_A	2G2U.A.B_B	WB150A,YB143A	0.989123
2G2U.A.B_A	2G2U.A.B_B	YB50A,YB143A	-2.075722
2J0T.A.D_A	2J0T.A.D_D	CB1S,FB12Y	4.200530
2J0T.A.D_A	2J0T.A.D_D	TB2L,VB4S	3.470544
2J0T.A.D_A	2J0T.A.D_D	TB2L,VB4S,SB68A	5.286247
2J0T.A.D_A	2J0T.A.D_D	TB2S,VB4A	1.250200
2J0T.A.D_A	2J0T.A.D_D	TB2S,VB4A,SB68Y	2.147248
2J0T.A.D_A	2J0T.A.D_D	VB69A,AB103V	0.701327
2KSO.A.B_A	2KSO.A.B_B	KA10D,DB25K	0.387420
2KSO.A.B_A	2KSO.A.B_B	KA10E,EB27K	0.643230
2KSO.A.B_A	2KSO.A.B_B	KA49D,DB36K	0.176107
2KSO.A.B_A	2KSO.A.B_B	RA43E,HB20E	0.454562
2KSO.A.B_A	2KSO.A.B_B	RA43E,HB20R	-0.821313
2NY7.HL.G_HL	2NY7.HL.G_G	CB27I,CB226Q	0.199808
2NY7.HL.G_HL	2NY7.HL.G_G	CB27I,CB226Q,MB231A	0.203283
2NY7.HL.G_HL	2NY7.HL.G_G	GB229C,MB231A	-0.378967
2NY7.HL.G_HL	2NY7.HL.G_G	GB229C,WB13M,MB231A,CB14W,CB110V,CB27I,CB226Q	0.214721
2NY7.HL.G_HL	2NY7.HL.G_G	KB66C,EB102C,CB27I,CB226Q	0.040875
2NY7.HL.G_HL	2NY7.HL.G_G	KB66C,EB102C,WB13M,MB231A,CB14W,CB110V,CB27I,CB226Q	0.399981
2NY7.HL.G_HL	2NY7.HL.G_G	KB66C,EB103C,WB13M,MB231A,CB14W,CB110V,CB27I,CB226Q	0.300030
2NY7.HL.G_HL	2NY7.HL.G_G	WB13M,MB231A,CB14W,CB110V	1.157952
2NY7.HL.G_HL	2NY7.HL.G_G	WB13M,MB231A,CB14W,CB110V,CB27I,CB226Q	0.449248
2NY7.HL.G_HL	2NY7.HL.G_G	WB13M,MB231A,CB14W,CB110V,KB66C,EB102C	0.551262
2NY7.HL.G_HL	2NY7.HL.G_G	WB13M,SB92T,WB181S,MB231A,CB14W,CB110V,CB27I,CB226Q	-0.303726
2NYY.DC.A_DC	2NYY.DC.A_A	KA29S,YA30D,DA31H,SA60P	0.049968
2NYY.DC.A_DC	2NYY.DC.A_A	VA36I,EA5Q	-0.049400
2NZ9.DC.A_DC	2NZ9.DC.A_A	SA29K,DA30Y,HA31D	-0.049968
2O3B.A.B_A	2O3B.A.B_B	QB74A,WB76A	5.755610
2OOB.A.B_A	2OOB.A.B_B	AA6S,KA7E	0.161161
2OOB.A.B_A	2OOB.A.B_B	AA6S,KA7E,AA9E,GA13S	3.103360
2OOB.A.B_A	2OOB.A.B_B	AA9E,GA13S	3.103360
2OOB.A.B_A	2OOB.A.B_B	IA27E,IA38E	0.284283
2P5E.ABC.DE_ABC	2P5E.ABC.DE_DE	TB52P,PB53F,AB243S,IB244V,QB245G,TB246M,LB96T,LB97S,DB98G,TB100S,LB288V	1.962705
2P5E.ABC.DE_ABC	2P5E.ABC.DE_DE	TB52Q,PB53S,WB54S,AB243G,IB244A,QB245G	4.409873
2P5E.ABC.DE_ABC	2P5E.ABC.DE_DE	TB52Q,PB53S,WB54S,AB243G,IB244A,QB245G,TB246I,LB96T,LB97S,DB98G,TB100S,LB288V	7.955882
2P5E.ABC.DE_ABC	2P5E.ABC.DE_DE	YB32D,TB52Q,PB53S,WB54S,AB243G,IB244A,QB245G,TB246I,LB96T,LB97S,DB98G,TB100S,LB288V	7.778085
2PCC.A.B_A	2PCC.A.B_B	AB86G,DA34A	-0.097802
2PCC.A.B_A	2PCC.A.B_B	AB86G,VA197A	2.102682
2PCC.A.B_A	2PCC.A.B_B	KB77A,EA290A	1.102177
2PCC.A.B_A	2PCC.A.B_B	KB77A,VA197A	2.800978
2PCC.A.B_A	2PCC.A.B_B	KB92A,DA34A	0.203012
2PCC.A.B_A	2PCC.A.B_B	KB92A,VA197A	1.501502
2PYE.ABC.DE_ABC	2PYE.ABC.DE_DE	QB52P,SB53F,SB54W,GB245S,AB246V,TB248M,LB96T,LB97S,DB98G,TB100S,LB290V	-2.447168
2PYE.ABC.DE_ABC	2PYE.ABC.DE_DE	QB52T,SB53P,SB54W,GB245A,AB246I,GB247Q	-4.409873
2PYE.ABC.DE_ABC	2PYE.ABC.DE_DE	TB248I,LB96T,LB97S,DB98G,TB100S,LB290V	3.546009
2PYE.ABC.DE_ABC	2PYE.ABC.DE_DE	YB32D,QB52T,SB53P,SB54W,GB245A,AB246I,GB247Q	3.197774
2PYE.ABC.DE_ABC	2PYE.ABC.DE_DE	YB32D,TB248I,LB96T,LB97S,DB98G,TB100S,LB290V	3.368212
2QJ9.AB.C_AB	2QJ9.AB.C_C	AB43T,MB47L,KB48G,YB49L	-0.462206
2QJ9.AB.C_AB	2QJ9.AB.C_C	AB43T,MB47L,KB48G,YB49L,GB11H,DB15E,AB30T,IB31M	0.422872
2QJ9.AB.C_AB	2QJ9.AB.C_C	RB57K,TB59S,IB61K,PB62A,HB63Q,QB64L,SB67T	-0.729986
2QJA.AB.C_AB	2QJA.AB.C_C	GB11H,DB15E,AB30T,IB31M	0.885079
2QJA.AB.C_AB	2QJA.AB.C_C	RB57K,TB59S,IB61K,PB62A,HB63Q,QB64L,SB67T,TB43A,LB47M,GB48K,LB49Y	-0.267779
2QJA.AB.C_AB	2QJA.AB.C_C	TB43A,LB47M,GB48K,LB49Y	0.462206
2QJB.AB.C_AB	2QJB.AB.C_C	HB11G,EB15D,TB30A,MB31I	-0.885079
2QJB.AB.C_AB	2QJB.AB.C_C	RB57K,TB59S,IB61K,PB62A,HB63Q,QB64L,SB67T,TB43A,LB47M,GB48K,LB49Y,HB11G,EB15D,TB30A,MB31I	-1.152858
2QJB.AB.C_AB	2QJB.AB.C_C	TB43A,LB47M,GB48K,LB49Y,HB11G,EB15D,TB30A,MB31I	-0.422872
2VN5.A.B_A	2VN5.A.B_B	AB14S,LB15T	1.276192
2VN5.A.B_A	2VN5.A.B_B	SB42A,TB43F	0.255810
2VN5.A.B_A	2VN5.A.B_B	SB42A,TB43F,AB14Q,LB15Q	0.150863
2VN5.A.B_A	2VN5.A.B_B	SB42A,TB43F,AB14S,LB15T	0.348235
2VN5.A.B_A	2VN5.A.B_B	SB42A,TB43F,FB17A,LB45A	4.963522
2VN5.A.B_A	2VN5.A.B_B	SB42A,TB43F,IA83A	0.919372
2VN5.A.B_A	2VN5.A.B_B	SB42A,TB43F,KA127G	0.506200
2VN5.A.B_A	2VN5.A.B_B	SB42A,TB43F,LA77A	3.150731
2VN5.A.B_A	2VN5.A.B_B	SB42A,TB43F,LA77A,LA79A	5.738830
2VN5.A.B_A	2VN5.A.B_B	SB42A,TB43F,LA79A	2.846152
2VN5.A.B_A	2VN5.A.B_B	SB42A,TB43F,MA125G	1.546341
2VN5.A.B_A	2VN5.A.B_B	SB42A,TB43F,MA125G,KA127A	2.342060
2VN5.A.B_A	2VN5.A.B_B	SB42A,TB43F,NA37A	1.186581
2VN5.A.B_A	2VN5.A.B_B	SB42A,TB43F,NA81A	0.592826
2VN5.A.B_A	2VN5.A.B_B	SB42A,TB43F,SA66A	-0.087979
2VN5.A.B_A	2VN5.A.B_B	SB42A,TB43F,SA66A,SA68A,SA75A	0.136923
2VN5.A.B_A	2VN5.A.B_B	SB42A,TB43F,SA75A	0.000000
2VN5.A.B_A	2VN5.A.B_B	SB42A,TB43F,TA35A	0.303823
2VN5.A.B_A	2VN5.A.B_B	SB42A,TB43F,TA35A,NA37A	1.631412
2VN5.A.B_A	2VN5.A.B_B	SB42A,TB43F,TA35A,NA37A,NA81A	3.059888
2VN5.A.B_A	2VN5.A.B_B	SB42A,TB43F,TA35A,NA37A,YA39A	3.647714
2VN5.A.B_A	2VN5.A.B_B	SB42A,TB43F,TA35A,NA37A,YA39A,NA81A	5.046028
2VN5.A.B_A	2VN5.A.B_B	SB42A,TB43F,YA39A	1.255917
2VN5.A.B_A	2VN5.A.B_B	SB42Q,TB43Q	0.939122
2WPT.A.B_A	2WPT.A.B_B	DA29E,DA30L,NA31V,RA35T,EA36H,RA39E,LA40M	-6.354466
2WPT.A.B_A	2WPT.A.B_B	DA29E,DA30L,NA31V,RA35T,EA36H,RA39E,LA40M,DA45S,RA54K,DA55E,DA56G,RA57D,EA58D	-5.201869
2WPT.A.B_A	2WPT.A.B_B	DA30A,FB79A	-0.164686
2WPT.A.B_A	2WPT.A.B_B	DA30L,NA31V,RA35T	-6.336046
2WPT.A.B_A	2WPT.A.B_B	EA14Q,FA15L,KA17T,KA18T,RA21N,EA23D,GA24T,AA25S,TA26S	-0.068271
2WPT.A.B_A	2WPT.A.B_B	EA14Q,FA15L,KA17T,KA18T,RA21N,EA23D,GA24T,AA25S,TA26S,DA29E,DA30L,NA31V,RA35T,EA36H,RA39E,LA40M	-8.575867
2WPT.A.B_A	2WPT.A.B_B	EA14Q,FA15L,KA17T,KA18T,RA21N,EA23D,GA24T,AA25S,TA26S,DA29E,DA30L,NA31V,RA35T,EA36H,RA39E,LA40M,DA45S,RA54K,DA55E,DA56G,RA57D,EA58D	-7.979383
2WPT.A.B_A	2WPT.A.B_B	EA14Q,FA15L,KA17T,KA18T,RA21N,EA23D,GA24T,AA25S,TA26S,DA29E,DA30L,NA31V,RA35T,EA36H,RA39E,LA40M,DA45S,RA54K,DA55E,DA56G,RA57D,EA58D,EA62S,KA66N,EA67T,IA68V,EA70Q	-8.058494
2WPT.A.B_A	2WPT.A.B_B	EA23D,GA24T,AA25S,TA26S,DA29E,DA30L,NA31V,RA35T,EA36H,RA39E,LA40M	-6.635494
2WPT.A.B_A	2WPT.A.B_B	FB79A,DA30A	-0.132202
2WPT.A.B_A	2WPT.A.B_B	FB79A,NA31A	1.352202
2WPT.A.B_A	2WPT.A.B_B	FB79A,VA34A	3.112753
2WPT.A.B_A	2WPT.A.B_B	KA17T,KA18T,RA21N,EA23D,GA24T,AA25S,TA26S,DA29E,DA30L,NA31V,RA35T,EA36H,RA39E,LA40M	-8.267023
2WPT.A.B_A	2WPT.A.B_B	NA31V,RA35T	-2.588293
2WPT.A.B_A	2WPT.A.B_B	NA31V,RA35T,EA36H,RA39E	-2.998950
2WPT.A.B_A	2WPT.A.B_B	NA31V,RA35T,RA39E	-3.232964
2WPT.A.B_A	2WPT.A.B_B	SB77A,NA31A	-0.437255
3AAA.AB.C_AB	3AAA.AB.C_C	KA248A,RA258A	4.797285
3BDY.HL.V_HL	3BDY.HL.V_V	DA244N,PA246A,RA247K,SA248T,TA313S,TA314S	-0.953515
3BDY.HL.V_HL	3BDY.HL.V_V	DA244N,PA246A,RA247K,SA248T,TA313S,TA314S,KA31S,DA32G,TA55S,NA56E,GA101V,DA103V	-2.671876
3BDY.HL.V_HL	3BDY.HL.V_V	DA244N,PA246A,RA247K,SA248T,TA313S,TA314S,KA31S,DA32G,TA55S,NA56E,GA101V,DA103V,RA51A,RA60A	-2.728342
3BDY.HL.V_HL	3BDY.HL.V_V	DA244N,PA246A,RA247K,SA248T,YA273F,TA313S,TA314S	-0.973600
3BDY.HL.V_HL	3BDY.HL.V_V	DA244N,PA246A,RA247K,SA248T,YA273F,TA313S,TA314S,KA31S,DA32G,TA55S,NA56E,GA101V,DA103V	-2.728342
3BE1.HL.A_HL	3BE1.HL.A_A	DA241N,PA243A,RA244K,SA245T,TA310S,TA311S	-0.675060
3BE1.HL.A_HL	3BE1.HL.A_A	DA241N,PA243A,RA244K,SA245T,TA310S,TA311S,KA30S,DA31G,TA54S,NA55E,GA100V,DA102V	-2.728342
3BE1.HL.A_HL	3BE1.HL.A_A	DA241N,PA243A,RA244K,SA245T,TA310S,TA311S,KA30S,DA31G,TA54S,NA55E,GA100V,DA102V,YA249A	-3.138999
3BE1.HL.A_HL	3BE1.HL.A_A	DA241N,PA243A,RA244K,SA245T,TA310S,TA311S,KA30S,DA31G,TA54S,NA55E,GA100V,DA102V,YA249A,IA246A	-2.728342
3BE1.HL.A_HL	3BE1.HL.A_A	DA241N,PA243A,RA244K,SA245T,YA270F,TA310S,TA311S	-0.868734
3BE1.HL.A_HL	3BE1.HL.A_A	DA241N,PA243A,RA244K,SA245T,YA270F,TA310S,TA311S,KA30S,DA31G,TA54S,NA55E,GA100V,DA102V	-2.883780
3BP8.A.C_A	3BP8.A.C_C	FA115A,AB51F	-0.774552
3D3V.ABC.DE_ABC	3D3V.ABC.DE_DE	EB230A,YA383A	3.900927
3D3V.ABC.DE_ABC	3D3V.ABC.DE_DE	EB230A,YA383F	2.573496
3D3V.ABC.DE_ABC	3D3V.ABC.DE_DE	LB297A,YA383A	4.390339
3EG5.A.B_A	3EG5.A.B_B	TB73N,SB74N,HB75N	1.053579
3EG5.A.B_A	3EG5.A.B_B	TB73N,SB74N,HB75N,HA104F	-1.327418
3G6D.LH.A_LH	3G6D.LH.A_A	EA3V,GA76R,TA77V,QA78E,EA80G	0.139880
3G6D.LH.A_LH	3G6D.LH.A_A	EA3V,GA76R,TA77V,QA78E,EA80G,DA264N	0.111228
3G6D.LH.A_LH	3G6D.LH.A_A	EA3V,GA76R,TA77V,QA78E,EA80G,FA313A,HA314A,WA315A	4.622350
3G6D.LH.A_LH	3G6D.LH.A_A	EA3V,GA76R,TA77V,QA78E,EA80G,TA89S,MA92I,VA93D,TA94K	0.271573
3G6D.LH.A_LH	3G6D.LH.A_A	KA420T,KA425T	-0.133007
3G6D.LH.A_LH	3G6D.LH.A_A	TA89S,MA92I,VA93D,TA94K	0.798334
3HFM.HL.Y_HL	3HFM.HL.Y_Y	DA32A,KB97A	4.594497
3HFM.HL.Y_HL	3HFM.HL.Y_Y	DA32A,KB97M	1.123952
3HFM.HL.Y_HL	3HFM.HL.Y_Y	DA32N,KB97A	4.893741
3HFM.HL.Y_HL	3HFM.HL.Y_Y	DA32N,KB97M	0.302640
3HFM.HL.Y_HL	3HFM.HL.Y_Y	NA246A,KB96A	7.471731
3HFM.HL.Y_HL	3HFM.HL.Y_Y	WA98A,KB96A	7.733495
3HFM.HL.Y_HL	3HFM.HL.Y_Y	WA98F,YB20A	6.231809
3HFM.HL.Y_HL	3HFM.HL.Y_Y	YA265A,KB96A	7.733495
3HFM.HL.Y_HL	3HFM.HL.Y_Y	YA265A,KB97A	7.322839
3HFM.HL.Y_HL	3HFM.HL.Y_Y	YA265A,RB21A	6.369324
3HFM.HL.Y_HL	3HFM.HL.Y_Y	YA265F,RB21A	4.332732
3HFM.HL.Y_HL	3HFM.HL.Y_Y	YA265F,YB20A	6.226447
3HFM.HL.Y_HL	3HFM.HL.Y_Y	YA311A,RB21A	5.759324
3HFM.HL.Y_HL	3HFM.HL.Y_Y	YA311F,RB21A	4.183840
3HFM.HL.Y_HL	3HFM.HL.Y_Y	YA33A,KB97A	7.231512
3HFM.HL.Y_HL	3HFM.HL.Y_Y	YA50A,RB21A	7.944808
3HG1.ABC.DE_ABC	3HG1.ABC.DE_DE	SB244F,VB245G,GB246P,IB247Y	-2.026550
3HG1.ABC.DE_ABC	3HG1.ABC.DE_DE	SB244W,VB245G,GB246P,IB247F	-1.774828
3HG1.ABC.DE_ABC	3HG1.ABC.DE_DE	SB244W,VB245G,GB246P,IB247F,GB293N,TB294L,EB296G,LB297W	-2.980065
3HG1.ABC.DE_ABC	3HG1.ABC.DE_DE	SB244W,VB245G,GB246P,IB247F,TB294M,EB296G,LB297W,FB298Q	-2.295326
3HG1.ABC.DE_ABC	3HG1.ABC.DE_DE	SB244Y,VB245G,GB246P,IB247F	-1.582030
3HG1.ABC.DE_ABC	3HG1.ABC.DE_DE	SB244Y,VB245G,GB246P,IB247F,GB293N,TB294L,EB296G,LB297W	-2.854875
3HG1.ABC.DE_ABC	3HG1.ABC.DE_DE	SB244Y,VB245G,GB246P,IB247F,TB294M,EB296G,LB297W,FB298Q	-1.490704
3HG1.ABC.DE_ABC	3HG1.ABC.DE_DE	SB244Y,VB245G,GB246P,IB247Y	-1.730922
3IDX.HL.G_HL	3IDX.HL.G_G	CB27I,CB242Q	-2.466141
3IDX.HL.G_HL	3IDX.HL.G_G	CB27I,CB242Q,MB247A	-2.174591
3IDX.HL.G_HL	3IDX.HL.G_G	KB85C,EB121C,CB27I,CB242Q	-2.378751
3IDX.HL.G_HL	3IDX.HL.G_G	KB85C,EB121C,WB13M,MB247A,CB14W,CB129V,CB27I,CB242Q	-2.193271
3IDX.HL.G_HL	3IDX.HL.G_G	KB85C,EB122C,WB13M,MB247A,CB14W,CB129V,CB27I,CB242Q	-2.293745
3IDX.HL.G_HL	3IDX.HL.G_G	TB41C,GB245C,MB247A	0.409638
3IDX.HL.G_HL	3IDX.HL.G_G	TB41C,GB245C,WB13M,MB247A,CB14W,CB129V,CB27I,CB242Q	-2.332111
3IDX.HL.G_HL	3IDX.HL.G_G	WB13M,MB247A,CB14W,CB129V	-0.647829
3IDX.HL.G_HL	3IDX.HL.G_G	WB13M,MB247A,CB14W,CB129V,CB27I,CB242Q	-2.349040
3IDX.HL.G_HL	3IDX.HL.G_G	WB13M,MB247A,CB14W,CB129V,KB85C,EB121C	-0.361827
3IDX.HL.G_HL	3IDX.HL.G_G	WB13M,SB111T,WB200S,MB247A,CB14W,CB129V,CB27I,CB242Q	-1.864799
3KUD.A.B_A	3KUD.A.B_B	KB30A,FB6W	2.167798
3KUD.A.B_A	3KUD.A.B_B	KB30A,FB6W,NB16R	1.205238
3KUD.A.B_A	3KUD.A.B_B	KB30A,FB6W,NB16R,VB33I	1.953914
3KUD.A.B_A	3KUD.A.B_B	KB30A,FB6W,RB12L,NB16R,VB33I	1.966656
3KUD.A.B_A	3KUD.A.B_B	KB30A,FB6W,RB12L,VB14E,NB16R,KB29R,VB33I	4.206310
3KUD.A.B_A	3KUD.A.B_B	KB30A,FB6W,VB14E,NB16R,VB33I	3.964652
3KUD.A.B_A	3KUD.A.B_B	KB30A,NB16R	0.766586
3KUD.A.B_A	3KUD.A.B_B	KB30A,TA35A	3.040660
3KUD.A.B_A	3KUD.A.B_B	KB30A,TA35A,NB16R	1.516922
3KUD.A.B_A	3KUD.A.B_B	KB30A,VB33I	2.758905
3KUD.A.B_A	3KUD.A.B_B	KB30A,YA32C,CA118S	2.897035
3KUD.A.B_A	3KUD.A.B_B	KB30A,YA32C,CA118S,NB16R	1.659799
3KUD.A.B_A	3KUD.A.B_B	TA35A,NB16R	1.489362
3KUD.A.B_A	3KUD.A.B_B	YA32C,CA118S	0.910145
3KUD.A.B_A	3KUD.A.B_B	YA32C,CA118S,NB16R	-0.035917
3L5X.A.HL_A	3L5X.A.HL_HL	EB317F,YB318G	-0.428200
3L5X.A.HL_A	3L5X.A.HL_HL	EB317H,YB318G	-0.762992
3L5X.A.HL_A	3L5X.A.HL_HL	HB315P,NB316I,EB317D,YB318A	-0.646959
3L5X.A.HL_A	3L5X.A.HL_HL	HB315P,NB316L,EB317D,YB318S	-0.633073
3L5X.A.HL_A	3L5X.A.HL_HL	HB315P,NB316L,EB317D,YB318T	-0.810413
3L5X.A.HL_A	3L5X.A.HL_HL	HB315P,NB316L,EB317D,YB318V	-0.858607
3L5X.A.HL_A	3L5X.A.HL_HL	HB315P,NB316L,YB318A	-0.444612
3L5X.A.HL_A	3L5X.A.HL_HL	HB315Q,NB316D,EB317I,YB318G	-1.551074
3L5X.A.HL_A	3L5X.A.HL_HL	HB315Q,NB316D,EB317L,YB318G	-1.785931
3L5X.A.HL_A	3L5X.A.HL_HL	HB315Q,NB316D,EB317Y,YB318G	-1.452103
3L5X.A.HL_A	3L5X.A.HL_HL	NB316D,EB317L,YB318G	-0.429821
3L5X.A.HL_A	3L5X.A.HL_HL	NB316D,EB317N,YB318S	-0.534278
3L5X.A.HL_A	3L5X.A.HL_HL	NB316D,EB317P,YB318G	-1.470618
3L5X.A.HL_A	3L5X.A.HL_HL	NB316D,EB317R,YB318D	-0.522773
3L5X.A.HL_A	3L5X.A.HL_HL	NB316D,EB317W,YB318E	-1.196885
3L5X.A.HL_A	3L5X.A.HL_HL	NB316D,EB317W,YB318G	-1.683276
3L5X.A.HL_A	3L5X.A.HL_HL	NB316D,EB317W,YB318S	-0.716447
3L5X.A.HL_A	3L5X.A.HL_HL	NB316D,EB317Y,YB318A	-0.807336
3L5X.A.HL_A	3L5X.A.HL_HL	NB316E,EB317S,YB318G	-1.265925
3L5X.A.HL_A	3L5X.A.HL_HL	NB316E,EB317W,YB318G	-1.551074
3L5X.A.HL_A	3L5X.A.HL_HL	NB316F,EB317W,YB318G	-1.233543
3L5X.A.HL_A	3L5X.A.HL_HL	NB316L,EB317D,YB318S	-0.617324
3L5X.A.HL_A	3L5X.A.HL_HL	NB316L,EB317L,YB318G	-0.626250
3L5X.A.HL_A	3L5X.A.HL_HL	NB316L,EB317M,YB318G	-0.826046
3L5X.A.HL_A	3L5X.A.HL_HL	NB316L,EB317N,YB318G	-0.695748
3L5X.A.HL_A	3L5X.A.HL_HL	NB316S,EB317H,YB318G	-1.246284
3L5X.A.HL_A	3L5X.A.HL_HL	NB316S,EB317I,YB318G	-0.807336
3L5X.A.HL_A	3L5X.A.HL_HL	NB316S,EB317S,YB318G	-0.249324
3L5X.A.HL_A	3L5X.A.HL_HL	NB316S,EB317V,YB318G	-0.517104
3L5X.A.HL_A	3L5X.A.HL_HL	NB316S,EB317W,YB318A	-0.303164
3L5X.A.HL_A	3L5X.A.HL_HL	NB316S,EB317W,YB318G	-1.272620
3L5X.A.HL_A	3L5X.A.HL_HL	NB316S,EB317Y,YB318G	-0.964619
3L5X.A.HL_A	3L5X.A.HL_HL	NB316V,EB317G,YB318G	-0.463207
3L5X.A.HL_A	3L5X.A.HL_HL	NB316V,EB317W,YB318G	-0.835628
3LZF.AB.HL_AB	3LZF.AB.HL_HL	DA187E,DA222G	0.127443
3M63.A.B_A	3M63.A.B_B	GB8F,QB9K,SB65Q,HB67V,VB69M	0.187128
3MZG.A.B_A	3MZG.A.B_B	HA167A,HB188A	2.654328
3MZW.A.B_A	3MZW.A.B_B	NB18T,AB37S,AB41S,AB49S	-0.113191
3MZW.A.B_A	3MZW.A.B_B	NB18T,AB37S,AB41S,LB46T	-0.145223
3MZW.A.B_A	3MZW.A.B_B	NB18T,AB37S,AB41S,LB46Y	-0.053896
3MZW.A.B_A	3MZW.A.B_B	NB18T,AB49S	0.094995
3MZW.A.B_A	3MZW.A.B_B	NB18T,DB31A	0.708122
3MZW.A.B_A	3MZW.A.B_B	NB18T,DB31K	1.218948
3MZW.A.B_A	3MZW.A.B_B	NB18T,DB32E	0.213883
3MZW.A.B_A	3MZW.A.B_B	NB18T,EB42A	-0.338020
3MZW.A.B_A	3MZW.A.B_B	NB18T,LB46T	-0.179087
3MZW.A.B_A	3MZW.A.B_B	NB18T,LB46Y	-0.026336
3MZW.A.B_A	3MZW.A.B_B	NB18T,NB38E,AB49S	0.137331
3MZW.A.B_A	3MZW.A.B_B	NB18T,SB28A	-0.215004
3MZW.A.B_A	3MZW.A.B_B	NB18T,SB28K	-0.215004
3MZW.A.B_A	3MZW.A.B_B	NB1A,NB18T	0.342483
3MZW.A.B_A	3MZW.A.B_B	NB1A,NB18T,AB37S,AB41S,AB49S	-0.028794
3MZW.A.B_A	3MZW.A.B_B	NB1A,NB18T,SB28K,AB37S,AB41S,AB49S	-0.215004
3MZW.A.B_A	3MZW.A.B_B	NB1A,NB18T,SB28K,AB37S,AB41S,EB42A,AB49S	-0.234122
3MZW.A.B_A	3MZW.A.B_B	NB1A,NB18T,SB28K,AB37S,NB38E,AB41S,AB49S	0.219433
3MZW.A.B_A	3MZW.A.B_B	NB1A,NB18T,SB28K,DB31A,AB37S,AB41S,AB49S	0.448087
3MZW.A.B_A	3MZW.A.B_B	NB1A,NB18T,SB28K,DB32E,AB37S,AB41S,AB49S	-0.679910
3MZW.A.B_A	3MZW.A.B_B	NB1E,NB18T	0.384321
3MZW.A.B_A	3MZW.A.B_B	NB1E,NB18T,AB37S,AB41S,AB49S	0.281666
3NGB.HL.G_HL	3NGB.HL.G_G	AA57G,VA58T,PA63K,VA74T	1.674171
3NGB.HL.G_HL	3NGB.HL.G_G	CA32S,CA102A	0.259114
3NGB.HL.G_HL	3NGB.HL.G_G	IA30T,KA52N,RA54N,GA55S,AA57G,VA58T,RA62Q,PA63K,VA74T,YA75S,YA250S	0.862531
3NGB.HL.G_HL	3NGB.HL.G_G	TA33Y,GA56S,AA57G,VA58T,PA63K,VA74T,YA75S	1.939062
3PWP.ABC.DE_ABC	3PWP.ABC.DE_DE	GA377L,IA384V	-0.385795
3QDG.ABC.DE_ABC	3QDG.ABC.DE_DE	DB26W,LB294W	-3.354783
3QDG.ABC.DE_ABC	3QDG.ABC.DE_DE	DB26Y,LB294W	-3.543451
3QDJ.ABC.DE_ABC	3QDJ.ABC.DE_DE	DB26W,LB294W	-2.530970
3QDJ.ABC.DE_ABC	3QDJ.ABC.DE_DE	DB26Y,LB294W	-1.913959
3QIB.ABP.CD_ABP	3QIB.ABP.CD_CD	KA67A,EA244A	1.507048
3QIB.ABP.CD_ABP	3QIB.ABP.CD_CD	YA351F,TA356S	1.216970
3S9D.A.B_A	3S9D.A.B_B	AA43H,AA44E,AA47Q	-0.008713
3S9D.A.B_A	3S9D.A.B_B	AA43Y,AA44N,AA47S	-0.190819
3S9D.A.B_A	3S9D.A.B_B	DB91A,FA20A	2.384828
3S9D.A.B_A	3S9D.A.B_B	DB91A,LA124A	3.021426
3S9D.A.B_A	3S9D.A.B_B	DB91A,LA19A	2.944376
3S9D.A.B_A	3S9D.A.B_B	DB91A,RA115A	3.672301
3S9D.A.B_A	3S9D.A.B_B	DB91A,SA123A	2.678943
3S9D.A.B_A	3S9D.A.B_B	EB66A,AA116G	5.041269
3S9D.A.B_A	3S9D.A.B_B	EB66A,LA124A	3.769789
3S9D.A.B_A	3S9D.A.B_B	EB66A,LA23A	6.058160
3S9D.A.B_A	3S9D.A.B_B	EB66A,LA8A	4.092513
3S9D.A.B_A	3S9D.A.B_B	EB66A,MA119A	4.980968
3S9D.A.B_A	3S9D.A.B_B	EB66A,RA115A	4.658608
3S9D.A.B_A	3S9D.A.B_B	EB66A,RA120A	3.632457
3S9D.A.B_A	3S9D.A.B_B	EB66A,SA123A	3.543701
3S9D.A.B_A	3S9D.A.B_B	HB65A,LA124A	2.939418
3S9D.A.B_A	3S9D.A.B_B	HB65A,LA19A	3.056493
3S9D.A.B_A	3S9D.A.B_B	HB65A,LA8A	4.016778
3S9D.A.B_A	3S9D.A.B_B	HB65A,RA120A	3.846340
3S9D.A.B_A	3S9D.A.B_B	HB65A,RA5A	2.214390
3S9D.A.B_A	3S9D.A.B_B	HB65A,SA123A	1.135685
3S9D.A.B_A	3S9D.A.B_B	IB34A,AA116G	4.474027
3S9D.A.B_A	3S9D.A.B_B	IB34A,LA124A	3.561387
3S9D.A.B_A	3S9D.A.B_B	IB34A,MA119A	4.235052
3S9D.A.B_A	3S9D.A.B_B	IB34A,RA115A	4.271188
3S9D.A.B_A	3S9D.A.B_B	IB34A,RA120A	5.001758
3S9D.A.B_A	3S9D.A.B_B	IB34A,SA123A	3.006797
3S9D.A.B_A	3S9D.A.B_B	IB90A,FA20A	2.816274
3S9D.A.B_A	3S9D.A.B_B	IB90A,LA124A	3.346746
3S9D.A.B_A	3S9D.A.B_B	IB90A,LA19A	3.035703
3S9D.A.B_A	3S9D.A.B_B	IB90A,LA23A	5.449532
3S9D.A.B_A	3S9D.A.B_B	IB90A,LA8A	3.740474
3S9D.A.B_A	3S9D.A.B_B	IB90A,MA119A	4.035335
3S9D.A.B_A	3S9D.A.B_B	IB90A,RA115A	3.525470
3S9D.A.B_A	3S9D.A.B_B	IB90A,RA120A	4.908470
3S9D.A.B_A	3S9D.A.B_B	IB90A,SA123A	3.256808
3S9D.A.B_A	3S9D.A.B_B	MB35V,AA116G	5.300298
3S9D.A.B_A	3S9D.A.B_B	MB35V,LA124A	4.533203
3S9D.A.B_A	3S9D.A.B_B	MB35V,LA19A	4.316719
3S9D.A.B_A	3S9D.A.B_B	MB35V,LA23A	7.113939
3S9D.A.B_A	3S9D.A.B_B	MB35V,LA8A	4.427435
3S9D.A.B_A	3S9D.A.B_B	MB35V,MA119A	5.456684
3S9D.A.B_A	3S9D.A.B_B	MB35V,RA115A	3.705093
3S9D.A.B_A	3S9D.A.B_B	MB35V,RA120A	6.066684
3S9D.A.B_A	3S9D.A.B_B	MB35V,SA123A	4.080544
3S9D.A.B_A	3S9D.A.B_B	RA120A,EB66A	3.602474
3S9D.A.B_A	3S9D.A.B_B	TB33A,AA116G	4.351393
3S9D.A.B_A	3S9D.A.B_B	TB33A,FA20A	3.021426
3S9D.A.B_A	3S9D.A.B_B	TB33A,LA124A	3.312391
3S9D.A.B_A	3S9D.A.B_B	TB33A,LA19A	3.394809
3S9D.A.B_A	3S9D.A.B_B	TB33A,LA23A	5.961370
3S9D.A.B_A	3S9D.A.B_B	TB33A,LA8A	3.578561
3S9D.A.B_A	3S9D.A.B_B	TB33A,MA119A	4.463985
3S9D.A.B_A	3S9D.A.B_B	TB33A,RA115A	4.048243
3S9D.A.B_A	3S9D.A.B_B	TB33A,RA120A	5.268608
3S9D.A.B_A	3S9D.A.B_B	TB33A,SA123A	3.063263
3S9D.A.B_A	3S9D.A.B_B	WB87A,LA124A	2.944376
3S9D.A.B_A	3S9D.A.B_B	WB87A,LA8A	3.076578
3S9D.A.B_A	3S9D.A.B_B	WB87A,MA119A	3.846340
3S9D.A.B_A	3S9D.A.B_B	WB87A,RA5A	2.340922
3S9D.A.B_A	3S9D.A.B_B	WB87A,SA123A	2.751579
3SE3.B.A_B	3SE3.B.A_A	YA43A,NA44A,SA47A	0.590210
3SE3.B.A_B	3SE3.B.A_A	YA43A,NA44E,SA47Q	1.917588
3SE3.B.A_B	3SE3.B.A_A	YA43H,NA44A,SA47Q	1.445153
3SE3.B.A_B	3SE3.B.A_A	YA43H,NA44E,SA47A	1.823857
3SE3.B.A_B	3SE3.B.A_A	YA43H,NA44E,SA47Q	2.457735
3SE3.B.A_B	3SE3.B.A_A	YA43H,NA44E,SA47Q,DA57A	2.440573
3SE3.B.A_B	3SE3.B.A_A	YA43H,NA44E,SA47Q,EA82A	2.762209
3SE3.B.A_B	3SE3.B.A_A	YA43H,NA44E,SA47Q,FA50A	2.851211
3SE3.B.A_B	3SE3.B.A_A	YA43H,NA44E,SA47Q,IA88A	2.327090
3SE3.B.A_B	3SE3.B.A_A	YA43H,NA44E,SA47Q,KA103A	2.681513
3SE3.B.A_B	3SE3.B.A_A	YA43H,NA44E,SA47Q,KA56A	2.696376
3SE3.B.A_B	3SE3.B.A_A	YA43H,NA44E,SA47Q,KA69A	2.365710
3SE3.B.A_B	3SE3.B.A_A	YA43H,NA44E,SA47Q,KA93A	2.610770
3SE3.B.A_B	3SE3.B.A_A	YA43H,NA44E,SA47Q,LA66A	3.417199
3SE3.B.A_B	3SE3.B.A_A	YA43H,NA44E,SA47Q,LA89A	2.898187
3SE3.B.A_B	3SE3.B.A_A	YA43H,NA44E,SA47Q,NA51A	3.094895
3SE3.B.A_B	3SE3.B.A_A	YA43H,NA44E,SA47Q,NA79A	2.828854
3SE3.B.A_B	3SE3.B.A_A	YA43H,NA44E,SA47Q,QA48A	2.491100
3SE3.B.A_B	3SE3.B.A_A	YA43H,NA44E,SA47Q,QA76A	2.349531
3SE3.B.A_B	3SE3.B.A_A	YA43H,NA44E,SA47Q,RA92A	2.836359
3SE3.B.A_B	3SE3.B.A_A	YA43H,NA44E,SA47Q,RA92K	2.610770
3SE3.B.A_B	3SE3.B.A_A	YA43H,NA44E,SA47Q,SA54A	2.546542
3SE3.B.A_B	3SE3.B.A_A	YA43H,NA44E,SA47Q,SA59A	2.776366
3SE3.B.A_B	3SE3.B.A_A	YA43H,NA44E,SA47Q,TA55A	2.910576
3SE3.B.A_B	3SE3.B.A_A	YA43H,NA44E,SA47Q,TA65A	2.359670
3SE3.B.A_B	3SE3.B.A_A	YA43H,NA44E,SA47Q,TA72A	2.742509
3SE3.B.A_B	3SE3.B.A_A	YA43H,NA44E,SA47Q,VA85A	2.488124
3SE3.B.A_B	3SE3.B.A_A	YA43H,NA44E,SA47Q,YA71A	2.985851
3SE3.B.A_B	3SE3.B.A_A	YA43H,NA44E,SA47Q,YA75A	3.127030
3SE3.B.A_B	3SE3.B.A_A	YA43M,NA44D,SA47L	0.713296
3SE3.B.C_B	3SE3.B.C_C	YA43A,NA44A,SA47A	0.173393
3SE3.B.C_B	3SE3.B.C_C	YA43H,NA44E,SA47Q	0.190819
3SE4.B.C_B	3SE4.B.C_C	KA134A,EB69A	1.902271
3SE4.B.C_B	3SE4.B.C_C	KA134R,EB69A	1.401481
3SGB.E.I_E	3SGB.E.I_I	AB9D,GB26A	1.081065
3SGB.E.I_E	3SGB.E.I_I	AB9D,GB26A,NB27S	2.183827
3SGB.E.I_E	3SGB.E.I_I	AB9D,LB12A	2.619663
3SGB.E.I_E	3SGB.E.I_I	AB9D,LB12A,YB14D	5.768520
3SGB.E.I_E	3SGB.E.I_I	AB9G,LB12M,LB17V,KB23I,EB37K	3.229379
3SGB.E.I_E	3SGB.E.I_I	AB9G,TB11M,LB12M,YB14R,RB15L,GB26N,NB27D,SB45N,KB49E	8.009047
3SGB.E.I_E	3SGB.E.I_I	AB9R,LB12R	5.148537
3SGB.E.I_E	3SGB.E.I_I	AB9R,TB11K,LB12R	6.780235
3SGB.E.I_E	3SGB.E.I_I	AB9R,TB11K,LB12R,EB13S	7.194702
3SGB.E.I_E	3SGB.E.I_I	AB9R,TB11K,LB12R,RB15L	6.982303
3SGB.E.I_E	3SGB.E.I_I	AB9R,TB11P,LB12R	8.567927
3SGB.E.I_E	3SGB.E.I_I	AB9T,LB12M	0.476378
3SGB.E.I_E	3SGB.E.I_I	AB9V,TB11S	1.607690
3SGB.E.I_E	3SGB.E.I_I	AB9V,TB11S,RB15M,NB22S,KB23Q,GB26S,KB28E,EB37D	4.481256
3SGB.E.I_E	3SGB.E.I_I	DB1N,EB4D,AB9V,TB11S,EB13L,RB15M,VB36A,EB37D	2.639218
3SGB.E.I_E	3SGB.E.I_I	DB1N,EB4G,LB12M,RB15M,EB37D,KB49E	0.019533
3SGB.E.I_E	3SGB.E.I_I	EB4D,AB9V,EB13D,RB15M,GB26S,EB37D,LB42I,KB49R	1.086378
3SGB.E.I_E	3SGB.E.I_I	EB4D,AB9V,EB13D,RB15M,KB23T,GB26S,EB37D,LB42I	1.197034
3SGB.E.I_E	3SGB.E.I_I	EB4D,AB9V,TB11P,EB13D,RB15M,NB22S,GB26S,NB39S,SB45R	2.538846
3SGB.E.I_E	3SGB.E.I_I	EB4D,AB9V,TB11S,EB13D,RB15M,KB23T,GB26N,NB30I,EB37D,LB42I	4.261294
3SGB.E.I_E	3SGB.E.I_I	EB4D,AB9V,TB11S,RB15M,NB22S,GB26N,NB30D,SB45G	3.893831
3SGB.E.I_E	3SGB.E.I_I	EB4D,AB9V,TB11S,RB15M,NB22S,GB26S,EB37D	3.204720
3SGB.E.I_E	3SGB.E.I_I	EB4D,AB9V,TB11S,RB15M,NB22S,GB26S,EB37D,TB43I	3.005969
3SGB.E.I_E	3SGB.E.I_I	EB4D,AB9V,TB11S,RB15M,NB22S,GB26S,NB30D,EB37D	3.366955
3SGB.E.I_E	3SGB.E.I_I	EB4D,AB9V,TB11S,RB15M,NB22S,GB26S,NB30D,EB37D,TB43N	3.336922
3SGB.E.I_E	3SGB.E.I_I	EB4D,AB9V,TB11S,RB15M,NB22S,GB26S,NB30D,VB35F,EB37D,TB43S	3.307779
3SGB.E.I_E	3SGB.E.I_I	EB4D,AB9V,TB11S,RB15M,NB22S,GB26S,VB36A,EB37D	2.619663
3SGB.E.I_E	3SGB.E.I_I	EB4D,AB9V,TB11S,RB15M,VB36A,EB37D	1.504916
3SGB.E.I_E	3SGB.E.I_I	EB4D,AB9V,TB11S,YB14D,RB15M,NB22S,GB26S,EB37D	4.871827
3SGB.E.I_E	3SGB.E.I_I	EB4D,AB9V,YB14D,RB15M,KB23I,GB26H,NB30Y,VB36A,EB37H,LB44F	2.326881
3SGB.E.I_E	3SGB.E.I_I	EB4D,AB9V,YB14E,RB15M,EB37D	1.713876
3SGB.E.I_E	3SGB.E.I_I	EB4D,KB7M,LB12M,LB17V	0.077454
3SGB.E.I_E	3SGB.E.I_I	EB4D,KB7Q,AB9V,TB11M,LB12G,EB13D,RB15M,NB22S,GB26S,EB37D,SB45N	5.824453
3SGB.E.I_E	3SGB.E.I_I	EB4D,KB7R,AB9D,RB15M,EB37D	-0.288468
3SGB.E.I_E	3SGB.E.I_I	EB4D,KB7R,AB9V,EB13D,RB15M,GB26S,EB37D,LB42I,KB49R	-0.081480
3SGB.E.I_E	3SGB.E.I_I	EB4D,LB12F,RB15M,EB37D	0.779314
3SGB.E.I_E	3SGB.E.I_I	EB4D,LB12M,RB15M,EB37D	0.476378
3SGB.E.I_E	3SGB.E.I_I	EB4D,LB12M,RB15M,GB26D,EB37D	1.972751
3SGB.E.I_E	3SGB.E.I_I	EB4D,LB12V,RB15M,EB37D	3.034282
3SGB.E.I_E	3SGB.E.I_I	EB4D,LB12V,RB15M,GB26D,EB37D	4.029724
3SGB.E.I_E	3SGB.E.I_I	EB4D,RB15M,EB37D	0.077454
3SGB.E.I_E	3SGB.E.I_I	EB4D,RB15M,KB23Q,GB26S,NB30S,EB37D	1.695244
3SGB.E.I_E	3SGB.E.I_I	EB4D,RB15M,KB28R,EB37D	-0.141374
3SGB.E.I_E	3SGB.E.I_I	EB4D,RB15M,LB17F,NB22S,GB26S,EB37D	1.607690
3SGB.E.I_E	3SGB.E.I_I	EB4D,TB11L,RB15M,GB26D,NB30S,EB37D,TB43S	3.770815
3SGB.E.I_E	3SGB.E.I_I	EB4D,TB11R,LB12M,RB15M,EB37D	2.383407
3SGB.E.I_E	3SGB.E.I_I	EB4D,TB11S,EB13D,RB15M,NB22S,GB26S,EB37D,GB48E	4.671950
3SGB.E.I_E	3SGB.E.I_I	EB4D,YB5H,AB9V,TB11S,RB15M,NB22S,GB26S,NB30D	4.011034
3SGB.E.I_E	3SGB.E.I_I	EB4D,YB5H,TB11L,LB12Q,YB14Q,RB15K,GB26D,NB30S,EB37D	7.459469
3SGB.E.I_E	3SGB.E.I_I	EB4D,YB5H,TB11L,LB12Q,YB14Q,RB15K,LB17I,GB26D,NB30S,EB37D	7.429435
3SGB.E.I_E	3SGB.E.I_I	EB4G,KB7Q,PB8S,TB11P,LB12Q,EB13D,RB15V,LB17F,GB26S,VB36A,EB37D	4.233259
3SGB.E.I_E	3SGB.E.I_I	EB4G,KB7Q,TB11S,RB15V,LB17F,GB26S,NB30D,VB36A,EB37D	3.182076
3SGB.E.I_E	3SGB.E.I_I	EB4G,LB12M,RB15M,EB37D	0.910983
3SGB.E.I_E	3SGB.E.I_I	EB4G,LB12M,RB15M,EB37D,KB49E	0.183531
3SGB.E.I_E	3SGB.E.I_I	EB4G,LB12M,YB14S,LB17I,KB23T,GB26S,HB46Y,FB47P,KB49V	3.691053
3SGB.E.I_E	3SGB.E.I_I	KB7R,AB9R,TB11K,LB12R	5.593154
3SGB.E.I_E	3SGB.E.I_I	KB7R,PB8F,AB9R,TB11K,LB12R	5.736031
3SGB.E.I_E	3SGB.E.I_I	KB7S,PB8D,AB9Y	-4.137708
3SGB.E.I_E	3SGB.E.I_I	KB7S,PB8D,AB9Y,LB12G,EB13I,RB15K	0.095615
3SGB.E.I_E	3SGB.E.I_I	KB7T,PB8E,AB9Y	-3.857900
3SGB.E.I_E	3SGB.E.I_I	KB7T,PB8E,AB9Y,LB12G,RB15M,GB26P,NB30V	1.847206
3SGB.E.I_E	3SGB.E.I_I	LB12I,GB26D	5.845427
3SGB.E.I_E	3SGB.E.I_I	LB12M,GB26D	2.275154
3SGB.E.I_E	3SGB.E.I_I	LB12M,HB46R	0.501037
3SGB.E.I_E	3SGB.E.I_I	LB12M,HB46R,KB49E	-0.116685
3SGB.E.I_E	3SGB.E.I_I	LB12M,LB17V,KB23I,EB37K	0.819656
3SGB.E.I_E	3SGB.E.I_I	LB12M,NB30D,SB45N	1.096864
3SGB.E.I_E	3SGB.E.I_I	LB12M,SB45N	0.453734
3SGB.E.I_E	3SGB.E.I_I	LB12M,SB45N,HB46R,KB49Q	0.227957
3SGB.E.I_E	3SGB.E.I_I	LB12M,TB24S,GB26D	2.326881
3SGB.E.I_E	3SGB.E.I_I	LB12M,TB43N,KB49T	0.277627
3SGB.E.I_E	3SGB.E.I_I	LB12M,YB14Q	3.776484
3SGB.E.I_E	3SGB.E.I_I	LB12S,RB15V,LB17I	4.481256
3SGB.E.I_E	3SGB.E.I_I	NB22S,GB26A	1.330113
3SGB.E.I_E	3SGB.E.I_I	PB8S,AB9L,TB11K,LB12R	4.974818
3SGB.E.I_E	3SGB.E.I_I	PB8S,AB9R,TB11P,LB12R	8.217128
3SGB.E.I_E	3SGB.E.I_I	RB15M,KB23Q,GB26S,EB37D	2.104953
3SGB.E.I_E	3SGB.E.I_I	RB15V,LB17I	0.168781
3SGB.E.I_E	3SGB.E.I_I	TB11K,LB12R	5.307283
3SGB.E.I_E	3SGB.E.I_I	TB11M,LB12S,GB26V	6.909814
3SGB.E.I_E	3SGB.E.I_I	TB11P,LB12K	6.320305
3SGB.E.I_E	3SGB.E.I_I	TB11P,LB12K,EB13D,LB17V,GB26S,SB45N	5.055224
3SGB.E.I_E	3SGB.E.I_I	TB11P,LB12K,EB13D,LB17V,SB45N	4.912169
3SGB.E.I_E	3SGB.E.I_I	TB11P,LB12K,EB13D,LB17V,SB45N,HB46R	4.833295
3SGB.E.I_E	3SGB.E.I_I	TB11P,LB12K,GB26D	6.543063
3SGB.E.I_E	3SGB.E.I_I	TB11R,LB12R	5.552076
3SGB.E.I_E	3SGB.E.I_I	YB5H,EB13D,LB17I,NB22S,GB26S,NB30D,VB36M,EB37D	2.326881
3SGB.E.I_E	3SGB.E.I_I	YB5H,YB14D,TB24I,GB26S,NB30D,VB36L	5.612886
3U82.A.B_A	3U82.A.B_B	TB28A,QB29A,EB90A,NB98A	-1.010693
3UIH.A.P_A	3UIH.A.P_P	KA58Y,HA76W	-1.072402
3UII.A.P_A	3UII.A.P_P	KA58Y,HA76W	0.034522
3VR6.ABCDEF.GH_ABCDEF	3VR6.ABCDEF.GH_GH	LA2147A,LA2598A,LA3053A	1.136773
3VR6.ABCDEF.GH_ABCDEF	3VR6.ABCDEF.GH_GH	LA477A,LA1069A,LA1651A,VA478A,VA1070A,VA1652A	-0.221988
3VR6.ABCDEF.GH_ABCDEF	3VR6.ABCDEF.GH_GH	LA477A,LA1069A,LA1651A,VA478A,VA1070A,VA1652A,LA2147A,LA2598A,LA3053A	-0.170438
3VR6.ABCDEF.GH_ABCDEF	3VR6.ABCDEF.GH_GH	LA477A,LA1069A,LA1651A,VA478A,VA1070A,VA1652A,LB139N	-0.079111
3VR6.ABCDEF.GH_ABCDEF	3VR6.ABCDEF.GH_GH	LA477A,LA1069A,LA1651A,VA478A,VA1070A,VA1652A,RB134A,RB135A	2.049801
3VR6.ABCDEF.GH_ABCDEF	3VR6.ABCDEF.GH_GH	RA2108E,RA2559E,RA3014E	0.287640
3VR6.ABCDEF.GH_ABCDEF	3VR6.ABCDEF.GH_GH	RA2108K,RA2559K,RA3014K	1.213160
3VR6.ABCDEF.GH_ABCDEF	3VR6.ABCDEF.GH_GH	RA476A,RA1068A,RA1650A	-0.278455
3VR6.ABCDEF.GH_ABCDEF	3VR6.ABCDEF.GH_GH	RA476A,RA1068A,RA1650A,RB134A,RB135A	1.317983
3VR6.ABCDEF.GH_ABCDEF	3VR6.ABCDEF.GH_GH	RB134A,RB135A	1.400088
3VR6.ABCDEF.GH_ABCDEF	3VR6.ABCDEF.GH_GH	VA2146A,VA2597A,VA3052A	0.698296
3VR6.ABCDEF.GH_ABCDEF	3VR6.ABCDEF.GH_GH	VA2146A,VA2597A,VA3052A,RB134A,RB135A	1.131312
4B0M.A.BM_A	4B0M.A.BM_BM	PB233S,PB234A	2.072551
4B0M.A.BM_A	4B0M.A.BM_BM	TA7G,MA8A	0.441657
4B0M.A.BM_A	4B0M.A.BM_BM	YB144G,YB172A	2.204752
4CVW.A.C_A	4CVW.A.C_C	LB34G,VB35D	7.745464
4E6K.AB.G_AB	4E6K.AB.G_G	EA81A,EA238A	2.584812
4E6K.AB.G_AB	4E6K.AB.G_G	EA85A,EA242A	3.072575
4E6K.AB.G_AB	4E6K.AB.G_G	LA68A,LA225A	2.669897
4FTV.ABC.DE_ABC	4FTV.ABC.DE_DE	DB93A,RA65A	1.163969
4FTV.ABC.DE_ABC	4FTV.ABC.DE_DE	EA63Q,DB93A	-0.004540
4FTV.ABC.DE_ABC	4FTV.ABC.DE_DE	EA63Q,DB93A,KA66A	1.855068
4FTV.ABC.DE_ABC	4FTV.ABC.DE_DE	EA63Q,KA66A	1.331636
4FTV.ABC.DE_ABC	4FTV.ABC.DE_DE	KB66A,TA163A	-2.130459
4FTV.ABC.DE_ABC	4FTV.ABC.DE_DE	MB298A,AB300G,QB301R	3.619436
4FTV.ABC.DE_ABC	4FTV.ABC.DE_DE	MB298A,QB301E	0.506200
4FTV.ABC.DE_ABC	4FTV.ABC.DE_DE	MB298A,SB299G,AB300G,QB301R	3.960311
4FTV.ABC.DE_ABC	4FTV.ABC.DE_DE	SB299G,AB300G,QB301R	3.651468
4G0N.A.B_A	4G0N.A.B_B	FB8W,NB18R	-0.287640
4G0N.A.B_A	4G0N.A.B_B	FB8W,NB18R,VB35I	0.363235
4G0N.A.B_A	4G0N.A.B_B	FB8W,RB14L,NB18R,VB35I	0.603454
4G0N.A.B_A	4G0N.A.B_B	FB8W,RB14L,VB16E,NB18R,KB31R,VB35I	3.604047
4G0N.A.B_A	4G0N.A.B_B	FB8W,VB16E,NB18R,VB35I	1.818733
4G0N.A.B_A	4G0N.A.B_B	KB31A,DA33A	2.613789
4G0N.A.B_A	4G0N.A.B_B	KB31A,EA31A	2.032993
4G0N.A.B_A	4G0N.A.B_B	KB31A,EA37A	3.387531
4G0N.A.B_A	4G0N.A.B_B	KB31A,RB36G	5.358625
4G0N.A.B_A	4G0N.A.B_B	NB11A,RA41A	-0.580602
4G0N.A.B_A	4G0N.A.B_B	NB11A,VA45A	0.000000
4G0N.A.B_A	4G0N.A.B_B	NB18R,AB32K	-1.279391
4G0N.A.B_A	4G0N.A.B_B	QB13A,RA41A	1.258514
4G0N.A.B_A	4G0N.A.B_B	QB13A,SA39A	2.032993
4G0N.A.B_A	4G0N.A.B_B	QB13A,VA45A	1.551360
4G0N.A.B_A	4G0N.A.B_B	RB14A,SA39A	2.226851
4G0N.A.B_A	4G0N.A.B_B	RB14A,VA45A	1.742959
4G0N.A.B_A	4G0N.A.B_B	RB6A,DA33A	2.516607
4G0N.A.B_A	4G0N.A.B_B	RB6A,DA38A	4.451485
4G0N.A.B_A	4G0N.A.B_B	RB6A,EA31A	2.129756
4G0N.A.B_A	4G0N.A.B_B	RB6A,EA37A	2.323566
4G0N.A.B_A	4G0N.A.B_B	RB6A,IA36A	4.257757
4G0N.A.B_A	4G0N.A.B_B	RB6A,NB11D	3.421207
4G0N.A.B_A	4G0N.A.B_B	TA35A,AB32K	2.578799
4G0N.A.B_A	4G0N.A.B_B	TA35A,NB18R	2.099827
4G0N.A.B_A	4G0N.A.B_B	TA35A,NB18R,AB32K	1.967625
4G0N.A.B_A	4G0N.A.B_B	TB15A,DA38A	3.000671
4G0N.A.B_A	4G0N.A.B_B	TB15A,EA31A	1.551360
4G0N.A.B_A	4G0N.A.B_B	TB15A,EA37A	2.807084
4G0N.A.B_A	4G0N.A.B_B	TB15A,IA21A	2.129756
4G0N.A.B_A	4G0N.A.B_B	TB15A,IA36A	3.000671
4G0N.A.B_A	4G0N.A.B_B	TB15A,SA39A	1.937270
4G0N.A.B_A	4G0N.A.B_B	TB15A,VA45A	1.064969
4G0N.A.B_A	4G0N.A.B_B	VB16A,EA37A	2.710342
4G0N.A.B_A	4G0N.A.B_B	VB16A,IA21A	1.551360
4G0N.A.B_A	4G0N.A.B_B	VB16A,IA36A	2.613789
4G0N.A.B_A	4G0N.A.B_B	VB35A,HA27A	0.192551
4G0N.A.B_A	4G0N.A.B_B	VB35A,IA21A	0.290701
4G0N.A.B_A	4G0N.A.B_B	YA32C,CA116S	0.735655
4G0N.A.B_A	4G0N.A.B_B	YA32C,CA116S,AB32K	-0.641830
4G0N.A.B_A	4G0N.A.B_B	YA32C,CA116S,NB18R	-0.366751
4G0N.A.B_A	4G0N.A.B_B	YA32C,CA116S,NB18R,AB32K	-1.730922
4G2V.A.B_A	4G2V.A.B_B	RA198E,NA260R	2.284455
4GNK.A.B_A	4GNK.A.B_B	DA279A,PA281D	0.121331
4GNK.A.B_A	4GNK.A.B_B	KA294A,LB764A	-1.552840
4GNK.A.B_A	4GNK.A.B_B	LB764A,DA279A,PA281D	-1.723277
4GU0.A.E_A	4GU0.A.E_E	LB20A,TB22A,RB26A	0.916397
4GXU.ABCDEF.MN_ABCDEF	4GXU.ABCDEF.MN_MN	DA189E,DA224G	3.011555
4J2L.A.CD_A	4J2L.A.CD_CD	SA34D,LA118E	0.697008
4J2L.A.CD_A	4J2L.A.CD_CD	VA23A,LA118E	0.436846
4J2L.A.CD_A	4J2L.A.CD_CD	VA23A,SA34D	2.266683
4JEU.A.B_A	4JEU.A.B_B	LB147A,EB148A	1.101857
4JFD.ABC.DE_ABC	4JFD.ABC.DE_DE	AA380G,EA377A	0.804623
4JFD.ABC.DE_ABC	4JFD.ABC.DE_DE	AA380G,GA382A	0.077050
4JFD.ABC.DE_ABC	4JFD.ABC.DE_DE	AA380G,IA383A	-0.088590
4JFD.ABC.DE_ABC	4JFD.ABC.DE_DE	AA380G,LA384A	-0.319330
4JFD.ABC.DE_ABC	4JFD.ABC.DE_DE	AA380G,TA385A	0.016233
4JFE.ABC.DE_ABC	4JFE.ABC.DE_DE	AA383I,EA377A	0.893213
4JFE.ABC.DE_ABC	4JFE.ABC.DE_DE	AA383I,GA380A	0.088590
4JFE.ABC.DE_ABC	4JFE.ABC.DE_DE	AA383I,GA382A	0.165641
4JFE.ABC.DE_ABC	4JFE.ABC.DE_DE	AA383I,LA384A	-0.230739
4JFE.ABC.DE_ABC	4JFE.ABC.DE_DE	AA383I,TA385A	0.104823
4JPK.HL.A_HL	4JPK.HL.A_A	DB159N,DB33N	0.619245
4K71.A.BC_A	4K71.A.BC_BC	AA418T,GA503E,AA545V	3.129041
4K71.A.BC_A	4K71.A.BC_BC	GA503E,AA545V	2.849380
4K71.A.BC_A	4K71.A.BC_BC	GA503R,AA545V	1.667994
4K71.A.BC_A	4K71.A.BC_BC	MA416V,AA418T	1.092546
4K71.A.BC_A	4K71.A.BC_BC	MA416V,AA418T,AA545V	2.854191
4K71.A.BC_A	4K71.A.BC_BC	MA416V,AA418T,GA503E,AA545V	3.636605
4K71.A.BC_A	4K71.A.BC_BC	MA416V,AA418T,GA503R	2.322624
4K71.A.BC_A	4K71.A.BC_BC	MA416V,AA418T,GA503R,AA545V	2.891328
4K71.A.BC_A	4K71.A.BC_BC	MA416V,GA503E,AA545V	2.927686
4KRL.A.B_A	4KRL.A.B_B	DA49T,FA51A	1.853262
4KRO.A.B_A	4KRO.A.B_B	DA321T,FA323A	0.127028
4KRP.A.B_A	4KRP.A.B_B	DA277T,FA279A	0.358457
4L3E.ABC.DE_ABC	4L3E.ABC.DE_DE	NB52A,EA166A	1.091682
4L3E.ABC.DE_ABC	4L3E.ABC.DE_DE	RA65A,YB247A	3.809300
4L3E.ABC.DE_ABC	4L3E.ABC.DE_DE	RA65A,YB26A	4.440749
4L3E.ABC.DE_ABC	4L3E.ABC.DE_DE	YB26A,RA65A	4.370968
4L3E.ABC.DE_ABC	4L3E.ABC.DE_DE	YB26D,WB294L	3.543451
4L3E.ABC.DE_ABC	4L3E.ABC.DE_DE	YB50A,QA155A	1.090514
4MNQ.ABC.DE_ABC	4MNQ.ABC.DE_DE	AB93S,LB94G,PB95T,GB97K	0.923126
4MNQ.ABC.DE_ABC	4MNQ.ABC.DE_DE	HB250W,PB251E,EB252F,YB253E	0.259645
4MNQ.ABC.DE_ABC	4MNQ.ABC.DE_DE	HB250W,PB251E,EB252F,YB253E,AB93S,LB94G,PB95T,GB97K	0.897640
4MNQ.ABC.DE_ABC	4MNQ.ABC.DE_DE	IB249V,HB250G,PB251A,EB252G,YB253I	1.519609
4MNQ.ABC.DE_ABC	4MNQ.ABC.DE_DE	IB249V,HB250G,PB251A,EB252G,YB253I,AB93S,LB94G,PB95T,GB97K	5.821152
4MNQ.ABC.DE_ABC	4MNQ.ABC.DE_DE	KA380A,AB93S,LB94G,PB95T,GB97K	3.632457
4MNQ.ABC.DE_ABC	4MNQ.ABC.DE_DE	KA380A,HB250W,PB251E,EB252F,YB253E	4.942732
4MNQ.ABC.DE_ABC	4MNQ.ABC.DE_DE	KA380A,IB249V,HB250G,PB251A,EB252G,YB253I	4.247952
4MNQ.ABC.DE_ABC	4MNQ.ABC.DE_DE	LA382A,AB93S,LB94G,PB95T,GB97K	5.102495
4MNQ.ABC.DE_ABC	4MNQ.ABC.DE_DE	LA382A,HB250W,PB251E,EB252F,YB253E	4.389199
4MNQ.ABC.DE_ABC	4MNQ.ABC.DE_DE	LA382A,HB250W,PB251E,EB252F,YB253E,AB93S,LB94G,PB95T,GB97K	5.426296
4MNQ.ABC.DE_ABC	4MNQ.ABC.DE_DE	LA382A,IB249V,HB250G,PB251A,EB252G,YB253I	4.669893
4MYW.A.B_A	4MYW.A.B_B	TB31A,QB32A,EB93A,NB101A	-0.529820
4NKQ.C.AB_C	4NKQ.C.AB_AB	DA99K,DB499R	0.815236
4NKQ.C.AB_C	4NKQ.C.AB_AB	DA99K,KB502D	-0.501983
4NKQ.C.AB_C	4NKQ.C.AB_AB	DA99K,RB492D	0.176453
4NKQ.C.AB_C	4NKQ.C.AB_AB	DA99K,RB492D,KB502D	0.535559
4NKQ.C.AB_C	4NKQ.C.AB_AB	DB499A,TB500A,KB501A	0.353585
4NKQ.C.AB_C	4NKQ.C.AB_AB	DB588A,VB589A	2.076726
4NKQ.C.AB_C	4NKQ.C.AB_AB	DB588A,VB589A,RB590A,IB591A	-0.120233
4NKQ.C.AB_C	4NKQ.C.AB_AB	DB588Q,VB589Q	2.223105
4NKQ.C.AB_C	4NKQ.C.AB_AB	IB591A,LB592A	0.271429
4NKQ.C.AB_C	4NKQ.C.AB_AB	IB591Q,LB592Q	0.856203
4NKQ.C.AB_C	4NKQ.C.AB_AB	KB502A,IB503A,EB504A	-0.701327
4NKQ.C.AB_C	4NKQ.C.AB_AB	LB489A,TB490A,SB491A	0.110028
4NKQ.C.AB_C	4NKQ.C.AB_AB	RB492A,NB493A,YB494A	-0.331545
4NKQ.C.AB_C	4NKQ.C.AB_AB	RB492D,KB502D	1.313719
4NKQ.C.AB_C	4NKQ.C.AB_AB	YB531A,QB532A,KB533A,LB534A,SB535A,YB536A	-0.310756
4NKQ.C.AB_C	4NKQ.C.AB_AB	YB531A,YB536A	-0.627174
4OFY.A.D_A	4OFY.A.D_D	QA34A,FA40A	4.140707
4OFY.A.D_A	4OFY.A.D_D	QA34A,MA36A,FA40A,SA87A	4.461577
4RA0.A.C_A	4RA0.A.C_C	AB66V,RB101G	0.953515
4RA0.A.C_A	4RA0.A.C_C	GB61D,AB66V	1.102140
4RA0.A.C_A	4RA0.A.C_C	GB61D,AB66V,RB101G	1.109047
4RA0.A.C_A	4RA0.A.C_C	SB6G,AB66V	0.767548
4RA0.A.C_A	4RA0.A.C_C	SB6G,AB66V,RB101G	0.710983
4RA0.A.C_A	4RA0.A.C_C	SB6G,GB61D,AB66V	1.145801
4RA0.A.C_A	4RA0.A.C_C	SB6G,GB61D,AB66V,RB101G	1.183396
4RS1.A.B_A	4RS1.A.B_B	DA28K,DA92K	4.122902
4RS1.A.B_A	4RS1.A.B_B	EA25K,DA28K	4.122902
4RS1.A.B_A	4RS1.A.B_B	EA25K,DA92K	4.122902
4RS1.A.B_A	4RS1.A.B_B	LA95A,FA99A	4.122902
4RS1.A.B_A	4RS1.A.B_B	LB146A,TB147A,SB148A	-0.215934
4RS1.A.B_A	4RS1.A.B_B	NB116A,SB117A,KB118A,RB119A	-0.046389
4RS1.A.B_A	4RS1.A.B_B	RB47A,EB48A,HB52A	-0.546588
4RS1.A.B_A	4RS1.A.B_B	YB201A,YB206A	0.720931
4UYP.A.D_A	4UYP.A.D_D	AB18F,AB54F,SB15I,IB16N	4.680967
4UYP.A.D_A	4UYP.A.D_D	DB23Q,DB59Q,SB15I,IB16N	4.472781
4UYP.A.D_A	4UYP.A.D_D	IB51S,IB16N	1.974171
4UYP.A.D_A	4UYP.A.D_D	IB51S,NB52I,SB15I,IB16N	-0.211313
4UYP.A.D_A	4UYP.A.D_D	LB20Y,LB56Y,SB15I,IB16N	0.240219
4UYP.A.D_A	4UYP.A.D_D	NB52I,SB15I	3.837295
4UYP.A.D_A	4UYP.A.D_D	RB14N,KB50N,SB15I,IB16N	0.689111
4UYP.A.D_A	4UYP.A.D_D	SB15I,IB16N	-0.255218
4UYQ.A.B_A	4UYQ.A.B_B	AB18F,AB54F,SB51I,IB52N	4.892280
4UYQ.A.B_A	4UYQ.A.B_B	DB23Q,DB59Q,SB51I,IB52N	4.684094
4UYQ.A.B_A	4UYQ.A.B_B	IB15S,IB52N	2.185484
4UYQ.A.B_A	4UYQ.A.B_B	IB15S,NB16I,SB51I,IB52N	0.211313
4UYQ.A.B_A	4UYQ.A.B_B	LB20Y,LB56Y,SB51I,IB52N	0.451531
4UYQ.A.B_A	4UYQ.A.B_B	NB16I,SB51I	4.048608
4UYQ.A.B_A	4UYQ.A.B_B	RB14N,KB50N,SB51I,IB52N	0.900424
4UYQ.A.B_A	4UYQ.A.B_B	SB51I,IB52N	-0.043905
4WND.A.B_A	4WND.A.B_B	RA201E,NA263R	3.857380
4X4M.AB.E_AB	4X4M.AB.E_E	KB153A,HB154A,RB155A	1.788142
4Y61.A.B_A	4Y61.A.B_B	FB219A,HB222A	0.289174
4YFD.A.B_A	4YFD.A.B_B	EA207G,LA208S,RA209S,EA210G	-0.035917
4YFD.A.B_A	4YFD.A.B_B	EA207Q,RA209E,EA210Q	0.172612
4YH7.A.B_A	4YH7.A.B_B	EA207G,LA208S,RA209S,EA210G	-0.040875
4YH7.A.B_A	4YH7.A.B_B	EA207Q,RA209E,EA210Q	0.038236
4YH7.A.B_A	4YH7.A.B_B	MB45A,YB47A,PB58A,FB61A	1.733953
5C6T.HL.A_HL	5C6T.HL.A_A	NB195A,DB197A	0.586764
5C6T.HL.A_HL	5C6T.HL.A_A	YB182A,NB195A,DB197A	2.943742
5CYK.A.B_A	5CYK.A.B_B	EB52R,EB47D	-2.315311
5CYK.A.B_A	5CYK.A.B_B	EB52R,TB50Q	-2.617951
5CYK.A.B_A	5CYK.A.B_B	EB52R,VB54W	-2.115968
5E9D.AB.CDE_AB	5E9D.AB.CDE_CDE	GB37E,AB218Y	-1.310463
5E9D.AB.CDE_AB	5E9D.AB.CDE_CDE	GB37E,TB100Q	-1.550681
5E9D.AB.CDE_AB	5E9D.AB.CDE_CDE	GB37E,TB100Q,AB218Y	-2.475290
5E9D.AB.CDE_AB	5E9D.AB.CDE_CDE	GB37E,TB100Q,VB169D,AB218E	-2.636398
5E9D.AB.CDE_AB	5E9D.AB.CDE_CDE	GB37E,VB169D	-1.202446
5E9D.AB.CDE_AB	5E9D.AB.CDE_CDE	GB37R,TB100Q,VB169E,AB218D	-3.126165
5E9D.AB.CDE_AB	5E9D.AB.CDE_CDE	GB37R,TB100Q,VB169E,AB218V	-2.759414
5E9D.AB.CDE_AB	5E9D.AB.CDE_CDE	TB100Q,AB218Y	-1.272227
5M2O.A.B_A	5M2O.A.B_B	EA80A,HA117A	2.529977
5M2O.A.B_A	5M2O.A.B_B	EA80A,NA120A	1.210967
5M2O.A.B_A	5M2O.A.B_B	HA117A,NA120A	2.338982
5M2O.A.B_A	5M2O.A.B_B	NA71A,EA80A	1.028942
5M2O.A.B_A	5M2O.A.B_B	NA71A,HA117A	2.286818
5M2O.A.B_A	5M2O.A.B_B	NA71A,NA120A	2.459463
5M2O.A.B_A	5M2O.A.B_B	VB21A,QB25A	3.317599
5TAR.A.B_A	5TAR.A.B_B	TA183A,KA184E	2.730913
5UFE.A.B_A	5UFE.A.B_B	GA12D,QB25R	-0.975104
5UFE.A.B_A	5UFE.A.B_B	GA12D,QB25R,EB33G,DB34G	-0.922537
5UFE.A.B_A	5UFE.A.B_B	QB25R,EB33G,DB34G	0.097520
5UFQ.A.C_A	5UFQ.A.C_C	DA12G,QB25R,KB55G	1.513885
5UFQ.A.C_A	5UFQ.A.C_C	QB25R,KB55G	0.246358
5XCO.A.B_A	5XCO.A.B_B	DA13C,DB12A	2.797383
5XCO.A.B_A	5XCO.A.B_B	DA13C,IB9A	2.797383
5XCO.A.B_A	5XCO.A.B_B	DA13C,LB7A	2.797383
5XCO.A.B_A	5XCO.A.B_B	DA13C,PB13A	1.747584
5XCO.A.B_A	5XCO.A.B_B	DA13C,PB6A	2.409963
5XCO.A.B_A	5XCO.A.B_B	DA13C,SB10A	2.464354
5XCO.A.B_A	5XCO.A.B_B	DA13C,VB14A	0.859965
5XCO.A.B_A	5XCO.A.B_B	DA13C,YB11A	2.797383
5XCO.A.B_A	5XCO.A.B_B	DA13C,YB8A	2.618993
5XCO.A.B_A	5XCO.A.B_B	DA13G,DB12A	2.797383
5XCO.A.B_A	5XCO.A.B_B	DA13G,IB9A	2.797383
5XCO.A.B_A	5XCO.A.B_B	DA13G,LB7A	2.797383
5XCO.A.B_A	5XCO.A.B_B	DA13G,PB13A	2.122323
5XCO.A.B_A	5XCO.A.B_B	DA13G,PB6A	2.453868
5XCO.A.B_A	5XCO.A.B_B	DA13G,SB10A	2.791429
5XCO.A.B_A	5XCO.A.B_B	DA13G,VB14A	1.322820
5XCO.A.B_A	5XCO.A.B_B	DA13G,YB11A	2.797383
5XCO.A.B_A	5XCO.A.B_B	DA13G,YB8A	2.741508
