1A22.A.B_A	1A22.A.B_B	CA171A	1.019411
1A22.A.B_A	1A22.A.B_B	CB67A	0.000000
1A22.A.B_A	1A22.A.B_B	CB81A	0.000000
1A22.A.B_A	1A22.A.B_B	DA160A	0.974370
1A22.A.B_A	1A22.A.B_B	DA26A	-0.211313
1A22.A.B_A	1A22.A.B_B	DB119A	1.531305
1A22.A.B_A	1A22.A.B_B	DB160A	-0.046188
1A22.A.B_A	1A22.A.B_B	DB85A	0.984745
1A22.A.B_A	1A22.A.B_B	DB91A	1.085717
1A22.A.B_A	1A22.A.B_B	EA163A	-0.910037
1A22.A.B_A	1A22.A.B_B	EA175A	-0.074272
1A22.A.B_A	1A22.A.B_B	EA56A	0.624571
1A22.A.B_A	1A22.A.B_B	EA65A	-0.393725
1A22.A.B_A	1A22.A.B_B	EA66A	0.436234
1A22.A.B_A	1A22.A.B_B	EB10A	0.705528
1A22.A.B_A	1A22.A.B_B	EB128A	0.082802
1A22.A.B_A	1A22.A.B_B	EB12A	1.373793
1A22.A.B_A	1A22.A.B_B	EB130A	-0.079111
1A22.A.B_A	1A22.A.B_B	EB135A	0.199344
1A22.A.B_A	1A22.A.B_B	EB162A	-0.079111
1A22.A.B_A	1A22.A.B_B	EB164A	-0.062421
1A22.A.B_A	1A22.A.B_B	EB179A	0.108017
1A22.A.B_A	1A22.A.B_B	EB34A	-0.098667
1A22.A.B_A	1A22.A.B_B	EB38A	-0.079111
1A22.A.B_A	1A22.A.B_B	EB41A	0.783077
1A22.A.B_A	1A22.A.B_B	EB50A	0.177798
1A22.A.B_A	1A22.A.B_B	EB79A	-0.202294
1A22.A.B_A	1A22.A.B_B	EB86A	0.786411
1A22.A.B_A	1A22.A.B_B	FA10A	1.049799
1A22.A.B_A	1A22.A.B_B	FA165A	1.024455
1A22.A.B_A	1A22.A.B_B	FA165Y	1.269933
1A22.A.B_A	1A22.A.B_B	FA180A	0.191828
1A22.A.B_A	1A22.A.B_B	FA25A	-0.423821
1A22.A.B_A	1A22.A.B_B	FA54A	0.879362
1A22.A.B_A	1A22.A.B_B	FB55S	-0.041053
1A22.A.B_A	1A22.A.B_B	FB59A	-0.015000
1A22.A.B_A	1A22.A.B_B	GA176A	0.346296
1A22.A.B_A	1A22.A.B_B	HA18A	-0.346373
1A22.A.B_A	1A22.A.B_B	HA21A	0.155438
1A22.A.B_A	1A22.A.B_B	IA168A	0.698028
1A22.A.B_A	1A22.A.B_B	IA4A	0.410656
1A22.A.B_A	1A22.A.B_B	IA58A	1.659799
1A22.A.B_A	1A22.A.B_B	IA58L	0.316418
1A22.A.B_A	1A22.A.B_B	IB120A	2.154394
1A22.A.B_A	1A22.A.B_B	IB62A	1.272705
1A22.A.B_A	1A22.A.B_B	IB64A	1.350494
1A22.A.B_A	1A22.A.B_B	IB87A	0.588454
1A22.A.B_A	1A22.A.B_B	KA157A	-0.052375
1A22.A.B_A	1A22.A.B_B	KA161A	1.779152
1A22.A.B_A	1A22.A.B_B	KA70A	0.521570
1A22.A.B_A	1A22.A.B_B	KB122A	-0.008843
1A22.A.B_A	1A22.A.B_B	KB134A	0.000000
1A22.A.B_A	1A22.A.B_B	KB158A	0.240219
1A22.A.B_A	1A22.A.B_B	KB161A	0.199344
1A22.A.B_A	1A22.A.B_B	KB170A	0.642630
1A22.A.B_A	1A22.A.B_B	KB40A	0.143934
1A22.A.B_A	1A22.A.B_B	KB69A	0.042847
1A22.A.B_A	1A22.A.B_B	KB80A	0.079457
1A22.A.B_A	1A22.A.B_B	LA15A	0.152751
1A22.A.B_A	1A22.A.B_B	LA45A	1.224517
1A22.A.B_A	1A22.A.B_B	LA6A	0.639143
1A22.A.B_A	1A22.A.B_B	LA73A	-0.206355
1A22.A.B_A	1A22.A.B_B	LA9A	-0.035917
1A22.A.B_A	1A22.A.B_B	MA14A	0.234353
1A22.A.B_A	1A22.A.B_B	NA12A	0.096285
1A22.A.B_A	1A22.A.B_B	NA63A	0.510328
1A22.A.B_A	1A22.A.B_B	NB173A	0.287041
1A22.A.B_A	1A22.A.B_B	NB31A	0.003612
1A22.A.B_A	1A22.A.B_B	NB56A	-0.255218
1A22.A.B_A	1A22.A.B_B	PA2A	-0.054727
1A22.A.B_A	1A22.A.B_B	PA48A	0.410656
1A22.A.B_A	1A22.A.B_B	PA59A	0.383925
1A22.A.B_A	1A22.A.B_B	PA5A	0.436234
1A22.A.B_A	1A22.A.B_B	PA61A	1.209325
1A22.A.B_A	1A22.A.B_B	PB65A	2.966264
1A22.A.B_A	1A22.A.B_B	PB9A	0.259645
1A22.A.B_A	1A22.A.B_B	QA170A	0.274082
1A22.A.B_A	1A22.A.B_B	QA22A	-0.219837
1A22.A.B_A	1A22.A.B_B	QA29A	-0.589047
1A22.A.B_A	1A22.A.B_B	QA46A	0.108017
1A22.A.B_A	1A22.A.B_B	QA68A	0.787916
1A22.A.B_A	1A22.A.B_B	QA69A	-0.054727
1A22.A.B_A	1A22.A.B_B	QB121A	0.008587
1A22.A.B_A	1A22.A.B_B	QB171A	0.884437
1A22.A.B_A	1A22.A.B_B	QB33A	-0.193698
1A22.A.B_A	1A22.A.B_B	QB37A	-0.410656
1A22.A.B_A	1A22.A.B_B	QB89A	-0.030389
1A22.A.B_A	1A22.A.B_B	RA156A	0.059761
1A22.A.B_A	1A22.A.B_B	RA167A	2.425703
1A22.A.B_A	1A22.A.B_B	RA167K	0.953515
1A22.A.B_A	1A22.A.B_B	RA167N	1.269933
1A22.A.B_A	1A22.A.B_B	RA16A	0.240219
1A22.A.B_A	1A22.A.B_B	RA172A	0.489546
1A22.A.B_A	1A22.A.B_B	RA19A	0.050096
1A22.A.B_A	1A22.A.B_B	RA64A	1.721932
1A22.A.B_A	1A22.A.B_B	RA64K	-0.314372
1A22.A.B_A	1A22.A.B_B	RA8A	0.204301
1A22.A.B_A	1A22.A.B_B	RB11A	1.524245
1A22.A.B_A	1A22.A.B_B	RB11L	0.521570
1A22.A.B_A	1A22.A.B_B	RB11M	1.000400
1A22.A.B_A	1A22.A.B_B	RB166A	0.056467
1A22.A.B_A	1A22.A.B_B	RB168A	-0.190523
1A22.A.B_A	1A22.A.B_B	RB172A	0.261142
1A22.A.B_A	1A22.A.B_B	RB29A	0.554108
1A22.A.B_A	1A22.A.B_B	RB30A	0.567586
1A22.A.B_A	1A22.A.B_B	RB7A	0.269124
1A22.A.B_A	1A22.A.B_B	SA173A	-0.054727
1A22.A.B_A	1A22.A.B_B	SA177A	-0.206355
1A22.A.B_A	1A22.A.B_B	SA51A	0.348235
1A22.A.B_A	1A22.A.B_B	SA55A	0.110914
1A22.A.B_A	1A22.A.B_B	SA57A	0.204301
1A22.A.B_A	1A22.A.B_B	SA62A	0.397291
1A22.A.B_A	1A22.A.B_B	SA71A	0.410656
1A22.A.B_A	1A22.A.B_B	SA7A	0.346296
1A22.A.B_A	1A22.A.B_B	SB15A	-0.015000
1A22.A.B_A	1A22.A.B_B	SB174A	0.033864
1A22.A.B_A	1A22.A.B_B	SB57A	-0.168411
1A22.A.B_A	1A22.A.B_B	SB58A	-0.506941
1A22.A.B_A	1A22.A.B_B	SB61A	0.020845
1A22.A.B_A	1A22.A.B_B	SB83A	0.225940
1A22.A.B_A	1A22.A.B_B	TA164A	1.907029
1A22.A.B_A	1A22.A.B_B	TA164S	1.690717
1A22.A.B_A	1A22.A.B_B	TA3A	-0.054727
1A22.A.B_A	1A22.A.B_B	TB149A	0.191049
1A22.A.B_A	1A22.A.B_B	TB150A	-0.108445
1A22.A.B_A	1A22.A.B_B	TB19A	0.069781
1A22.A.B_A	1A22.A.B_B	TB32A	-0.084168
1A22.A.B_A	1A22.A.B_B	TB36A	-0.025458
1A22.A.B_A	1A22.A.B_B	TB60A	1.423664
1A22.A.B_A	1A22.A.B_B	VA169A	0.000000
1A22.A.B_A	1A22.A.B_B	VA174A	0.879362
1A22.A.B_A	1A22.A.B_B	VB126A	-0.670132
1A22.A.B_A	1A22.A.B_B	VB84A	1.142183
1A22.A.B_A	1A22.A.B_B	VB88A	-0.046188
1A22.A.B_A	1A22.A.B_B	WB124A	4.731656
1A22.A.B_A	1A22.A.B_B	WB35A	0.544846
1A22.A.B_A	1A22.A.B_B	WB39A	0.049679
1A22.A.B_A	1A22.A.B_B	WB63A	4.683514
1A22.A.B_A	1A22.A.B_B	WB63F	2.784809
1A22.A.B_A	1A22.A.B_B	YA153A	0.348235
1A22.A.B_A	1A22.A.B_B	YA42A	0.199344
1A22.A.B_A	1A22.A.B_B	YB54A	0.199344
1AHW.AB.C_AB	1AHW.AB.C_C	DB167A	-0.484810
1AHW.AB.C_AB	1AHW.AB.C_C	LB165A	0.987378
1AHW.AB.C_AB	1AHW.AB.C_C	NB188A	1.078705
1AHW.AB.C_AB	1AHW.AB.C_C	TB156A	-0.074153
1AHW.AB.C_AB	1AHW.AB.C_C	TB159A	1.106266
1AHW.AB.C_AB	1AHW.AB.C_C	TB186A	1.346485
1AHW.AB.C_AB	1AHW.AB.C_C	VB187A	-0.314372
1AHW.AB.C_AB	1AHW.AB.C_C	YB145A	3.807047
1AHW.AB.C_AB	1AHW.AB.C_C	YB146A	-1.889856
1AK4.A.D_A	1AK4.A.D_D	AB88G	2.654847
1AK4.A.D_A	1AK4.A.D_D	AB88V	0.769763
1AK4.A.D_A	1AK4.A.D_D	AB92G	0.581094
1AK4.A.D_A	1AK4.A.D_D	AB92V	0.359106
1AK4.A.D_A	1AK4.A.D_D	GB89A	2.077467
1AK4.A.D_A	1AK4.A.D_D	GB89V	3.030982
1AK4.A.D_A	1AK4.A.D_D	HB87A	1.009981
1AK4.A.D_A	1AK4.A.D_D	HB87Q	0.972941
1AK4.A.D_A	1AK4.A.D_D	HB87R	1.645703
1AK4.A.D_A	1AK4.A.D_D	IB91A	0.240219
1AK4.A.D_A	1AK4.A.D_D	IB91V	0.000000
1AK4.A.D_A	1AK4.A.D_D	PB85A	1.085717
1AK4.A.D_A	1AK4.A.D_D	PB90A	2.173011
1AK4.A.D_A	1AK4.A.D_D	PB90V	3.030982
1AK4.A.D_A	1AK4.A.D_D	PB93A	0.682907
1AK4.A.D_A	1AK4.A.D_D	VB86A	0.991751
1AO7.ABC.DE_ABC	1AO7.ABC.DE_DE	AA149G	-0.154496
1AO7.ABC.DE_ABC	1AO7.ABC.DE_DE	AA150G	0.061950
1AO7.ABC.DE_ABC	1AO7.ABC.DE_DE	AA150P	1.003967
1AO7.ABC.DE_ABC	1AO7.ABC.DE_DE	AA158G	0.311991
1AO7.ABC.DE_ABC	1AO7.ABC.DE_DE	AA69G	1.366800
1AO7.ABC.DE_ABC	1AO7.ABC.DE_DE	AB165P	-0.325517
1AO7.ABC.DE_ABC	1AO7.ABC.DE_DE	AB211K	0.061574
1AO7.ABC.DE_ABC	1AO7.ABC.DE_DE	AB211M	-0.310481
1AO7.ABC.DE_ABC	1AO7.ABC.DE_DE	DA61A	0.379559
1AO7.ABC.DE_ABC	1AO7.ABC.DE_DE	DB26A	0.979000
1AO7.ABC.DE_ABC	1AO7.ABC.DE_DE	DB26M	0.211313
1AO7.ABC.DE_ABC	1AO7.ABC.DE_DE	DB26V	1.364171
1AO7.ABC.DE_ABC	1AO7.ABC.DE_DE	DB26W	-1.080450
1AO7.ABC.DE_ABC	1AO7.ABC.DE_DE	DB93A	0.779626
1AO7.ABC.DE_ABC	1AO7.ABC.DE_DE	DB93N	2.459521
1AO7.ABC.DE_ABC	1AO7.ABC.DE_DE	EA154A	0.361549
1AO7.ABC.DE_ABC	1AO7.ABC.DE_DE	EA166A	2.200084
1AO7.ABC.DE_ABC	1AO7.ABC.DE_DE	EA55A	0.855644
1AO7.ABC.DE_ABC	1AO7.ABC.DE_DE	EA58A	-0.487530
1AO7.ABC.DE_ABC	1AO7.ABC.DE_DE	EA63A	0.158537
1AO7.ABC.DE_ABC	1AO7.ABC.DE_DE	EB143A	2.022149
1AO7.ABC.DE_ABC	1AO7.ABC.DE_DE	GB212S	-0.326497
1AO7.ABC.DE_ABC	1AO7.ABC.DE_DE	GB213A	-1.091030
1AO7.ABC.DE_ABC	1AO7.ABC.DE_DE	GB213P	0.449733
1AO7.ABC.DE_ABC	1AO7.ABC.DE_DE	GB28A	0.542858
1AO7.ABC.DE_ABC	1AO7.ABC.DE_DE	GB28I	-0.279584
1AO7.ABC.DE_ABC	1AO7.ABC.DE_DE	GB28L	-0.466841
1AO7.ABC.DE_ABC	1AO7.ABC.DE_DE	GB28M	-0.518673
1AO7.ABC.DE_ABC	1AO7.ABC.DE_DE	GB28R	2.317686
1AO7.ABC.DE_ABC	1AO7.ABC.DE_DE	GB28T	-0.759230
1AO7.ABC.DE_ABC	1AO7.ABC.DE_DE	GB28V	0.542858
1AO7.ABC.DE_ABC	1AO7.ABC.DE_DE	HA151A	-0.302640
1AO7.ABC.DE_ABC	1AO7.ABC.DE_DE	HA70A	3.155595
1AO7.ABC.DE_ABC	1AO7.ABC.DE_DE	HA74A	1.604390
1AO7.ABC.DE_ABC	1AO7.ABC.DE_DE	IB167R	1.364171
1AO7.ABC.DE_ABC	1AO7.ABC.DE_DE	KA146A	0.462206
1AO7.ABC.DE_ABC	1AO7.ABC.DE_DE	KA66A	2.627111
1AO7.ABC.DE_ABC	1AO7.ABC.DE_DE	KA68A	0.193545
1AO7.ABC.DE_ABC	1AO7.ABC.DE_DE	KB66A	1.211536
1AO7.ABC.DE_ABC	1AO7.ABC.DE_DE	KB66H	0.953515
1AO7.ABC.DE_ABC	1AO7.ABC.DE_DE	KB97P	-0.267779
1AO7.ABC.DE_ABC	1AO7.ABC.DE_DE	LA375A	0.939034
1AO7.ABC.DE_ABC	1AO7.ABC.DE_DE	NB52A	0.354919
1AO7.ABC.DE_ABC	1AO7.ABC.DE_DE	PB215A	1.157746
1AO7.ABC.DE_ABC	1AO7.ABC.DE_DE	QA155A	0.231625
1AO7.ABC.DE_ABC	1AO7.ABC.DE_DE	QA43A	0.028906
1AO7.ABC.DE_ABC	1AO7.ABC.DE_DE	QA72A	0.186956
1AO7.ABC.DE_ABC	1AO7.ABC.DE_DE	QB30E	0.410656
1AO7.ABC.DE_ABC	1AO7.ABC.DE_DE	QB30L	1.685457
1AO7.ABC.DE_ABC	1AO7.ABC.DE_DE	QB30N	0.713296
1AO7.ABC.DE_ABC	1AO7.ABC.DE_DE	QB30V	-0.092118
1AO7.ABC.DE_ABC	1AO7.ABC.DE_DE	RA170A	-0.076653
1AO7.ABC.DE_ABC	1AO7.ABC.DE_DE	RA65A	3.043512
1AO7.ABC.DE_ABC	1AO7.ABC.DE_DE	RA75A	0.534724
1AO7.ABC.DE_ABC	1AO7.ABC.DE_DE	RB207A	0.389991
1AO7.ABC.DE_ABC	1AO7.ABC.DE_DE	RB214A	0.064695
1AO7.ABC.DE_ABC	1AO7.ABC.DE_DE	RB214P	-1.941686
1AO7.ABC.DE_ABC	1AO7.ABC.DE_DE	RB214Q	0.410656
1AO7.ABC.DE_ABC	1AO7.ABC.DE_DE	RB27A	0.490461
1AO7.ABC.DE_ABC	1AO7.ABC.DE_DE	RB27F	-0.199344
1AO7.ABC.DE_ABC	1AO7.ABC.DE_DE	RB27P	0.308001
1AO7.ABC.DE_ABC	1AO7.ABC.DE_DE	SB29A	0.302640
1AO7.ABC.DE_ABC	1AO7.ABC.DE_DE	SB31A	0.846152
1AO7.ABC.DE_ABC	1AO7.ABC.DE_DE	SB51M	-0.377734
1AO7.ABC.DE_ABC	1AO7.ABC.DE_DE	SB94A	-0.237595
1AO7.ABC.DE_ABC	1AO7.ABC.DE_DE	SB94N	1.907029
1AO7.ABC.DE_ABC	1AO7.ABC.DE_DE	SB94T	-0.493487
1AO7.ABC.DE_ABC	1AO7.ABC.DE_DE	SB94Y	2.317686
1AO7.ABC.DE_ABC	1AO7.ABC.DE_DE	TA163A	0.581570
1AO7.ABC.DE_ABC	1AO7.ABC.DE_DE	TA64A	-0.076041
1AO7.ABC.DE_ABC	1AO7.ABC.DE_DE	TA73A	0.766695
1AO7.ABC.DE_ABC	1AO7.ABC.DE_DE	TA80A	0.075735
1AO7.ABC.DE_ABC	1AO7.ABC.DE_DE	TB91A	0.957615
1AO7.ABC.DE_ABC	1AO7.ABC.DE_DE	TB92A	1.946656
1AO7.ABC.DE_ABC	1AO7.ABC.DE_DE	VA152A	-0.194249
1AO7.ABC.DE_ABC	1AO7.ABC.DE_DE	VA381R	1.225423
1AO7.ABC.DE_ABC	1AO7.ABC.DE_DE	VA67A	-0.558203
1AO7.ABC.DE_ABC	1AO7.ABC.DE_DE	VA76A	0.596872
1AO7.ABC.DE_ABC	1AO7.ABC.DE_DE	WA167A	1.313164
1AO7.ABC.DE_ABC	1AO7.ABC.DE_DE	WB95A	2.224471
1AO7.ABC.DE_ABC	1AO7.ABC.DE_DE	YA159A	3.245335
1AO7.ABC.DE_ABC	1AO7.ABC.DE_DE	YA379A	1.586162
1AO7.ABC.DE_ABC	1AO7.ABC.DE_DE	YA379F	0.086851
1AO7.ABC.DE_ABC	1AO7.ABC.DE_DE	YA379W	0.889024
1AO7.ABC.DE_ABC	1AO7.ABC.DE_DE	YA382A	3.167533
1AO7.ABC.DE_ABC	1AO7.ABC.DE_DE	YB50A	0.491139
1B2S.A.D_A	1B2S.A.D_D	AA27K	-3.866295
1B2S.A.D_A	1B2S.A.D_D	AB43T	-0.342976
1B3S.A.D_A	1B3S.A.D_D	AA102H	-5.681903
1B3S.A.D_A	1B3S.A.D_D	FB30Y	0.596094
1B41.A.B_A	1B41.A.B_B	AB12S	0.706960
1B41.A.B_A	1B41.A.B_B	HB29K	-0.887951
1B41.A.B_A	1B41.A.B_B	HB29R	-0.409397
1B41.A.B_A	1B41.A.B_B	KB32R	0.391440
1B41.A.B_A	1B41.A.B_B	LB35W	1.304545
1B41.A.B_A	1B41.A.B_B	MB33F	0.778860
1B41.A.B_A	1B41.A.B_B	MB33L	1.811486
1B41.A.B_A	1B41.A.B_B	MB33Q	1.595926
1B41.A.B_A	1B41.A.B_B	MB33Y	0.706960
1B41.A.B_A	1B41.A.B_B	NB47F	-0.141732
1B41.A.B_A	1B41.A.B_B	NB47R	-0.030389
1B41.A.B_A	1B41.A.B_B	NB47W	0.036658
1B41.A.B_A	1B41.A.B_B	RB11K	0.625112
1B41.A.B_A	1B41.A.B_B	RB27F	2.108171
1B41.A.B_A	1B41.A.B_B	RB27M	1.483632
1B41.A.B_A	1B41.A.B_B	RB27Y	2.396639
1B41.A.B_A	1B41.A.B_B	TB8V	1.136426
1B41.A.B_A	1B41.A.B_B	TB9I	0.024689
1B41.A.B_A	1B41.A.B_B	TB9N	3.610972
1B41.A.B_A	1B41.A.B_B	VB34T	1.214378
1BD2.ABC.DE_ABC	1BD2.ABC.DE_DE	DB30N	1.937420
1BD2.ABC.DE_ABC	1BD2.ABC.DE_DE	EB218A	2.835139
1BD2.ABC.DE_ABC	1BD2.ABC.DE_DE	EB93A	1.315691
1BD2.ABC.DE_ABC	1BD2.ABC.DE_DE	RA65A	2.499233
1BD2.ABC.DE_ABC	1BD2.ABC.DE_DE	YA379A	3.342017
1BD2.ABC.DE_ABC	1BD2.ABC.DE_DE	YA379F	0.740059
1BD2.ABC.DE_ABC	1BD2.ABC.DE_DE	YA379W	1.928575
1BD2.ABC.DE_ABC	1BD2.ABC.DE_DE	YA382A	2.760374
1BD2.ABC.DE_ABC	1BD2.ABC.DE_DE	YB289A	0.307979
1BJ1.HL.VW_HL	1BJ1.HL.VW_VW	HA101Y	-1.584305
1BJ1.HL.VW_HL	1BJ1.HL.VW_VW	HA107A	0.790006
1BJ1.HL.VW_HL	1BJ1.HL.VW_VW	NA31H	-0.762992
1BJ1.HL.VW_HL	1BJ1.HL.VW_VW	SA105T	-0.390571
1BJ1.HL.VW_HL	1BJ1.HL.VW_VW	TA28D	-0.220134
1BJ1.HL.VW_HL	1BJ1.HL.VW_VW	TA59A	0.851048
1BJ1.HL.VW_HL	1BJ1.HL.VW_VW	YA27A	2.243533
1BJ1.HL.VW_HL	1BJ1.HL.VW_VW	YA54A	1.328254
1BJ1.HL.VW_HL	1BJ1.HL.VW_VW	YA54W	-0.137331
1BJ1.HL.VW_HL	1BJ1.HL.VW_VW	YA99A	4.440749
1C1Y.A.B_A	1C1Y.A.B_B	DA38A	2.620325
1C1Y.A.B_A	1C1Y.A.B_B	KA31E	-1.774828
1C1Y.A.B_A	1C1Y.A.B_B	KB11A	1.108953
1C1Y.A.B_A	1C1Y.A.B_B	KB11E	0.891094
1C1Y.A.B_A	1C1Y.A.B_B	KB11M	0.713296
1C1Y.A.B_A	1C1Y.A.B_B	KB30A	1.312621
1C1Y.A.B_A	1C1Y.A.B_B	KB30E	2.232905
1C1Y.A.B_A	1C1Y.A.B_B	NB10A	0.501983
1C1Y.A.B_A	1C1Y.A.B_B	NB10D	1.476288
1C1Y.A.B_A	1C1Y.A.B_B	QB12A	1.580890
1C1Y.A.B_A	1C1Y.A.B_B	RB13A	1.455498
1C1Y.A.B_A	1C1Y.A.B_B	RB35L	2.620325
1C1Y.A.B_A	1C1Y.A.B_B	RB5A	1.907029
1C1Y.A.B_A	1C1Y.A.B_B	TB14A	1.455498
1C1Y.A.B_A	1C1Y.A.B_B	VB15A	1.123952
1C4Z.ABC.D_ABC	1C4Z.ABC.D_D	AB56G	0.566095
1C4Z.ABC.D_ABC	1C4Z.ABC.D_D	AB95G	0.410656
1C4Z.ABC.D_ABC	1C4Z.ABC.D_D	CA324A	0.108017
1C4Z.ABC.D_ABC	1C4Z.ABC.D_D	DA145A	-0.387420
1C4Z.ABC.D_ABC	1C4Z.ABC.D_D	DA145K	0.207747
1C4Z.ABC.D_ABC	1C4Z.ABC.D_D	DA156A	0.518673
1C4Z.ABC.D_ABC	1C4Z.ABC.D_D	DA156R	1.375903
1C4Z.ABC.D_ABC	1C4Z.ABC.D_D	EB57A	0.087932
1C4Z.ABC.D_ABC	1C4Z.ABC.D_D	EB57R	0.067142
1C4Z.ABC.D_ABC	1C4Z.ABC.D_D	EB90A	-0.434841
1C4Z.ABC.D_ABC	1C4Z.ABC.D_D	EB90R	-1.002914
1C4Z.ABC.D_ABC	1C4Z.ABC.D_D	FA194A	1.596437
1C4Z.ABC.D_ABC	1C4Z.ABC.D_D	FB60A	3.014157
1C4Z.ABC.D_ABC	1C4Z.ABC.D_D	IA159A	0.410656
1C4Z.ABC.D_ABC	1C4Z.ABC.D_D	IA163A	-0.089355
1C4Z.ABC.D_ABC	1C4Z.ABC.D_D	KB61A	0.293084
1C4Z.ABC.D_ABC	1C4Z.ABC.D_D	KB61E	0.725028
1C4Z.ABC.D_ABC	1C4Z.ABC.D_D	KB6A	0.610000
1C4Z.ABC.D_ABC	1C4Z.ABC.D_D	KB6E	1.554990
1C4Z.ABC.D_ABC	1C4Z.ABC.D_D	KB93A	1.135685
1C4Z.ABC.D_ABC	1C4Z.ABC.D_D	KB93E	1.169548
1C4Z.ABC.D_ABC	1C4Z.ABC.D_D	KB97A	1.301750
1C4Z.ABC.D_ABC	1C4Z.ABC.D_D	KB97E	1.420638
1C4Z.ABC.D_ABC	1C4Z.ABC.D_D	LA139A	1.216970
1C4Z.ABC.D_ABC	1C4Z.ABC.D_D	LA143A	0.999110
1C4Z.ABC.D_ABC	1C4Z.ABC.D_D	LA146A	1.974171
1C4Z.ABC.D_ABC	1C4Z.ABC.D_D	LB30A	-0.343515
1C4Z.ABC.D_ABC	1C4Z.ABC.D_D	MA157A	1.930266
1C4Z.ABC.D_ABC	1C4Z.ABC.D_D	MA158A	0.758892
1C4Z.ABC.D_ABC	1C4Z.ABC.D_D	MA174A	-0.573247
1C4Z.ABC.D_ABC	1C4Z.ABC.D_D	NB28A	-0.178390
1C4Z.ABC.D_ABC	1C4Z.ABC.D_D	PB59A	1.409767
1C4Z.ABC.D_ABC	1C4Z.ABC.D_D	PB94A	0.850219
1C4Z.ABC.D_ABC	1C4Z.ABC.D_D	QA141A	-0.387420
1C4Z.ABC.D_ABC	1C4Z.ABC.D_D	RB2A	0.518673
1C4Z.ABC.D_ABC	1C4Z.ABC.D_D	RB2E	1.288436
1C4Z.ABC.D_ABC	1C4Z.ABC.D_D	RB3A	0.467123
1C4Z.ABC.D_ABC	1C4Z.ABC.D_D	RB3E	1.185781
1C4Z.ABC.D_ABC	1C4Z.ABC.D_D	RB49A	-0.011969
1C4Z.ABC.D_ABC	1C4Z.ABC.D_D	SA142A	0.410656
1C4Z.ABC.D_ABC	1C4Z.ABC.D_D	SA164A	-0.410656
1C4Z.ABC.D_ABC	1C4Z.ABC.D_D	SB1A	0.566095
1C4Z.ABC.D_ABC	1C4Z.ABC.D_D	TA160A	0.566095
1C4Z.ABC.D_ABC	1C4Z.ABC.D_D	TA166A	-0.132202
1C4Z.ABC.D_ABC	1C4Z.ABC.D_D	VA138A	0.566095
1C4Z.ABC.D_ABC	1C4Z.ABC.D_D	WB92A	0.821313
1C4Z.ABC.D_ABC	1C4Z.ABC.D_D	YA149A	1.288436
1C4Z.ABC.D_ABC	1C4Z.ABC.D_D	YA198L	0.821313
1CBW.FGH.I_FGH	1CBW.FGH.I_I	FB33A	0.142877
1CBW.FGH.I_FGH	1CBW.FGH.I_I	GB12A	0.643666
1CBW.FGH.I_FGH	1CBW.FGH.I_I	GB36A	0.932698
1CBW.FGH.I_FGH	1CBW.FGH.I_I	GB37A	0.811234
1CBW.FGH.I_FGH	1CBW.FGH.I_I	IB18A	1.415721
1CBW.FGH.I_FGH	1CBW.FGH.I_I	IB19A	0.121245
1CBW.FGH.I_FGH	1CBW.FGH.I_I	KB15A	2.076119
1CBW.FGH.I_FGH	1CBW.FGH.I_I	KB15D	5.270803
1CBW.FGH.I_FGH	1CBW.FGH.I_I	KB15E	3.906632
1CBW.FGH.I_FGH	1CBW.FGH.I_I	KB15F	-1.984657
1CBW.FGH.I_FGH	1CBW.FGH.I_I	KB15G	4.156491
1CBW.FGH.I_FGH	1CBW.FGH.I_I	KB15H	0.100170
1CBW.FGH.I_FGH	1CBW.FGH.I_I	KB15I	2.961591
1CBW.FGH.I_FGH	1CBW.FGH.I_I	KB15L	-1.597415
1CBW.FGH.I_FGH	1CBW.FGH.I_I	KB15M	-1.441799
1CBW.FGH.I_FGH	1CBW.FGH.I_I	KB15N	1.337599
1CBW.FGH.I_FGH	1CBW.FGH.I_I	KB15Q	0.308843
1CBW.FGH.I_FGH	1CBW.FGH.I_I	KB15R	-0.620486
1CBW.FGH.I_FGH	1CBW.FGH.I_I	KB15S	3.425839
1CBW.FGH.I_FGH	1CBW.FGH.I_I	KB15T	2.107856
1CBW.FGH.I_FGH	1CBW.FGH.I_I	KB15V	2.157552
1CBW.FGH.I_FGH	1CBW.FGH.I_I	KB15W	-2.461035
1CBW.FGH.I_FGH	1CBW.FGH.I_I	KB15Y	-2.641487
1CBW.FGH.I_FGH	1CBW.FGH.I_I	KB46A	0.121245
1CBW.FGH.I_FGH	1CBW.FGH.I_I	PB13A	-0.078099
1CBW.FGH.I_FGH	1CBW.FGH.I_I	RB17A	0.527460
1CBW.FGH.I_FGH	1CBW.FGH.I_I	RB20A	0.327579
1CBW.FGH.I_FGH	1CBW.FGH.I_I	RB39A	0.210964
1CBW.FGH.I_FGH	1CBW.FGH.I_I	TB11A	0.210964
1CBW.FGH.I_FGH	1CBW.FGH.I_I	VB34A	0.025775
1CBW.FGH.I_FGH	1CBW.FGH.I_I	YB35A	0.843117
1CSE.E.I_E	1CSE.E.I_I	LB38D	4.411843
1CSE.E.I_E	1CSE.E.I_I	LB38E	2.382746
1CSE.E.I_E	1CSE.E.I_I	LB38G	2.280577
1CSE.E.I_E	1CSE.E.I_I	LB38I	2.982502
1CSE.E.I_E	1CSE.E.I_I	LB38P	6.765446
1CSE.E.I_E	1CSE.E.I_I	LB38S	1.188776
1CT2.E.I_E	1CT2.E.I_I	TB13L	-3.204720
1CT4.E.I_E	1CT4.E.I_I	VB13L	-3.034282
1DAN.HL.UT_HL	1DAN.HL.UT_UT	DB155A	1.419978
1DAN.HL.UT_HL	1DAN.HL.UT_UT	DB169A	1.989497
1DAN.HL.UT_HL	1DAN.HL.UT_UT	DB169E	1.380300
1DAN.HL.UT_HL	1DAN.HL.UT_UT	DB172A	0.242044
1DAN.HL.UT_HL	1DAN.HL.UT_UT	DB39A	-0.026554
1DAN.HL.UT_HL	1DAN.HL.UT_UT	DB55A	-0.010675
1DAN.HL.UT_HL	1DAN.HL.UT_UT	EB114A	-0.004828
1DAN.HL.UT_HL	1DAN.HL.UT_UT	EB135A	0.657886
1DAN.HL.UT_HL	1DAN.HL.UT_UT	EB137A	0.101408
1DAN.HL.UT_HL	1DAN.HL.UT_UT	EB15A	-0.059836
1DAN.HL.UT_HL	1DAN.HL.UT_UT	EB173A	0.000000
1DAN.HL.UT_HL	1DAN.HL.UT_UT	EB38A	0.085805
1DAN.HL.UT_HL	1DAN.HL.UT_UT	EB9A	-0.175590
1DAN.HL.UT_HL	1DAN.HL.UT_UT	FB161A	0.437911
1DAN.HL.UT_HL	1DAN.HL.UT_UT	FB187A	1.105437
1DAN.HL.UT_HL	1DAN.HL.UT_UT	FB50A	1.748603
1DAN.HL.UT_HL	1DAN.HL.UT_UT	FB57A	-0.059836
1DAN.HL.UT_HL	1DAN.HL.UT_UT	GB154A	0.064695
1DAN.HL.UT_HL	1DAN.HL.UT_UT	GB70R	-0.162793
1DAN.HL.UT_HL	1DAN.HL.UT_UT	IB133A	0.645076
1DAN.HL.UT_HL	1DAN.HL.UT_UT	IB149A	-0.126532
1DAN.HL.UT_HL	1DAN.HL.UT_UT	IB174A	0.000000
1DAN.HL.UT_HL	1DAN.HL.UT_UT	IB62A	0.178794
1DAN.HL.UT_HL	1DAN.HL.UT_UT	KA189A	-0.186670
1DAN.HL.UT_HL	1DAN.HL.UT_UT	KB126A	-0.397342
1DAN.HL.UT_HL	1DAN.HL.UT_UT	KB131A	2.513255
1DAN.HL.UT_HL	1DAN.HL.UT_UT	KB131R	1.685741
1DAN.HL.UT_HL	1DAN.HL.UT_UT	KB139A	0.116610
1DAN.HL.UT_HL	1DAN.HL.UT_UT	KB152A	0.321569
1DAN.HL.UT_HL	1DAN.HL.UT_UT	KB157A	0.563316
1DAN.HL.UT_HL	1DAN.HL.UT_UT	KB159A	0.667607
1DAN.HL.UT_HL	1DAN.HL.UT_UT	KB179A	-0.070382
1DAN.HL.UT_HL	1DAN.HL.UT_UT	KB32A	-0.123609
1DAN.HL.UT_HL	1DAN.HL.UT_UT	KB75A	0.116610
1DAN.HL.UT_HL	1DAN.HL.UT_UT	KB87A	0.017064
1DAN.HL.UT_HL	1DAN.HL.UT_UT	LA135A	0.015800
1DAN.HL.UT_HL	1DAN.HL.UT_UT	LB170A	0.000000
1DAN.HL.UT_HL	1DAN.HL.UT_UT	LB183A	-0.059836
1DAN.HL.UT_HL	1DAN.HL.UT_UT	LB43A	-0.027561
1DAN.HL.UT_HL	1DAN.HL.UT_UT	LB82A	0.079952
1DAN.HL.UT_HL	1DAN.HL.UT_UT	MA154A	0.744485
1DAN.HL.UT_HL	1DAN.HL.UT_UT	NB105A	0.000000
1DAN.HL.UT_HL	1DAN.HL.UT_UT	NB129A	0.180215
1DAN.HL.UT_HL	1DAN.HL.UT_UT	NB17A	0.000000
1DAN.HL.UT_HL	1DAN.HL.UT_UT	NB48A	0.000000
1DAN.HL.UT_HL	1DAN.HL.UT_UT	PB2A	-0.185827
1DAN.HL.UT_HL	1DAN.HL.UT_UT	QB148A	0.637864
1DAN.HL.UT_HL	1DAN.HL.UT_UT	QB180A	0.000000
1DAN.HL.UT_HL	1DAN.HL.UT_UT	QB20A	1.305465
1DAN.HL.UT_HL	1DAN.HL.UT_UT	RA125A	0.749025
1DAN.HL.UT_HL	1DAN.HL.UT_UT	RB102A	0.460604
1DAN.HL.UT_HL	1DAN.HL.UT_UT	RB41A	0.000000
1DAN.HL.UT_HL	1DAN.HL.UT_UT	RB45A	0.752724
1DAN.HL.UT_HL	1DAN.HL.UT_UT	RB46A	-0.059836
1DAN.HL.UT_HL	1DAN.HL.UT_UT	RB54A	-0.002892
1DAN.HL.UT_HL	1DAN.HL.UT_UT	SB101A	-0.002892
1DAN.HL.UT_HL	1DAN.HL.UT_UT	SB127A	-0.129807
1DAN.HL.UT_HL	1DAN.HL.UT_UT	SB153A	-0.069300
1DAN.HL.UT_HL	1DAN.HL.UT_UT	SB158A	-0.041485
1DAN.HL.UT_HL	1DAN.HL.UT_UT	SB69A	0.022644
1DAN.HL.UT_HL	1DAN.HL.UT_UT	TB103A	0.109843
1DAN.HL.UT_HL	1DAN.HL.UT_UT	TB109A	0.135272
1DAN.HL.UT_HL	1DAN.HL.UT_UT	TB128A	0.120547
1DAN.HL.UT_HL	1DAN.HL.UT_UT	TB132A	-0.159008
1DAN.HL.UT_HL	1DAN.HL.UT_UT	TB163A	0.404857
1DAN.HL.UT_HL	1DAN.HL.UT_UT	TB16A	-0.059836
1DAN.HL.UT_HL	1DAN.HL.UT_UT	TB171A	2.224076
1DAN.HL.UT_HL	1DAN.HL.UT_UT	TB42A	0.000000
1DAN.HL.UT_HL	1DAN.HL.UT_UT	TB49A	-0.015592
1DAN.HL.UT_HL	1DAN.HL.UT_UT	TB73A	0.211986
1DAN.HL.UT_HL	1DAN.HL.UT_UT	TB78A	-0.025549
1DAN.HL.UT_HL	1DAN.HL.UT_UT	VB104A	0.109843
1DAN.HL.UT_HL	1DAN.HL.UT_UT	VB113A	0.690600
1DAN.HL.UT_HL	1DAN.HL.UT_UT	VB144A	-0.185827
1DAN.HL.UT_HL	1DAN.HL.UT_UT	VB147A	-0.126532
1DAN.HL.UT_HL	1DAN.HL.UT_UT	VB175A	0.000000
1DAN.HL.UT_HL	1DAN.HL.UT_UT	VB56A	0.199540
1DAN.HL.UT_HL	1DAN.HL.UT_UT	VB85A	0.109843
1DAN.HL.UT_HL	1DAN.HL.UT_UT	WB125F	0.691750
1DAN.HL.UT_HL	1DAN.HL.UT_UT	WB136F	0.615198
1DAN.HL.UT_HL	1DAN.HL.UT_UT	WB156A	1.935552
1DAN.HL.UT_HL	1DAN.HL.UT_UT	WB156F	1.270596
1DAN.HL.UT_HL	1DAN.HL.UT_UT	WB68F	0.122896
1DAN.HL.UT_HL	1DAN.HL.UT_UT	YB162A	-0.126532
1DAN.HL.UT_HL	1DAN.HL.UT_UT	YB189A	0.627639
1DAN.HL.UT_HL	1DAN.HL.UT_UT	YB4A	0.667917
1DAN.HL.UT_HL	1DAN.HL.UT_UT	YB66L	0.154846
1DAN.HL.UT_HL	1DAN.HL.UT_UT	YB67A	0.000000
1DAN.HL.UT_HL	1DAN.HL.UT_UT	YB91A	-0.329865
1E96.A.B_A	1E96.A.B_B	DA38N	2.201975
1E96.A.B_A	1E96.A.B_B	IA33N	2.043041
1E96.A.B_A	1E96.A.B_B	KA132E	-0.189864
1E96.A.B_A	1E96.A.B_B	LA134R	-0.127443
1E96.A.B_A	1E96.A.B_B	MA45T	0.366015
1E96.A.B_A	1E96.A.B_B	NA26H	1.104526
1EFN.A.B_A	1EFN.A.B_B	IA12A	1.451027
1EFN.A.B_A	1EFN.A.B_B	TA13H	1.243549
1EMV.A.B_A	1EMV.A.B_B	CA21A	0.921970
1EMV.A.B_A	1EMV.A.B_B	DA24A	0.336747
1EMV.A.B_A	1EMV.A.B_B	DA49A	5.918129
1EMV.A.B_A	1EMV.A.B_B	DA58A	0.511313
1EMV.A.B_A	1EMV.A.B_B	EA28A	1.416635
1EMV.A.B_A	1EMV.A.B_B	EA29A	0.307012
1EMV.A.B_A	1EMV.A.B_B	EA30A	0.220386
1EMV.A.B_A	1EMV.A.B_B	EA39A	2.084014
1EMV.A.B_A	1EMV.A.B_B	EA40A	0.658144
1EMV.A.B_A	1EMV.A.B_B	EA43A	0.212774
1EMV.A.B_A	1EMV.A.B_B	FB86A	3.880681
1EMV.A.B_A	1EMV.A.B_B	GA47A	1.486044
1EMV.A.B_A	1EMV.A.B_B	HA44A	0.832184
1EMV.A.B_A	1EMV.A.B_B	IA51A	0.848125
1EMV.A.B_A	1EMV.A.B_B	KA33A	0.191984
1EMV.A.B_A	1EMV.A.B_B	KB97A	1.960515
1EMV.A.B_A	1EMV.A.B_B	LA31A	3.419279
1EMV.A.B_A	1EMV.A.B_B	LA34A	0.907128
1EMV.A.B_A	1EMV.A.B_B	LA50A	0.601316
1EMV.A.B_A	1EMV.A.B_B	NA22A	0.139471
1EMV.A.B_A	1EMV.A.B_B	NA67A	0.277997
1EMV.A.B_A	1EMV.A.B_B	NB72A	1.165191
1EMV.A.B_A	1EMV.A.B_B	NB75A	2.335586
1EMV.A.B_A	1EMV.A.B_B	PA45A	0.437469
1EMV.A.B_A	1EMV.A.B_B	PA54A	1.242840
1EMV.A.B_A	1EMV.A.B_B	QB92A	-0.277728
1EMV.A.B_A	1EMV.A.B_B	RB54A	1.666447
1EMV.A.B_A	1EMV.A.B_B	SA26A	0.173174
1EMV.A.B_A	1EMV.A.B_B	SA27A	0.956433
1EMV.A.B_A	1EMV.A.B_B	SA46A	0.007269
1EMV.A.B_A	1EMV.A.B_B	SA48A	2.188220
1EMV.A.B_A	1EMV.A.B_B	SA61A	0.870420
1EMV.A.B_A	1EMV.A.B_B	SB74A	-0.241128
1EMV.A.B_A	1EMV.A.B_B	SB77A	-0.232993
1EMV.A.B_A	1EMV.A.B_B	SB78A	-0.540139
1EMV.A.B_A	1EMV.A.B_B	SB84A	-0.109472
1EMV.A.B_A	1EMV.A.B_B	TA25A	0.728460
1EMV.A.B_A	1EMV.A.B_B	TA36A	0.899966
1EMV.A.B_A	1EMV.A.B_B	TA42A	0.304830
1EMV.A.B_A	1EMV.A.B_B	TB87A	0.158506
1EMV.A.B_A	1EMV.A.B_B	VA32A	2.579450
1EMV.A.B_A	1EMV.A.B_B	VA35A	1.664612
1EMV.A.B_A	1EMV.A.B_B	VA66A	1.856675
1EMV.A.B_A	1EMV.A.B_B	VB98A	1.089340
1EMV.A.B_A	1EMV.A.B_B	YA52A	4.836801
1EMV.A.B_A	1EMV.A.B_B	YA53A	4.636833
1F47.A.B_A	1F47.A.B_B	DA4A	0.691506
1F47.A.B_A	1F47.A.B_B	DA7A	1.733659
1F47.A.B_A	1F47.A.B_B	DA7G	1.139342
1F47.A.B_A	1F47.A.B_B	DA7S	2.064861
1F47.A.B_A	1F47.A.B_B	FA11A	2.445483
1F47.A.B_A	1F47.A.B_B	IA8A	2.516245
1F47.A.B_A	1F47.A.B_B	KA14A	-0.042641
1F47.A.B_A	1F47.A.B_B	LA12A	2.295326
1F47.A.B_A	1F47.A.B_B	LA6A	0.925431
1F47.A.B_A	1F47.A.B_B	PA9A	-0.057565
1F47.A.B_A	1F47.A.B_B	QA15A	-0.045596
1F47.A.B_A	1F47.A.B_B	YA5A	0.869367
1F5R.A.I_A	1F5R.A.I_I	KA129Q	-1.171374
1FC2.C.D_C	1FC2.C.D_D	FA1M	0.912640
1FC2.C.D_C	1FC2.C.D_D	FA26A	0.013662
1FC2.C.D_C	1FC2.C.D_D	FA26W	0.000000
1FC2.C.D_C	1FC2.C.D_D	IA12W	3.138999
1FC2.C.D_C	1FC2.C.D_D	IA27A	3.731126
1FC2.C.D_C	1FC2.C.D_D	KA31A	1.379295
1FC2.C.D_C	1FC2.C.D_D	KA3D	1.061531
1FC2.C.D_C	1FC2.C.D_D	LA13D	1.127632
1FC2.C.D_C	1FC2.C.D_D	LA40W	0.000000
1FC2.C.D_C	1FC2.C.D_D	NA24A	0.593990
1FC2.C.D_C	1FC2.C.D_D	NA24F	0.845498
1FC2.C.D_C	1FC2.C.D_D	NA2F	-0.108017
1FC2.C.D_C	1FC2.C.D_D	NA2Q	0.000000
1FC2.C.D_C	1FC2.C.D_D	NA7F	0.091327
1FC2.C.D_C	1FC2.C.D_D	QA28K	0.170438
1FC2.C.D_C	1FC2.C.D_D	QA28L	0.458078
1FC2.C.D_C	1FC2.C.D_D	YA10F	1.027668
1FC2.C.D_C	1FC2.C.D_D	YA10W	0.410656
1FCC.A.C_A	1FCC.A.C_C	DB40A	0.272251
1FCC.A.C_A	1FCC.A.C_C	EB27A	4.938011
1FCC.A.C_A	1FCC.A.C_C	EB42A	0.385442
1FCC.A.C_A	1FCC.A.C_C	KB28A	1.256154
1FCC.A.C_A	1FCC.A.C_C	KB31A	3.477555
1FCC.A.C_A	1FCC.A.C_C	NB35A	2.365107
1FCC.A.C_A	1FCC.A.C_C	TB25A	0.240219
1FCC.A.C_A	1FCC.A.C_C	WB43A	3.773184
1FR2.A.B_A	1FR2.A.B_B	AA39E	-2.084014
1FSS.A.B_A	1FSS.A.B_B	AB12S	0.324643
1FSS.A.B_A	1FSS.A.B_B	HB29K	-0.619686
1FSS.A.B_A	1FSS.A.B_B	HB29R	-1.273071
1FSS.A.B_A	1FSS.A.B_B	KB32R	1.134917
1FSS.A.B_A	1FSS.A.B_B	LB35W	1.451827
1FSS.A.B_A	1FSS.A.B_B	MB33F	0.937282
1FSS.A.B_A	1FSS.A.B_B	MB33L	0.963045
1FSS.A.B_A	1FSS.A.B_B	MB33Q	1.572595
1FSS.A.B_A	1FSS.A.B_B	MB33Y	1.395360
1FSS.A.B_A	1FSS.A.B_B	NB47F	0.492762
1FSS.A.B_A	1FSS.A.B_B	NB47R	-0.534906
1FSS.A.B_A	1FSS.A.B_B	NB47W	0.115969
1FSS.A.B_A	1FSS.A.B_B	RB11K	0.316524
1FSS.A.B_A	1FSS.A.B_B	RB27F	2.436282
1FSS.A.B_A	1FSS.A.B_B	RB27M	2.664139
1FSS.A.B_A	1FSS.A.B_B	RB27Y	2.629225
1FSS.A.B_A	1FSS.A.B_B	TB8V	-0.084445
1FSS.A.B_A	1FSS.A.B_B	TB9I	-0.232266
1FSS.A.B_A	1FSS.A.B_B	TB9N	1.251458
1FSS.A.B_A	1FSS.A.B_B	VB34T	1.585959
1GC1.G.C_G	1GC1.G.C_C	DB10A	0.000000
1GC1.G.C_G	1GC1.G.C_C	DB53A	0.302640
1GC1.G.C_G	1GC1.G.C_C	DB56A	-0.069781
1GC1.G.C_G	1GC1.G.C_C	DB63A	-0.319330
1GC1.G.C_G	1GC1.G.C_C	DB88A	-0.069781
1GC1.G.C_G	1GC1.G.C_C	EB77A	0.562285
1GC1.G.C_G	1GC1.G.C_C	EB85A	1.323296
1GC1.G.C_G	1GC1.G.C_C	EB87A	0.217859
1GC1.G.C_G	1GC1.G.C_C	EB91A	-0.128102
1GC1.G.C_G	1GC1.G.C_C	EB92A	0.016233
1GC1.G.C_G	1GC1.G.C_C	HB27A	0.282555
1GC1.G.C_G	1GC1.G.C_C	KB1A	0.062421
1GC1.G.C_G	1GC1.G.C_C	KB21A	-0.128102
1GC1.G.C_G	1GC1.G.C_C	KB22A	0.240219
1GC1.G.C_G	1GC1.G.C_C	KB29A	0.536239
1GC1.G.C_G	1GC1.G.C_C	KB2A	-0.016690
1GC1.G.C_G	1GC1.G.C_C	KB35A	0.322066
1GC1.G.C_G	1GC1.G.C_C	KB46A	1.431019
1GC1.G.C_G	1GC1.G.C_C	KB50A	0.047421
1GC1.G.C_G	1GC1.G.C_C	KB72A	-0.016690
1GC1.G.C_G	1GC1.G.C_C	KB75A	0.157965
1GC1.G.C_G	1GC1.G.C_C	KB7A	0.997890
1GC1.G.C_G	1GC1.G.C_C	KB8A	0.105268
1GC1.G.C_G	1GC1.G.C_C	KB90A	0.047421
1GC1.G.C_G	1GC1.G.C_C	LB44A	1.056020
1GC1.G.C_G	1GC1.G.C_C	LB51A	1.234023
1GC1.G.C_G	1GC1.G.C_C	NB30A	0.170438
1GC1.G.C_G	1GC1.G.C_C	NB32A	0.182654
1GC1.G.C_G	1GC1.G.C_C	NB39A	0.465625
1GC1.G.C_G	1GC1.G.C_C	NB52A	0.708338
1GC1.G.C_G	1GC1.G.C_C	NB66A	-0.033864
1GC1.G.C_G	1GC1.G.C_C	NB73A	-0.108017
1GC1.G.C_G	1GC1.G.C_C	QB20A	-0.016690
1GC1.G.C_G	1GC1.G.C_C	QB25A	0.032032
1GC1.G.C_G	1GC1.G.C_C	QB33A	0.105268
1GC1.G.C_G	1GC1.G.C_C	QB40A	-0.410656
1GC1.G.C_G	1GC1.G.C_C	QB64A	0.442689
1GC1.G.C_G	1GC1.G.C_C	QB89A	0.170438
1GC1.G.C_G	1GC1.G.C_C	QB89L	-0.310926
1GC1.G.C_G	1GC1.G.C_C	QB94A	-0.108017
1GC1.G.C_G	1GC1.G.C_C	RB58A	0.132202
1GC1.G.C_G	1GC1.G.C_C	RB59A	1.175914
1GC1.G.C_G	1GC1.G.C_C	SB19A	0.000000
1GC1.G.C_G	1GC1.G.C_C	SB23A	0.292682
1GC1.G.C_G	1GC1.G.C_C	SB31A	0.105268
1GC1.G.C_G	1GC1.G.C_C	SB42A	0.000000
1GC1.G.C_G	1GC1.G.C_C	SB49A	0.611174
1GC1.G.C_G	1GC1.G.C_C	SB60A	-0.088590
1GC1.G.C_G	1GC1.G.C_C	TB11A	0.000000
1GC1.G.C_G	1GC1.G.C_C	TB15A	0.322066
1GC1.G.C_G	1GC1.G.C_C	TB17A	-0.128102
1GC1.G.C_G	1GC1.G.C_C	TB45A	-0.148892
1GC1.G.C_G	1GC1.G.C_C	VB86A	-0.069781
1GC1.G.C_G	1GC1.G.C_C	YB82A	1.290676
1GL1.A.I_A	1GL1.A.I_I	LB29V	4.259237
1GRN.A.B_A	1GRN.A.B_B	DA38E	0.389867
1JRH.LH.I_LH	1JRH.LH.I_I	DA223A	1.886944
1JRH.LH.I_LH	1JRH.LH.I_I	DA224A	1.666811
1JRH.LH.I_LH	1JRH.LH.I_I	DA225A	1.855479
1JRH.LH.I_LH	1JRH.LH.I_I	DA28A	0.434841
1JRH.LH.I_LH	1JRH.LH.I_I	EA27A	0.542858
1JRH.LH.I_LH	1JRH.LH.I_I	EB35Q	0.099613
1JRH.LH.I_LH	1JRH.LH.I_I	EB45A	-0.566038
1JRH.LH.I_LH	1JRH.LH.I_I	EB45P	-3.789874
1JRH.LH.I_LH	1JRH.LH.I_I	FA270A	0.000000
1JRH.LH.I_LH	1JRH.LH.I_I	GB40A	4.452231
1JRH.LH.I_LH	1JRH.LH.I_I	HA274A	1.698531
1JRH.LH.I_LH	1JRH.LH.I_I	KB37A	3.715526
1JRH.LH.I_LH	1JRH.LH.I_I	KB37M	3.293804
1JRH.LH.I_LH	1JRH.LH.I_I	KB42A	3.387334
1JRH.LH.I_LH	1JRH.LH.I_I	KB42M	4.913826
1JRH.LH.I_LH	1JRH.LH.I_I	KB88A	0.312233
1JRH.LH.I_LH	1JRH.LH.I_I	NB38A	0.170534
1JRH.LH.I_LH	1JRH.LH.I_I	NB38Q	0.534711
1JRH.LH.I_LH	1JRH.LH.I_I	NB43A	4.301758
1JRH.LH.I_LH	1JRH.LH.I_I	NB69A	-0.199624
1JRH.LH.I_LH	1JRH.LH.I_I	RA267A	0.542858
1JRH.LH.I_LH	1JRH.LH.I_I	RB74A	0.392793
1JRH.LH.I_LH	1JRH.LH.I_I	SA93A	-0.650875
1JRH.LH.I_LH	1JRH.LH.I_I	SB44A	0.377880
1JRH.LH.I_LH	1JRH.LH.I_I	TA94A	0.385442
1JRH.LH.I_LH	1JRH.LH.I_I	TB4V	-0.025577
1JRH.LH.I_LH	1JRH.LH.I_I	VB41A	1.679909
1JRH.LH.I_LH	1JRH.LH.I_I	WA221A	2.687467
1JRH.LH.I_LH	1JRH.LH.I_I	WA222A	2.422402
1JRH.LH.I_LH	1JRH.LH.I_I	WA92A	2.819669
1JRH.LH.I_LH	1JRH.LH.I_I	WA95A	1.666811
1JRH.LH.I_LH	1JRH.LH.I_I	WB46F	-0.252725
1JRH.LH.I_LH	1JRH.LH.I_I	WB46Y	0.298663
1JRH.LH.I_LH	1JRH.LH.I_I	WB72A	4.431029
1JRH.LH.I_LH	1JRH.LH.I_I	WB72F	1.103201
1JRH.LH.I_LH	1JRH.LH.I_I	WB72Y	1.188359
1JRH.LH.I_LH	1JRH.LH.I_I	YA199A	1.433952
1JRH.LH.I_LH	1JRH.LH.I_I	YA227A	1.256154
1JRH.LH.I_LH	1JRH.LH.I_I	YA271A	1.061531
1JRH.LH.I_LH	1JRH.LH.I_I	YA30A	1.108953
1JRH.LH.I_LH	1JRH.LH.I_I	YA91A	0.581094
1JRH.LH.I_LH	1JRH.LH.I_I	YB39A	3.528703
1JRH.LH.I_LH	1JRH.LH.I_I	YB39F	0.909188
1JTD.A.B_A	1JTD.A.B_B	DB129A	0.960874
1JTD.A.B_A	1JTD.A.B_B	DB132A	-0.549062
1JTD.A.B_A	1JTD.A.B_B	DB14A	1.508105
1JTD.A.B_A	1JTD.A.B_B	DB168A	-1.061531
1JTD.A.B_A	1JTD.A.B_B	DB93A	1.989832
1JTD.A.B_A	1JTD.A.B_B	EA78A	0.840739
1JTD.A.B_A	1JTD.A.B_B	EA84A	0.038236
1JTD.A.B_A	1JTD.A.B_B	EB230A	1.850069
1JTD.A.B_A	1JTD.A.B_B	FB171A	2.200715
1JTD.A.B_A	1JTD.A.B_B	FB192A	3.961852
1JTD.A.B_A	1JTD.A.B_B	FB36A	2.551285
1JTD.A.B_A	1JTD.A.B_B	IB191A	2.890390
1JTD.A.B_A	1JTD.A.B_B	KA85A	2.144609
1JTD.A.B_A	1JTD.A.B_B	LA76A	1.733953
1JTD.A.B_A	1JTD.A.B_B	LB53A	0.667108
1JTD.A.B_A	1JTD.A.B_B	MA103A	2.522645
1JTD.A.B_A	1JTD.A.B_B	MA244A	0.278455
1JTD.A.B_A	1JTD.A.B_B	NA74A	0.801228
1JTD.A.B_A	1JTD.A.B_B	NB12A	1.301750
1JTD.A.B_A	1JTD.A.B_B	NB266A	2.670021
1JTD.A.B_A	1JTD.A.B_B	NB74A	1.209966
1JTD.A.B_A	1JTD.A.B_B	PA81A	1.733953
1JTD.A.B_A	1JTD.A.B_B	QA73A	0.518673
1JTD.A.B_A	1JTD.A.B_B	RB248A	0.888344
1JTD.A.B_A	1JTD.A.B_B	SB131A	0.151628
1JTD.A.B_A	1JTD.A.B_B	TB19A	0.295187
1JTD.A.B_A	1JTD.A.B_B	VA190A	0.038236
1JTD.A.B_A	1JTD.A.B_B	WB114A	3.256201
1JTD.A.B_A	1JTD.A.B_B	WB15A	1.393077
1JTD.A.B_A	1JTD.A.B_B	WB231A	5.811738
1JTD.A.B_A	1JTD.A.B_B	YA79A	2.250860
1JTD.A.B_A	1JTD.A.B_B	YB153A	3.300106
1JTD.A.B_A	1JTD.A.B_B	YB170A	2.027262
1JTD.A.B_A	1JTD.A.B_B	YB210A	0.824391
1JTD.A.B_A	1JTD.A.B_B	YB35A	3.151819
1JTD.A.B_A	1JTD.A.B_B	YB75A	0.480437
1JTG.A.B_A	1JTG.A.B_B	DB163A	-1.340935
1JTG.A.B_A	1JTG.A.B_B	DB163K	-1.982765
1JTG.A.B_A	1JTG.A.B_B	DB49A	2.404163
1JTG.A.B_A	1JTG.A.B_B	EA143A	-0.072582
1JTG.A.B_A	1JTG.A.B_B	EA143G	-0.170438
1JTG.A.B_A	1JTG.A.B_B	EA146K	-0.610000
1JTG.A.B_A	1JTG.A.B_B	EA213K	-0.410656
1JTG.A.B_A	1JTG.A.B_B	EA79A	1.982823
1JTG.A.B_A	1JTG.A.B_B	EA79D	3.643621
1JTG.A.B_A	1JTG.A.B_B	EA79K	3.236983
1JTG.A.B_A	1JTG.A.B_B	EA85A	1.373578
1JTG.A.B_A	1JTG.A.B_B	EA85G	-0.912640
1JTG.A.B_A	1JTG.A.B_B	EA85V	-0.672421
1JTG.A.B_A	1JTG.A.B_B	EB31A	0.821313
1JTG.A.B_A	1JTG.A.B_B	EB73A	0.426757
1JTG.A.B_A	1JTG.A.B_B	EB73M	0.504622
1JTG.A.B_A	1JTG.A.B_B	FB142A	2.855394
1JTG.A.B_A	1JTG.A.B_B	FB36A	3.252641
1JTG.A.B_A	1JTG.A.B_B	GA212S	-0.267779
1JTG.A.B_A	1JTG.A.B_B	GB141A	1.314802
1JTG.A.B_A	1JTG.A.B_B	GB48A	1.147645
1JTG.A.B_A	1JTG.A.B_B	HB148A	2.981495
1JTG.A.B_A	1JTG.A.B_B	HB41A	3.405537
1JTG.A.B_A	1JTG.A.B_B	KA208A	1.222124
1JTG.A.B_A	1JTG.A.B_B	KA86A	-0.858519
1JTG.A.B_A	1JTG.A.B_B	KA86N	0.180924
1JTG.A.B_A	1JTG.A.B_B	KB74A	3.646837
1JTG.A.B_A	1JTG.A.B_B	LA77A	0.870712
1JTG.A.B_A	1JTG.A.B_B	MA104A	1.124220
1JTG.A.B_A	1JTG.A.B_B	MA244A	-0.051082
1JTG.A.B_A	1JTG.A.B_B	NA75A	-0.966584
1JTG.A.B_A	1JTG.A.B_B	NB89K	-0.454927
1JTG.A.B_A	1JTG.A.B_B	PA82A	-0.072991
1JTG.A.B_A	1JTG.A.B_B	PA82Q	0.461324
1JTG.A.B_A	1JTG.A.B_B	QA74A	0.509505
1JTG.A.B_A	1JTG.A.B_B	RA214Y	-0.142877
1JTG.A.B_A	1JTG.A.B_B	RA217A	1.302568
1JTG.A.B_A	1JTG.A.B_B	RB144A	0.645308
1JTG.A.B_A	1JTG.A.B_B	RB160A	2.840954
1JTG.A.B_A	1JTG.A.B_B	SA105A	0.562910
1JTG.A.B_A	1JTG.A.B_B	SA209A	1.239083
1JTG.A.B_A	1JTG.A.B_B	SB113A	-0.521521
1JTG.A.B_A	1JTG.A.B_B	SB35A	0.000000
1JTG.A.B_A	1JTG.A.B_B	SB39A	0.024572
1JTG.A.B_A	1JTG.A.B_B	SB71A	0.135416
1JTG.A.B_A	1JTG.A.B_B	TB140K	-0.014392
1JTG.A.B_A	1JTG.A.B_B	TB32K	0.199344
1JTG.A.B_A	1JTG.A.B_B	VA190A	-0.494878
1JTG.A.B_A	1JTG.A.B_B	VA78A	1.910744
1JTG.A.B_A	1JTG.A.B_B	VB93K	-0.475716
1JTG.A.B_A	1JTG.A.B_B	WB112A	2.900113
1JTG.A.B_A	1JTG.A.B_B	WB150A	4.459152
1JTG.A.B_A	1JTG.A.B_B	WB162A	2.263155
1JTG.A.B_A	1JTG.A.B_B	YA80A	-0.131571
1JTG.A.B_A	1JTG.A.B_B	YB143A	0.734972
1JTG.A.B_A	1JTG.A.B_B	YB50A	-1.716374
1JTG.A.B_A	1JTG.A.B_B	YB51A	0.810843
1JTG.A.B_A	1JTG.A.B_B	YB53A	2.946505
1K8R.A.B_A	1K8R.A.B_B	DA33A	1.535104
1K8R.A.B_A	1K8R.A.B_B	DA38A	1.712186
1K8R.A.B_A	1K8R.A.B_B	DA38E	3.437662
1K8R.A.B_A	1K8R.A.B_B	DA38N	1.896232
1K8R.A.B_A	1K8R.A.B_B	DA57A	1.179698
1K8R.A.B_A	1K8R.A.B_B	EA31K	0.170933
1K8R.A.B_A	1K8R.A.B_B	EA37A	0.305802
1K8R.A.B_A	1K8R.A.B_B	EA62A	0.409665
1K8R.A.B_A	1K8R.A.B_B	EA63A	0.409665
1K8R.A.B_A	1K8R.A.B_B	KB23A	0.586764
1K8R.A.B_A	1K8R.A.B_B	KB31A	2.728342
1K8R.A.B_A	1K8R.A.B_B	QB11A	1.798140
1K8R.A.B_A	1K8R.A.B_B	RA41A	1.179698
1K8R.A.B_A	1K8R.A.B_B	RB13A	2.800978
1K8R.A.B_A	1K8R.A.B_B	RB76A	0.715274
1K8R.A.B_A	1K8R.A.B_B	RB77A	1.436807
1K8R.A.B_A	1K8R.A.B_B	SA39A	0.715274
1K8R.A.B_A	1K8R.A.B_B	YA40C	3.437662
1K8R.A.B_A	1K8R.A.B_B	YA40F	1.491998
1KIP.AB.C_AB	1KIP.AB.C_C	AA139Y	-0.800952
1KIQ.AB.C_AB	1KIQ.AB.C_C	FA208Y	-2.496076
1KNE.A.P_A	1KNE.A.P_P	AA3F	-0.115028
1KNE.A.P_A	1KNE.A.P_P	AA3K	0.894953
1KNE.A.P_A	1KNE.A.P_P	AA3L	0.000000
1KNE.A.P_A	1KNE.A.P_P	AA3T	-0.376793
1KNE.A.P_A	1KNE.A.P_P	DA40F	-0.617011
1KNE.A.P_A	1KNE.A.P_P	DA40I	0.460753
1KNE.A.P_A	1KNE.A.P_P	DA40K	-0.376793
1KNE.A.P_A	1KNE.A.P_P	DA40T	0.491941
1KNE.A.P_A	1KNE.A.P_P	KA24A	-1.267886
1KNE.A.P_A	1KNE.A.P_P	TB2F	0.096285
1KNE.A.P_A	1KNE.A.P_P	TB2I	0.274082
1KNE.A.P_A	1KNE.A.P_P	TB2K	-0.314372
1KNE.A.P_A	1KNE.A.P_P	TB2L	0.204301
1KTZ.A.B_A	1KTZ.A.B_B	DB8A	1.521617
1KTZ.A.B_A	1KTZ.A.B_B	DB8N	2.000344
1KTZ.A.B_A	1KTZ.A.B_B	DB94A	0.814742
1KTZ.A.B_A	1KTZ.A.B_B	EB31A	1.216523
1KTZ.A.B_A	1KTZ.A.B_B	EB51A	1.080114
1KTZ.A.B_A	1KTZ.A.B_B	EB95A	1.494278
1KTZ.A.B_A	1KTZ.A.B_B	EB95Q	1.627179
1KTZ.A.B_A	1KTZ.A.B_B	FB6A	2.980065
1KTZ.A.B_A	1KTZ.A.B_B	FB86A	0.932227
1KTZ.A.B_A	1KTZ.A.B_B	HB55A	0.295628
1KTZ.A.B_A	1KTZ.A.B_B	IB101A	0.539363
1KTZ.A.B_A	1KTZ.A.B_B	IB26A	1.896481
1KTZ.A.B_A	1KTZ.A.B_B	IB29A	1.370239
1KTZ.A.B_A	1KTZ.A.B_B	LB3A	1.824924
1KTZ.A.B_A	1KTZ.A.B_B	MB88A	0.871409
1KTZ.A.B_A	1KTZ.A.B_B	NB23A	0.284953
1KTZ.A.B_A	1KTZ.A.B_B	RA13A	1.481581
1KTZ.A.B_A	1KTZ.A.B_B	RA13K	1.151698
1KTZ.A.B_A	1KTZ.A.B_B	RA64A	2.884404
1KTZ.A.B_A	1KTZ.A.B_B	RA64K	2.201497
1KTZ.A.B_A	1KTZ.A.B_B	SB25A	0.326546
1KTZ.A.B_A	1KTZ.A.B_B	SB28A	0.216517
1KTZ.A.B_A	1KTZ.A.B_B	SB28L	4.037787
1KTZ.A.B_A	1KTZ.A.B_B	TB27A	1.513547
1KTZ.A.B_A	1KTZ.A.B_B	VA62I	0.242918
1KTZ.A.B_A	1KTZ.A.B_B	VB38A	0.647964
1KTZ.A.B_A	1KTZ.A.B_B	VB53A	0.414997
1M9E.A.D_A	1M9E.A.D_D	AB76H	-1.009981
1MHP.HL.A_HL	1MHP.HL.A_A	FA99W	0.000000
1MHP.HL.A_HL	1MHP.HL.A_A	FA99Y	0.755007
1MHP.HL.A_HL	1MHP.HL.A_A	GA100F	0.389192
1MHP.HL.A_HL	1MHP.HL.A_A	GA100L	2.728342
1MHP.HL.A_HL	1MHP.HL.A_A	GA100M	0.102180
1MHP.HL.A_HL	1MHP.HL.A_A	GA100S	0.557997
1MHP.HL.A_HL	1MHP.HL.A_A	GA310Q	1.573389
1MHP.HL.A_HL	1MHP.HL.A_A	GA310S	0.512836
1MHP.HL.A_HL	1MHP.HL.A_A	GA53A	0.512836
1MHP.HL.A_HL	1MHP.HL.A_A	GA53N	1.255875
1MHP.HL.A_HL	1MHP.HL.A_A	GA53S	0.675896
1MHP.HL.A_HL	1MHP.HL.A_A	GA54I	1.364171
1MHP.HL.A_HL	1MHP.HL.A_A	GA54T	1.164688
1MHP.HL.A_HL	1MHP.HL.A_A	GA54Y	0.000000
1MHP.HL.A_HL	1MHP.HL.A_A	HA249K	1.164688
1MHP.HL.A_HL	1MHP.HL.A_A	HA249R	1.124301
1MHP.HL.A_HL	1MHP.HL.A_A	HA249W	1.255875
1MHP.HL.A_HL	1MHP.HL.A_A	KA64D	-0.171519
1MHP.HL.A_HL	1MHP.HL.A_A	KA64E	-0.077649
1MHP.HL.A_HL	1MHP.HL.A_A	KA64N	-0.036288
1MHP.HL.A_HL	1MHP.HL.A_A	KA64Q	-0.077649
1MHP.HL.A_HL	1MHP.HL.A_A	LA267F	0.712599
1MHP.HL.A_HL	1MHP.HL.A_A	LA267K	0.861587
1MHP.HL.A_HL	1MHP.HL.A_A	LA267W	1.908422
1MHP.HL.A_HL	1MHP.HL.A_A	LA60D	-0.061347
1MHP.HL.A_HL	1MHP.HL.A_A	NA248V	1.049799
1MHP.HL.A_HL	1MHP.HL.A_A	NA248W	1.573389
1MHP.HL.A_HL	1MHP.HL.A_A	NA248Y	1.908422
1MHP.HL.A_HL	1MHP.HL.A_A	NA270D	0.500987
1MHP.HL.A_HL	1MHP.HL.A_A	NA270E	-0.088725
1MHP.HL.A_HL	1MHP.HL.A_A	NA270K	0.657804
1MHP.HL.A_HL	1MHP.HL.A_A	NA270R	0.845219
1MHP.HL.A_HL	1MHP.HL.A_A	NA270Y	-0.051648
1MHP.HL.A_HL	1MHP.HL.A_A	RA31Q	1.307913
1MHP.HL.A_HL	1MHP.HL.A_A	SA242R	-0.215429
1MHP.HL.A_HL	1MHP.HL.A_A	SA246Q	-0.687912
1MHP.HL.A_HL	1MHP.HL.A_A	SA309Q	1.774828
1MHP.HL.A_HL	1MHP.HL.A_A	SA309R	2.728342
1MHP.HL.A_HL	1MHP.HL.A_A	SA309T	2.317686
1MHP.HL.A_HL	1MHP.HL.A_A	SA35A	1.573389
1MHP.HL.A_HL	1MHP.HL.A_A	SA35Q	2.728342
1MHP.HL.A_HL	1MHP.HL.A_A	SA52M	2.076770
1MHP.HL.A_HL	1MHP.HL.A_A	TA33N	2.728342
1MHP.HL.A_HL	1MHP.HL.A_A	TA33V	0.434563
1MHP.HL.A_HL	1MHP.HL.A_A	TA50V	-0.131658
1MHP.HL.A_HL	1MHP.HL.A_A	WA308Q	2.076770
1MHP.HL.A_HL	1MHP.HL.A_A	YA58E	2.076770
1MHP.HL.A_HL	1MHP.HL.A_A	YA58Q	2.076770
1MHP.HL.A_HL	1MHP.HL.A_A	YA58W	0.821313
1MHP.HL.A_HL	1MHP.HL.A_A	YA59E	0.544251
1MI5.ABC.DE_ABC	1MI5.ABC.DE_DE	AB298G	1.231969
1MI5.ABC.DE_ABC	1MI5.ABC.DE_DE	AB91G	0.608305
1MI5.ABC.DE_ABC	1MI5.ABC.DE_DE	DB29A	1.231969
1MI5.ABC.DE_ABC	1MI5.ABC.DE_DE	EB251A	0.818938
1MI5.ABC.DE_ABC	1MI5.ABC.DE_DE	EB300A	0.119749
1MI5.ABC.DE_ABC	1MI5.ABC.DE_DE	GB227A	-0.289361
1MI5.ABC.DE_ABC	1MI5.ABC.DE_DE	GB296A	1.231969
1MI5.ABC.DE_ABC	1MI5.ABC.DE_DE	GB92A	0.764135
1MI5.ABC.DE_ABC	1MI5.ABC.DE_DE	GB93A	1.231969
1MI5.ABC.DE_ABC	1MI5.ABC.DE_DE	GB97A	1.231969
1MI5.ABC.DE_ABC	1MI5.ABC.DE_DE	HB32A	1.231969
1MI5.ABC.DE_ABC	1MI5.ABC.DE_DE	HB47A	1.117280
1MI5.ABC.DE_ABC	1MI5.ABC.DE_DE	KB98A	1.231969
1MI5.ABC.DE_ABC	1MI5.ABC.DE_DE	LB295A	0.115864
1MI5.ABC.DE_ABC	1MI5.ABC.DE_DE	LB49A	1.231969
1MI5.ABC.DE_ABC	1MI5.ABC.DE_DE	LB90A	1.231969
1MI5.ABC.DE_ABC	1MI5.ABC.DE_DE	NB250A	-0.432870
1MI5.ABC.DE_ABC	1MI5.ABC.DE_DE	NB52A	-0.019268
1MI5.ABC.DE_ABC	1MI5.ABC.DE_DE	PB89A	1.231969
1MI5.ABC.DE_ABC	1MI5.ABC.DE_DE	QB249A	-0.070374
1MI5.ABC.DE_ABC	1MI5.ABC.DE_DE	QB297A	1.231969
1MI5.ABC.DE_ABC	1MI5.ABC.DE_DE	QB301A	1.231969
1MI5.ABC.DE_ABC	1MI5.ABC.DE_DE	SB226A	0.032282
1MI5.ABC.DE_ABC	1MI5.ABC.DE_DE	SB230A	1.063897
1MI5.ABC.DE_ABC	1MI5.ABC.DE_DE	SB23A	0.100064
1MI5.ABC.DE_ABC	1MI5.ABC.DE_DE	SB26A	-0.039185
1MI5.ABC.DE_ABC	1MI5.ABC.DE_DE	SB293A	0.301691
1MI5.ABC.DE_ABC	1MI5.ABC.DE_DE	SB294A	-0.611899
1MI5.ABC.DE_ABC	1MI5.ABC.DE_DE	SB51A	0.482015
1MI5.ABC.DE_ABC	1MI5.ABC.DE_DE	SB95A	0.827208
1MI5.ABC.DE_ABC	1MI5.ABC.DE_DE	TB24A	0.260409
1MI5.ABC.DE_ABC	1MI5.ABC.DE_DE	TB28A	0.587576
1MI5.ABC.DE_ABC	1MI5.ABC.DE_DE	TB50A	-0.558466
1MI5.ABC.DE_ABC	1MI5.ABC.DE_DE	TB94A	0.942995
1MI5.ABC.DE_ABC	1MI5.ABC.DE_DE	VB229A	0.293084
1MI5.ABC.DE_ABC	1MI5.ABC.DE_DE	YB299A	1.231969
1MI5.ABC.DE_ABC	1MI5.ABC.DE_DE	YB302A	0.260409
1MI5.ABC.DE_ABC	1MI5.ABC.DE_DE	YB30A	0.449632
1MI5.ABC.DE_ABC	1MI5.ABC.DE_DE	YB96A	1.231969
1MLC.AB.E_AB	1MLC.AB.E_E	KA279D	0.018557
1MLC.AB.E_AB	1MLC.AB.E_E	NA32G	-0.877780
1MLC.AB.E_AB	1MLC.AB.E_E	NA32Y	0.000000
1MLC.AB.E_AB	1MLC.AB.E_E	NA92A	-1.253914
1MLC.AB.E_AB	1MLC.AB.E_E	SA271A	-0.379191
1MLC.AB.E_AB	1MLC.AB.E_E	SA271V	-0.494402
1MLC.AB.E_AB	1MLC.AB.E_E	TA242D	-0.151011
1MLC.AB.E_AB	1MLC.AB.E_E	TA245A	0.447207
1MLC.AB.E_AB	1MLC.AB.E_E	TA245V	0.526476
1MLC.AB.E_AB	1MLC.AB.E_E	TA245W	0.132202
1MLC.AB.E_AB	1MLC.AB.E_E	TA272D	-0.559933
1N8Z.AB.C_AB	1N8Z.AB.C_C	DA316W	-0.685735
1N8Z.AB.C_AB	1N8Z.AB.C_C	FB539A	0.035119
1N8Z.AB.C_AB	1N8Z.AB.C_C	HA91F	0.032922
1N8Z.AB.C_AB	1N8Z.AB.C_C	LB509A	-0.023056
1N8Z.AB.C_AB	1N8Z.AB.C_C	NA30S	0.064111
1N8Z.AB.C_AB	1N8Z.AB.C_C	RA264A	2.927686
1N8Z.AB.C_AB	1N8Z.AB.C_C	RA273A	1.774828
1N8Z.AB.C_AB	1N8Z.AB.C_C	SB535A	0.030841
1N8Z.AB.C_AB	1N8Z.AB.C_C	TA94S	0.309372
1N8Z.AB.C_AB	1N8Z.AB.C_C	VB536A	0.008977
1N8Z.AB.C_AB	1N8Z.AB.C_C	YA319F	0.821313
1N8Z.AB.C_AB	1N8Z.AB.C_C	YA323V	0.223045
1NCA.N.LH_N	1NCA.N.LH_LH	DB315K	0.714480
1NCA.N.LH_N	1NCA.N.LH_LH	EB314D	0.410656
1NCA.N.LH_N	1NCA.N.LH_LH	NB245Q	0.000000
1NCA.N.LH_N	1NCA.N.LH_LH	NB316Q	0.542858
1NMB.N.LH_N	1NMB.N.LH_LH	DB166E	2.954951
1NMB.N.LH_N	1NMB.N.LH_LH	DB166N	2.954951
1NMB.N.LH_N	1NMB.N.LH_LH	LB94V	0.900424
1NMB.N.LH_N	1NMB.N.LH_LH	TB93F	-0.023914
1NMB.N.LH_N	1NMB.N.LH_LH	TB93W	0.184273
1NMB.N.LH_N	1NMB.N.LH_LH	YB212A	2.141579
1NMB.N.LH_N	1NMB.N.LH_LH	YB214F	1.420046
1NMB.N.LH_N	1NMB.N.LH_LH	YB32F	0.466531
1PPF.E.I_E	1PPF.E.I_I	AB15C	-0.673707
1PPF.E.I_E	1PPF.E.I_I	AB15D	1.138229
1PPF.E.I_E	1PPF.E.I_I	AB15E	0.105604
1PPF.E.I_E	1PPF.E.I_I	AB15F	-0.072950
1PPF.E.I_E	1PPF.E.I_I	AB15G	1.138229
1PPF.E.I_E	1PPF.E.I_I	AB15H	0.552888
1PPF.E.I_E	1PPF.E.I_I	AB15I	0.329478
1PPF.E.I_E	1PPF.E.I_I	AB15K	1.127554
1PPF.E.I_E	1PPF.E.I_I	AB15L	0.017793
1PPF.E.I_E	1PPF.E.I_I	AB15M	-0.401338
1PPF.E.I_E	1PPF.E.I_I	AB15N	0.915471
1PPF.E.I_E	1PPF.E.I_I	AB15P	1.995459
1PPF.E.I_E	1PPF.E.I_I	AB15Q	0.249774
1PPF.E.I_E	1PPF.E.I_I	AB15R	-0.264178
1PPF.E.I_E	1PPF.E.I_I	AB15S	0.756479
1PPF.E.I_E	1PPF.E.I_I	AB15T	0.962834
1PPF.E.I_E	1PPF.E.I_I	AB15V	0.200324
1PPF.E.I_E	1PPF.E.I_I	AB15W	-0.640845
1PPF.E.I_E	1PPF.E.I_I	AB15Y	-0.185067
1PPF.E.I_E	1PPF.E.I_I	EB19A	1.203289
1PPF.E.I_E	1PPF.E.I_I	EB19C	1.402633
1PPF.E.I_E	1PPF.E.I_I	EB19D	0.577925
1PPF.E.I_E	1PPF.E.I_I	EB19F	1.364171
1PPF.E.I_E	1PPF.E.I_I	EB19G	2.120650
1PPF.E.I_E	1PPF.E.I_I	EB19H	0.690464
1PPF.E.I_E	1PPF.E.I_I	EB19I	0.723326
1PPF.E.I_E	1PPF.E.I_I	EB19K	2.120650
1PPF.E.I_E	1PPF.E.I_I	EB19L	1.071087
1PPF.E.I_E	1PPF.E.I_I	EB19M	1.148715
1PPF.E.I_E	1PPF.E.I_I	EB19N	1.212693
1PPF.E.I_E	1PPF.E.I_I	EB19P	3.210383
1PPF.E.I_E	1PPF.E.I_I	EB19Q	0.660431
1PPF.E.I_E	1PPF.E.I_I	EB19R	1.481744
1PPF.E.I_E	1PPF.E.I_I	EB19S	1.846212
1PPF.E.I_E	1PPF.E.I_I	EB19T	1.504980
1PPF.E.I_E	1PPF.E.I_I	EB19V	1.159019
1PPF.E.I_E	1PPF.E.I_I	EB19W	1.530076
1PPF.E.I_E	1PPF.E.I_I	EB19Y	1.248885
1PPF.E.I_E	1PPF.E.I_I	GB32A	0.257595
1PPF.E.I_E	1PPF.E.I_I	GB32C	1.179104
1PPF.E.I_E	1PPF.E.I_I	GB32D	2.497087
1PPF.E.I_E	1PPF.E.I_I	GB32E	1.457559
1PPF.E.I_E	1PPF.E.I_I	GB32F	1.481744
1PPF.E.I_E	1PPF.E.I_I	GB32H	1.504980
1PPF.E.I_E	1PPF.E.I_I	GB32I	4.372321
1PPF.E.I_E	1PPF.E.I_I	GB32K	3.306267
1PPF.E.I_E	1PPF.E.I_I	GB32L	3.129898
1PPF.E.I_E	1PPF.E.I_I	GB32M	2.195336
1PPF.E.I_E	1PPF.E.I_I	GB32N	1.613946
1PPF.E.I_E	1PPF.E.I_I	GB32P	0.263825
1PPF.E.I_E	1PPF.E.I_I	GB32Q	2.799726
1PPF.E.I_E	1PPF.E.I_I	GB32R	4.848992
1PPF.E.I_E	1PPF.E.I_I	GB32S	0.915471
1PPF.E.I_E	1PPF.E.I_I	GB32T	2.812400
1PPF.E.I_E	1PPF.E.I_I	GB32V	2.548172
1PPF.E.I_E	1PPF.E.I_I	GB32W	1.643979
1PPF.E.I_E	1PPF.E.I_I	GB32Y	1.203289
1PPF.E.I_E	1PPF.E.I_I	KB13A	0.756479
1PPF.E.I_E	1PPF.E.I_I	KB13C	0.962834
1PPF.E.I_E	1PPF.E.I_I	KB13D	0.631288
1PPF.E.I_E	1PPF.E.I_I	KB13E	1.132916
1PPF.E.I_E	1PPF.E.I_I	KB13F	0.962834
1PPF.E.I_E	1PPF.E.I_I	KB13G	1.248885
1PPF.E.I_E	1PPF.E.I_I	KB13H	1.014561
1PPF.E.I_E	1PPF.E.I_I	KB13I	0.631288
1PPF.E.I_E	1PPF.E.I_I	KB13L	0.401556
1PPF.E.I_E	1PPF.E.I_I	KB13M	0.208053
1PPF.E.I_E	1PPF.E.I_I	KB13N	0.660431
1PPF.E.I_E	1PPF.E.I_I	KB13P	1.266184
1PPF.E.I_E	1PPF.E.I_I	KB13Q	0.249774
1PPF.E.I_E	1PPF.E.I_I	KB13R	-0.640845
1PPF.E.I_E	1PPF.E.I_I	KB13S	0.460850
1PPF.E.I_E	1PPF.E.I_I	KB13T	0.165905
1PPF.E.I_E	1PPF.E.I_I	KB13V	0.871507
1PPF.E.I_E	1PPF.E.I_I	KB13W	0.831165
1PPF.E.I_E	1PPF.E.I_I	KB13Y	0.505585
1PPF.E.I_E	1PPF.E.I_I	LB18A	1.016960
1PPF.E.I_E	1PPF.E.I_I	LB18C	-0.089523
1PPF.E.I_E	1PPF.E.I_I	LB18D	7.613488
1PPF.E.I_E	1PPF.E.I_I	LB18E	7.063434
1PPF.E.I_E	1PPF.E.I_I	LB18F	5.169496
1PPF.E.I_E	1PPF.E.I_I	LB18G	3.332899
1PPF.E.I_E	1PPF.E.I_I	LB18H	6.471246
1PPF.E.I_E	1PPF.E.I_I	LB18I	-0.732883
1PPF.E.I_E	1PPF.E.I_I	LB18K	5.692886
1PPF.E.I_E	1PPF.E.I_I	LB18M	1.242062
1PPF.E.I_E	1PPF.E.I_I	LB18N	5.225429
1PPF.E.I_E	1PPF.E.I_I	LB18P	6.147149
1PPF.E.I_E	1PPF.E.I_I	LB18Q	3.347520
1PPF.E.I_E	1PPF.E.I_I	LB18R	7.184542
1PPF.E.I_E	1PPF.E.I_I	LB18S	3.092029
1PPF.E.I_E	1PPF.E.I_I	LB18T	0.915471
1PPF.E.I_E	1PPF.E.I_I	LB18V	-0.492664
1PPF.E.I_E	1PPF.E.I_I	LB18W	7.544181
1PPF.E.I_E	1PPF.E.I_I	LB18Y	6.635789
1PPF.E.I_E	1PPF.E.I_I	NB36A	-1.645523
1PPF.E.I_E	1PPF.E.I_I	NB36C	0.604556
1PPF.E.I_E	1PPF.E.I_I	NB36D	-3.077952
1PPF.E.I_E	1PPF.E.I_I	NB36E	-1.018349
1PPF.E.I_E	1PPF.E.I_I	NB36F	1.846212
1PPF.E.I_E	1PPF.E.I_I	NB36G	-0.571538
1PPF.E.I_E	1PPF.E.I_I	NB36H	-0.533006
1PPF.E.I_E	1PPF.E.I_I	NB36I	0.871507
1PPF.E.I_E	1PPF.E.I_I	NB36K	2.621769
1PPF.E.I_E	1PPF.E.I_I	NB36L	2.647163
1PPF.E.I_E	1PPF.E.I_I	NB36M	1.071087
1PPF.E.I_E	1PPF.E.I_I	NB36P	-2.959598
1PPF.E.I_E	1PPF.E.I_I	NB36Q	0.382923
1PPF.E.I_E	1PPF.E.I_I	NB36R	1.869756
1PPF.E.I_E	1PPF.E.I_I	NB36S	-1.346378
1PPF.E.I_E	1PPF.E.I_I	NB36T	0.552888
1PPF.E.I_E	1PPF.E.I_I	NB36V	0.345822
1PPF.E.I_E	1PPF.E.I_I	NB36W	1.721962
1PPF.E.I_E	1PPF.E.I_I	NB36Y	1.676840
1PPF.E.I_E	1PPF.E.I_I	PB14A	-0.124129
1PPF.E.I_E	1PPF.E.I_I	PB14C	-2.005016
1PPF.E.I_E	1PPF.E.I_I	PB14D	-0.492664
1PPF.E.I_E	1PPF.E.I_I	PB14E	-1.429005
1PPF.E.I_E	1PPF.E.I_I	PB14F	-1.856836
1PPF.E.I_E	1PPF.E.I_I	PB14G	0.093388
1PPF.E.I_E	1PPF.E.I_I	PB14H	-1.765509
1PPF.E.I_E	1PPF.E.I_I	PB14I	-1.651360
1PPF.E.I_E	1PPF.E.I_I	PB14K	-0.448700
1PPF.E.I_E	1PPF.E.I_I	PB14L	-2.923367
1PPF.E.I_E	1PPF.E.I_I	PB14M	-1.574453
1PPF.E.I_E	1PPF.E.I_I	PB14N	-0.640845
1PPF.E.I_E	1PPF.E.I_I	PB14Q	-0.811283
1PPF.E.I_E	1PPF.E.I_I	PB14R	-0.137646
1PPF.E.I_E	1PPF.E.I_I	PB14S	-0.571538
1PPF.E.I_E	1PPF.E.I_I	PB14T	-0.264178
1PPF.E.I_E	1PPF.E.I_I	PB14V	-1.525053
1PPF.E.I_E	1PPF.E.I_I	PB14W	-2.005016
1PPF.E.I_E	1PPF.E.I_I	PB14Y	-0.962616
1PPF.E.I_E	1PPF.E.I_I	RB21A	0.208053
1PPF.E.I_E	1PPF.E.I_I	RB21C	-0.081179
1PPF.E.I_E	1PPF.E.I_I	RB21D	0.208053
1PPF.E.I_E	1PPF.E.I_I	RB21E	0.460850
1PPF.E.I_E	1PPF.E.I_I	RB21F	-0.981248
1PPF.E.I_E	1PPF.E.I_I	RB21G	0.577925
1PPF.E.I_E	1PPF.E.I_I	RB21H	-0.492664
1PPF.E.I_E	1PPF.E.I_I	RB21I	-0.811283
1PPF.E.I_E	1PPF.E.I_I	RB21K	0.604556
1PPF.E.I_E	1PPF.E.I_I	RB21L	-0.858586
1PPF.E.I_E	1PPF.E.I_I	RB21M	-0.759615
1PPF.E.I_E	1PPF.E.I_I	RB21N	0.329478
1PPF.E.I_E	1PPF.E.I_I	RB21P	6.705569
1PPF.E.I_E	1PPF.E.I_I	RB21Q	-0.018344
1PPF.E.I_E	1PPF.E.I_I	RB21S	0.419620
1PPF.E.I_E	1PPF.E.I_I	RB21T	-0.018344
1PPF.E.I_E	1PPF.E.I_I	RB21V	-0.349610
1PPF.E.I_E	1PPF.E.I_I	RB21W	-0.533006
1PPF.E.I_E	1PPF.E.I_I	RB21Y	0.220632
1PPF.E.I_E	1PPF.E.I_I	TB17A	3.189534
1PPF.E.I_E	1PPF.E.I_I	TB17C	2.087497
1PPF.E.I_E	1PPF.E.I_I	TB17D	4.923678
1PPF.E.I_E	1PPF.E.I_I	TB17E	3.057588
1PPF.E.I_E	1PPF.E.I_I	TB17F	1.709993
1PPF.E.I_E	1PPF.E.I_I	TB17G	3.599849
1PPF.E.I_E	1PPF.E.I_I	TB17H	1.693649
1PPF.E.I_E	1PPF.E.I_I	TB17I	1.481744
1PPF.E.I_E	1PPF.E.I_I	TB17K	3.388773
1PPF.E.I_E	1PPF.E.I_I	TB17L	2.279642
1PPF.E.I_E	1PPF.E.I_I	TB17M	2.502400
1PPF.E.I_E	1PPF.E.I_I	TB17N	2.698713
1PPF.E.I_E	1PPF.E.I_I	TB17P	3.074164
1PPF.E.I_E	1PPF.E.I_I	TB17Q	1.968727
1PPF.E.I_E	1PPF.E.I_I	TB17R	3.451668
1PPF.E.I_E	1PPF.E.I_I	TB17S	1.530874
1PPF.E.I_E	1PPF.E.I_I	TB17V	1.512658
1PPF.E.I_E	1PPF.E.I_I	TB17W	2.195336
1PPF.E.I_E	1PPF.E.I_I	TB17Y	2.480854
1PPF.E.I_E	1PPF.E.I_I	YB20A	3.210383
1PPF.E.I_E	1PPF.E.I_I	YB20C	3.451668
1PPF.E.I_E	1PPF.E.I_I	YB20D	6.419518
1PPF.E.I_E	1PPF.E.I_I	YB20E	6.419518
1PPF.E.I_E	1PPF.E.I_I	YB20F	0.482041
1PPF.E.I_E	1PPF.E.I_I	YB20G	4.185901
1PPF.E.I_E	1PPF.E.I_I	YB20H	2.415752
1PPF.E.I_E	1PPF.E.I_I	YB20I	3.931631
1PPF.E.I_E	1PPF.E.I_I	YB20K	4.494069
1PPF.E.I_E	1PPF.E.I_I	YB20L	1.374911
1PPF.E.I_E	1PPF.E.I_I	YB20M	2.812400
1PPF.E.I_E	1PPF.E.I_I	YB20N	3.643814
1PPF.E.I_E	1PPF.E.I_I	YB20P	5.367161
1PPF.E.I_E	1PPF.E.I_I	YB20Q	4.697070
1PPF.E.I_E	1PPF.E.I_I	YB20R	4.372321
1PPF.E.I_E	1PPF.E.I_I	YB20S	3.643814
1PPF.E.I_E	1PPF.E.I_I	YB20T	5.055347
1PPF.E.I_E	1PPF.E.I_I	YB20V	4.185901
1PPF.E.I_E	1PPF.E.I_I	YB20W	0.235382
1QSE.ABC.DE_ABC	1QSE.ABC.DE_DE	RA381V	-1.225423
1R0R.E.I_E	1R0R.E.I_I	AB10C	-0.483468
1R0R.E.I_E	1R0R.E.I_I	AB10D	5.228435
1R0R.E.I_E	1R0R.E.I_I	AB10E	4.577856
1R0R.E.I_E	1R0R.E.I_I	AB10F	-2.242999
1R0R.E.I_E	1R0R.E.I_I	AB10G	1.111737
1R0R.E.I_E	1R0R.E.I_I	AB10H	1.774828
1R0R.E.I_E	1R0R.E.I_I	AB10I	-1.799517
1R0R.E.I_E	1R0R.E.I_I	AB10K	3.072984
1R0R.E.I_E	1R0R.E.I_I	AB10L	-1.755011
1R0R.E.I_E	1R0R.E.I_I	AB10M	-1.739622
1R0R.E.I_E	1R0R.E.I_I	AB10N	2.089436
1R0R.E.I_E	1R0R.E.I_I	AB10P	3.345354
1R0R.E.I_E	1R0R.E.I_I	AB10Q	1.810982
1R0R.E.I_E	1R0R.E.I_I	AB10R	5.530482
1R0R.E.I_E	1R0R.E.I_I	AB10S	1.741675
1R0R.E.I_E	1R0R.E.I_I	AB10T	1.268123
1R0R.E.I_E	1R0R.E.I_I	AB10V	-0.970091
1R0R.E.I_E	1R0R.E.I_I	AB10W	0.207066
1R0R.E.I_E	1R0R.E.I_I	AB10Y	-0.838487
1R0R.E.I_E	1R0R.E.I_I	EB14A	2.089436
1R0R.E.I_E	1R0R.E.I_I	EB14C	2.371582
1R0R.E.I_E	1R0R.E.I_I	EB14D	0.258734
1R0R.E.I_E	1R0R.E.I_I	EB14F	3.618091
1R0R.E.I_E	1R0R.E.I_I	EB14G	2.711998
1R0R.E.I_E	1R0R.E.I_I	EB14H	1.708813
1R0R.E.I_E	1R0R.E.I_I	EB14I	0.736997
1R0R.E.I_E	1R0R.E.I_I	EB14K	2.711998
1R0R.E.I_E	1R0R.E.I_I	EB14L	0.569649
1R0R.E.I_E	1R0R.E.I_I	EB14M	1.571237
1R0R.E.I_E	1R0R.E.I_I	EB14N	2.118342
1R0R.E.I_E	1R0R.E.I_I	EB14P	3.764484
1R0R.E.I_E	1R0R.E.I_I	EB14Q	1.282174
1R0R.E.I_E	1R0R.E.I_I	EB14R	2.089436
1R0R.E.I_E	1R0R.E.I_I	EB14S	3.175153
1R0R.E.I_E	1R0R.E.I_I	EB14T	4.252276
1R0R.E.I_E	1R0R.E.I_I	EB14V	0.094771
1R0R.E.I_E	1R0R.E.I_I	EB14W	1.849514
1R0R.E.I_E	1R0R.E.I_I	EB14Y	1.889856
1R0R.E.I_E	1R0R.E.I_I	GB27A	1.314587
1R0R.E.I_E	1R0R.E.I_I	GB27C	1.419905
1R0R.E.I_E	1R0R.E.I_I	GB27D	2.888105
1R0R.E.I_E	1R0R.E.I_I	GB27E	1.981183
1R0R.E.I_E	1R0R.E.I_I	GB27F	0.115028
1R0R.E.I_E	1R0R.E.I_I	GB27H	2.192495
1R0R.E.I_E	1R0R.E.I_I	GB27I	1.981183
1R0R.E.I_E	1R0R.E.I_I	GB27K	2.935408
1R0R.E.I_E	1R0R.E.I_I	GB27L	2.410737
1R0R.E.I_E	1R0R.E.I_I	GB27M	2.156578
1R0R.E.I_E	1R0R.E.I_I	GB27N	1.282174
1R0R.E.I_E	1R0R.E.I_I	GB27P	1.080047
1R0R.E.I_E	1R0R.E.I_I	GB27Q	2.032910
1R0R.E.I_E	1R0R.E.I_I	GB27R	3.471120
1R0R.E.I_E	1R0R.E.I_I	GB27S	0.911775
1R0R.E.I_E	1R0R.E.I_I	GB27T	1.678780
1R0R.E.I_E	1R0R.E.I_I	GB27V	1.957501
1R0R.E.I_E	1R0R.E.I_I	GB27W	1.401272
1R0R.E.I_E	1R0R.E.I_I	GB27Y	0.485343
1R0R.E.I_E	1R0R.E.I_I	KB8A	-0.610000
1R0R.E.I_E	1R0R.E.I_I	KB8C	-0.615670
1R0R.E.I_E	1R0R.E.I_I	KB8D	-0.593310
1R0R.E.I_E	1R0R.E.I_I	KB8E	-0.110440
1R0R.E.I_E	1R0R.E.I_I	KB8F	-0.794522
1R0R.E.I_E	1R0R.E.I_I	KB8G	-0.838487
1R0R.E.I_E	1R0R.E.I_I	KB8H	-0.593310
1R0R.E.I_E	1R0R.E.I_I	KB8I	1.123952
1R0R.E.I_E	1R0R.E.I_I	KB8L	-0.328029
1R0R.E.I_E	1R0R.E.I_I	KB8M	-0.561278
1R0R.E.I_E	1R0R.E.I_I	KB8N	-0.390840
1R0R.E.I_E	1R0R.E.I_I	KB8P	1.347827
1R0R.E.I_E	1R0R.E.I_I	KB8Q	-0.530889
1R0R.E.I_E	1R0R.E.I_I	KB8R	0.136218
1R0R.E.I_E	1R0R.E.I_I	KB8S	-0.307360
1R0R.E.I_E	1R0R.E.I_I	KB8T	0.889749
1R0R.E.I_E	1R0R.E.I_I	KB8V	0.410656
1R0R.E.I_E	1R0R.E.I_I	KB8W	-1.105437
1R0R.E.I_E	1R0R.E.I_I	KB8Y	-0.695432
1R0R.E.I_E	1R0R.E.I_I	LB13A	0.420147
1R0R.E.I_E	1R0R.E.I_I	LB13C	-1.346307
1R0R.E.I_E	1R0R.E.I_I	LB13D	4.539324
1R0R.E.I_E	1R0R.E.I_I	LB13E	2.150663
1R0R.E.I_E	1R0R.E.I_I	LB13F	0.617011
1R0R.E.I_E	1R0R.E.I_I	LB13G	2.352891
1R0R.E.I_E	1R0R.E.I_I	LB13H	0.569649
1R0R.E.I_E	1R0R.E.I_I	LB13I	3.254027
1R0R.E.I_E	1R0R.E.I_I	LB13K	3.094362
1R0R.E.I_E	1R0R.E.I_I	LB13M	-0.516260
1R0R.E.I_E	1R0R.E.I_I	LB13N	1.500390
1R0R.E.I_E	1R0R.E.I_I	LB13P	7.687727
1R0R.E.I_E	1R0R.E.I_I	LB13Q	0.593330
1R0R.E.I_E	1R0R.E.I_I	LB13R	2.935408
1R0R.E.I_E	1R0R.E.I_I	LB13S	1.571237
1R0R.E.I_E	1R0R.E.I_I	LB13T	0.159763
1R0R.E.I_E	1R0R.E.I_I	LB13V	2.156578
1R0R.E.I_E	1R0R.E.I_I	LB13W	1.523934
1R0R.E.I_E	1R0R.E.I_I	LB13Y	0.446811
1R0R.E.I_E	1R0R.E.I_I	NB23S	-0.066014
1R0R.E.I_E	1R0R.E.I_I	NB31A	-0.033153
1R0R.E.I_E	1R0R.E.I_I	NB31C	0.569649
1R0R.E.I_E	1R0R.E.I_I	NB31D	0.569649
1R0R.E.I_E	1R0R.E.I_I	NB31E	-0.205013
1R0R.E.I_E	1R0R.E.I_I	NB31F	-0.179917
1R0R.E.I_E	1R0R.E.I_I	NB31G	0.285466
1R0R.E.I_E	1R0R.E.I_I	NB31H	0.285466
1R0R.E.I_E	1R0R.E.I_I	NB31I	0.314609
1R0R.E.I_E	1R0R.E.I_I	NB31K	1.147654
1R0R.E.I_E	1R0R.E.I_I	NB31L	1.546578
1R0R.E.I_E	1R0R.E.I_I	NB31M	0.314609
1R0R.E.I_E	1R0R.E.I_I	NB31P	1.479199
1R0R.E.I_E	1R0R.E.I_I	NB31Q	-0.274438
1R0R.E.I_E	1R0R.E.I_I	NB31R	1.458942
1R0R.E.I_E	1R0R.E.I_I	NB31S	0.485343
1R0R.E.I_E	1R0R.E.I_I	NB31T	0.569649
1R0R.E.I_E	1R0R.E.I_I	NB31V	0.668739
1R0R.E.I_E	1R0R.E.I_I	NB31W	0.055733
1R0R.E.I_E	1R0R.E.I_I	NB31Y	0.182407
1R0R.E.I_E	1R0R.E.I_I	PB9A	-0.638906
1R0R.E.I_E	1R0R.E.I_I	PB9C	-0.986667
1R0R.E.I_E	1R0R.E.I_I	PB9D	-2.521276
1R0R.E.I_E	1R0R.E.I_I	PB9E	-2.242999
1R0R.E.I_E	1R0R.E.I_I	PB9F	1.382035
1R0R.E.I_E	1R0R.E.I_I	PB9G	-0.345822
1R0R.E.I_E	1R0R.E.I_I	PB9H	-0.216517
1R0R.E.I_E	1R0R.E.I_I	PB9I	1.741675
1R0R.E.I_E	1R0R.E.I_I	PB9K	0.344642
1R0R.E.I_E	1R0R.E.I_I	PB9L	1.184254
1R0R.E.I_E	1R0R.E.I_I	PB9M	-0.033153
1R0R.E.I_E	1R0R.E.I_I	PB9N	-0.917360
1R0R.E.I_E	1R0R.E.I_I	PB9Q	-1.414623
1R0R.E.I_E	1R0R.E.I_I	PB9R	1.102406
1R0R.E.I_E	1R0R.E.I_I	PB9S	0.136218
1R0R.E.I_E	1R0R.E.I_I	PB9T	1.197750
1R0R.E.I_E	1R0R.E.I_I	PB9V	1.331018
1R0R.E.I_E	1R0R.E.I_I	PB9W	0.485343
1R0R.E.I_E	1R0R.E.I_I	PB9Y	0.857467
1R0R.E.I_E	1R0R.E.I_I	RB16A	-0.096048
1R0R.E.I_E	1R0R.E.I_I	RB16C	0.115028
1R0R.E.I_E	1R0R.E.I_I	RB16D	-0.179917
1R0R.E.I_E	1R0R.E.I_I	RB16E	0.344642
1R0R.E.I_E	1R0R.E.I_I	RB16F	0.446811
1R0R.E.I_E	1R0R.E.I_I	RB16G	2.089436
1R0R.E.I_E	1R0R.E.I_I	RB16H	0.525685
1R0R.E.I_E	1R0R.E.I_I	RB16I	0.207066
1R0R.E.I_E	1R0R.E.I_I	RB16K	-0.096048
1R0R.E.I_E	1R0R.E.I_I	RB16L	0.232103
1R0R.E.I_E	1R0R.E.I_I	RB16M	0.446811
1R0R.E.I_E	1R0R.E.I_I	RB16N	-0.050452
1R0R.E.I_E	1R0R.E.I_I	RB16P	7.390505
1R0R.E.I_E	1R0R.E.I_I	RB16Q	0.182407
1R0R.E.I_E	1R0R.E.I_I	RB16S	-0.016345
1R0R.E.I_E	1R0R.E.I_I	RB16T	0.344642
1R0R.E.I_E	1R0R.E.I_I	RB16V	0.115028
1R0R.E.I_E	1R0R.E.I_I	RB16W	0.945399
1R0R.E.I_E	1R0R.E.I_I	RB16Y	0.823325
1R0R.E.I_E	1R0R.E.I_I	TB12A	0.980162
1R0R.E.I_E	1R0R.E.I_I	TB12C	0.813197
1R0R.E.I_E	1R0R.E.I_I	TB12D	2.888105
1R0R.E.I_E	1R0R.E.I_I	TB12E	3.018399
1R0R.E.I_E	1R0R.E.I_I	TB12F	-0.066014
1R0R.E.I_E	1R0R.E.I_I	TB12G	3.138999
1R0R.E.I_E	1R0R.E.I_I	TB12H	0.525685
1R0R.E.I_E	1R0R.E.I_I	TB12I	0.258734
1R0R.E.I_E	1R0R.E.I_I	TB12K	1.933820
1R0R.E.I_E	1R0R.E.I_I	TB12L	0.668739
1R0R.E.I_E	1R0R.E.I_I	TB12M	1.331018
1R0R.E.I_E	1R0R.E.I_I	TB12N	0.017864
1R0R.E.I_E	1R0R.E.I_I	TB12P	4.949980
1R0R.E.I_E	1R0R.E.I_I	TB12Q	2.221638
1R0R.E.I_E	1R0R.E.I_I	TB12R	3.345354
1R0R.E.I_E	1R0R.E.I_I	TB12S	0.859036
1R0R.E.I_E	1R0R.E.I_I	TB12V	1.008609
1R0R.E.I_E	1R0R.E.I_I	TB12W	2.935408
1R0R.E.I_E	1R0R.E.I_I	TB12Y	-0.878828
1R0R.E.I_E	1R0R.E.I_I	YB15A	5.474549
1R0R.E.I_E	1R0R.E.I_I	YB15C	3.254027
1R0R.E.I_E	1R0R.E.I_I	YB15D	5.622921
1R0R.E.I_E	1R0R.E.I_I	YB15E	4.618198
1R0R.E.I_E	1R0R.E.I_I	YB15F	0.617011
1R0R.E.I_E	1R0R.E.I_I	YB15G	6.402083
1R0R.E.I_E	1R0R.E.I_I	YB15H	3.257035
1R0R.E.I_E	1R0R.E.I_I	YB15I	2.864561
1R0R.E.I_E	1R0R.E.I_I	YB15K	5.512418
1R0R.E.I_E	1R0R.E.I_I	YB15L	2.575117
1R0R.E.I_E	1R0R.E.I_I	YB15M	3.138999
1R0R.E.I_E	1R0R.E.I_I	YB15N	5.616447
1R0R.E.I_E	1R0R.E.I_I	YB15P	6.654434
1R0R.E.I_E	1R0R.E.I_I	YB15Q	4.503170
1R0R.E.I_E	1R0R.E.I_I	YB15R	4.470017
1R0R.E.I_E	1R0R.E.I_I	YB15S	5.162713
1R0R.E.I_E	1R0R.E.I_I	YB15T	5.474549
1R0R.E.I_E	1R0R.E.I_I	YB15V	3.510074
1R0R.E.I_E	1R0R.E.I_I	YB15W	-0.364166
1REW.AB.C_AB	1REW.AB.C_C	QB55A	2.658561
1SBB.A.B_A	1SBB.A.B_B	LB20T	-0.099672
1SBB.A.B_A	1SBB.A.B_B	VB26Y	-1.180796
1SBB.A.B_A	1SBB.A.B_B	YB91V	0.085219
1SGE.E.I_E	1SGE.E.I_I	EB13L	-5.982758
1SGQ.E.I_E	1SGQ.E.I_I	GB13L	-5.003496
1SIB.E.I_E	1SIB.E.I_I	KB46R	-0.731527
1TM1.E.I_E	1TM1.E.I_I	EB41A	2.989437
1TM1.E.I_E	1TM1.E.I_I	EB41S	2.747769
1TM1.E.I_E	1TM1.E.I_I	MB40A	1.027668
1TM1.E.I_E	1TM1.E.I_I	MB40F	1.027668
1TM1.E.I_E	1TM1.E.I_I	MB40G	2.232905
1TM1.E.I_E	1TM1.E.I_I	MB40K	1.093564
1TM1.E.I_E	1TM1.E.I_I	MB40Y	0.056467
1TM1.E.I_E	1TM1.E.I_I	RB43A	1.256154
1TM1.E.I_E	1TM1.E.I_I	RB46A	3.417935
1TM1.E.I_E	1TM1.E.I_I	RB48A	3.010781
1TM1.E.I_E	1TM1.E.I_I	RB48C	3.235801
1TM1.E.I_E	1TM1.E.I_I	TB39A	2.650369
1TM1.E.I_E	1TM1.E.I_I	TB39D	2.099074
1TM1.E.I_E	1TM1.E.I_I	TB39P	3.756010
1TM1.E.I_E	1TM1.E.I_I	VB51A	0.024862
1TM1.E.I_E	1TM1.E.I_I	YB42A	2.580556
1TM1.E.I_E	1TM1.E.I_I	YB42G	4.680967
1TM3.E.I_E	1TM3.E.I_I	KB40M	-1.093564
1TM5.E.I_E	1TM5.E.I_I	AB40M	-1.027668
1TM7.E.I_E	1TM7.E.I_I	YB40M	-0.056467
1VFB.AB.C_AB	1VFB.AB.C_C	DA161A	0.815476
1VFB.AB.C_AB	1VFB.AB.C_C	DA165A	-0.207096
1VFB.AB.C_AB	1VFB.AB.C_C	DA165E	0.078116
1VFB.AB.C_AB	1VFB.AB.C_C	DA165N	-0.128239
1VFB.AB.C_AB	1VFB.AB.C_C	DA207A	3.006347
1VFB.AB.C_AB	1VFB.AB.C_C	DB119A	0.953515
1VFB.AB.C_AB	1VFB.AB.C_C	DB18A	0.340283
1VFB.AB.C_AB	1VFB.AB.C_C	EA205A	1.157075
1VFB.AB.C_AB	1VFB.AB.C_C	GA138A	0.306603
1VFB.AB.C_AB	1VFB.AB.C_C	GA138E	-0.509990
1VFB.AB.C_AB	1VFB.AB.C_C	GA138W	0.003963
1VFB.AB.C_AB	1VFB.AB.C_C	HA30A	0.845261
1VFB.AB.C_AB	1VFB.AB.C_C	IB124A	1.231969
1VFB.AB.C_AB	1VFB.AB.C_C	KB116A	0.713770
1VFB.AB.C_AB	1VFB.AB.C_C	LA46D	5.631085
1VFB.AB.C_AB	1VFB.AB.C_C	LA46E	5.631085
1VFB.AB.C_AB	1VFB.AB.C_C	LB129A	0.171622
1VFB.AB.C_AB	1VFB.AB.C_C	NA163A	0.177798
1VFB.AB.C_AB	1VFB.AB.C_C	NA31W	0.174401
1VFB.AB.C_AB	1VFB.AB.C_C	NB19A	0.396264
1VFB.AB.C_AB	1VFB.AB.C_C	QB121A	2.878286
1VFB.AB.C_AB	1VFB.AB.C_C	RA206A	-0.099780
1VFB.AB.C_AB	1VFB.AB.C_C	RA206W	0.705290
1VFB.AB.C_AB	1VFB.AB.C_C	RA206Y	1.235932
1VFB.AB.C_AB	1VFB.AB.C_C	RB125A	1.837722
1VFB.AB.C_AB	1VFB.AB.C_C	SA135D	0.000000
1VFB.AB.C_AB	1VFB.AB.C_C	SA135E	-0.104054
1VFB.AB.C_AB	1VFB.AB.C_C	SA135N	0.144012
1VFB.AB.C_AB	1VFB.AB.C_C	SA135Q	0.078116
1VFB.AB.C_AB	1VFB.AB.C_C	SA93A	0.343278
1VFB.AB.C_AB	1VFB.AB.C_C	SB24A	0.851346
1VFB.AB.C_AB	1VFB.AB.C_C	TA137A	-0.055875
1VFB.AB.C_AB	1VFB.AB.C_C	TA52F	0.471086
1VFB.AB.C_AB	1VFB.AB.C_C	TA53R	1.646589
1VFB.AB.C_AB	1VFB.AB.C_C	TB118A	0.765438
1VFB.AB.C_AB	1VFB.AB.C_C	VB120A	0.917360
1VFB.AB.C_AB	1VFB.AB.C_C	WA159A	0.640914
1VFB.AB.C_AB	1VFB.AB.C_C	WA92A	3.039208
1VFB.AB.C_AB	1VFB.AB.C_C	YA139A	0.792034
1VFB.AB.C_AB	1VFB.AB.C_C	YA139E	1.903040
1VFB.AB.C_AB	1VFB.AB.C_C	YA208F	1.270133
1VFB.AB.C_AB	1VFB.AB.C_C	YA32A	1.528818
1VFB.AB.C_AB	1VFB.AB.C_C	YA32W	5.631085
1VFB.AB.C_AB	1VFB.AB.C_C	YA49A	0.797899
1VFB.AB.C_AB	1VFB.AB.C_C	YA50A	0.456290
1VFB.AB.C_AB	1VFB.AB.C_C	YA50K	1.716369
1VFB.AB.C_AB	1VFB.AB.C_C	YA50R	0.844702
1VFB.AB.C_AB	1VFB.AB.C_C	YB23A	0.410656
1WQJ.I.B_I	1WQJ.I.B_B	RA20A	0.679553
1WQJ.I.B_I	1WQJ.I.B_B	RA49A	0.268245
1WQJ.I.B_I	1WQJ.I.B_B	RA54A	0.059441
1WQJ.I.B_I	1WQJ.I.B_B	RA55A	0.402399
1X1W.A.D_A	1X1W.A.D_D	AB81E	-0.410656
1XGQ.AB.C_AB	1XGQ.AB.C_C	VA248A	1.153095
1XGQ.AB.C_AB	1XGQ.AB.C_C	VA248F	-2.909385
1XGQ.AB.C_AB	1XGQ.AB.C_C	VA248I	-1.108124
1XGQ.AB.C_AB	1XGQ.AB.C_C	VA248L	-1.046781
1XGR.AB.C_AB	1XGR.AB.C_C	IA248A	2.261219
1XGR.AB.C_AB	1XGR.AB.C_C	IA248F	-1.801261
1XGR.AB.C_AB	1XGR.AB.C_C	IA248L	0.061343
1XGR.AB.C_AB	1XGR.AB.C_C	IA248V	1.108124
1XGU.AB.C_AB	1XGU.AB.C_C	FA247A	4.062480
1XGU.AB.C_AB	1XGU.AB.C_C	FA247I	1.801261
1XGU.AB.C_AB	1XGU.AB.C_C	FA247L	1.862604
1XGU.AB.C_AB	1XGU.AB.C_C	FA247V	2.909385
1Y1K.E.I_E	1Y1K.E.I_I	AB39T	-2.728342
1Y33.E.I_E	1Y33.E.I_I	PB39T	-3.756010
1Y3B.E.I_E	1Y3B.E.I_I	SB41E	-2.747769
1Y3C.E.I_E	1Y3C.E.I_I	AB43R	-1.256154
1YY9.CD.A_CD	1YY9.CD.A_A	AA25P	0.072288
1YY9.CD.A_CD	1YY9.CD.A_A	AA309P	1.037692
1YY9.CD.A_CD	1YY9.CD.A_A	GA265P	0.268190
1YY9.CD.A_CD	1YY9.CD.A_A	LA240P	0.030841
1YY9.CD.A_CD	1YY9.CD.A_A	NA267A	-0.057072
1YY9.CD.A_CD	1YY9.CD.A_A	NA93A	-0.742202
1YY9.CD.A_CD	1YY9.CD.A_A	SA264P	0.817911
1YY9.CD.A_CD	1YY9.CD.A_A	SA26D	-0.199344
1YY9.CD.A_CD	1YY9.CD.A_A	SA26P	-0.009115
1YY9.CD.A_CD	1YY9.CD.A_A	SA28P	-0.222399
1YY9.CD.A_CD	1YY9.CD.A_A	SA54P	-0.018372
1YY9.CD.A_CD	1YY9.CD.A_A	TA272E	-0.057072
1YY9.CD.A_CD	1YY9.CD.A_A	TA31E	-0.519157
1YY9.CD.A_CD	1YY9.CD.A_A	TA96P	4.004943
1YY9.CD.A_CD	1YY9.CD.A_A	WA263P	1.478933
1YY9.CD.A_CD	1YY9.CD.A_A	YA312P	1.652159
1Z7X.W.X_W	1Z7X.W.X_X	DA435A	3.662431
1Z7X.W.X_W	1Z7X.W.X_X	EA206A	1.018685
1Z7X.W.X_W	1Z7X.W.X_X	EA287A	1.321325
1Z7X.W.X_W	1Z7X.W.X_X	EA344A	1.561543
1Z7X.W.X_W	1Z7X.W.X_X	EA401A	1.306325
1Z7X.W.X_W	1Z7X.W.X_X	IA459A	0.337421
1Z7X.W.X_W	1Z7X.W.X_X	KA320A	1.321325
1Z7X.W.X_W	1Z7X.W.X_X	RA457A	0.848247
1Z7X.W.X_W	1Z7X.W.X_X	SA289A	0.814384
1Z7X.W.X_W	1Z7X.W.X_X	WA261A	1.335954
1Z7X.W.X_W	1Z7X.W.X_X	WA263A	2.212418
1Z7X.W.X_W	1Z7X.W.X_X	WA318A	0.993470
1Z7X.W.X_W	1Z7X.W.X_X	WA375A	1.669560
1Z7X.W.X_W	1Z7X.W.X_X	YA434A	5.955931
1Z7X.W.X_W	1Z7X.W.X_X	YA434F	0.120623
1Z7X.W.X_W	1Z7X.W.X_X	YA437A	2.624135
1Z7X.W.X_W	1Z7X.W.X_X	YA437F	2.166058
2AW2.A.B_A	2AW2.A.B_B	PB16A	2.575591
2AW2.A.B_A	2AW2.A.B_B	VB35A	1.096392
2AW2.A.B_A	2AW2.A.B_B	YB22A	1.885084
2B0Z.A.B_A	2B0Z.A.B_B	IB87F	-2.528999
2B10.A.B_A	2B10.A.B_B	SB87F	-1.164827
2B12.A.B_A	2B12.A.B_B	YB87F	-1.575484
2B42.A.B_A	2B42.A.B_B	HA357A	1.638458
2B42.A.B_A	2B42.A.B_B	HA357K	2.567788
2B42.A.B_A	2B42.A.B_B	HA357Q	1.076116
2BNQ.ABC.DE_ABC	2BNQ.ABC.DE_DE	VA385C	0.501983
2BNR.ABC.DE_ABC	2BNR.ABC.DE_DE	AA149G	0.018231
2BNR.ABC.DE_ABC	2BNR.ABC.DE_DE	AA150G	0.736888
2BNR.ABC.DE_ABC	2BNR.ABC.DE_DE	AA69G	1.855210
2BNR.ABC.DE_ABC	2BNR.ABC.DE_DE	CA385V	-0.501983
2BNR.ABC.DE_ABC	2BNR.ABC.DE_DE	DA61A	-0.089786
2BNR.ABC.DE_ABC	2BNR.ABC.DE_DE	EA154A	0.018231
2BNR.ABC.DE_ABC	2BNR.ABC.DE_DE	EA58A	0.000000
2BNR.ABC.DE_ABC	2BNR.ABC.DE_DE	EA63A	0.334711
2BNR.ABC.DE_ABC	2BNR.ABC.DE_DE	HA151A	0.533152
2BNR.ABC.DE_ABC	2BNR.ABC.DE_DE	HA70A	1.695717
2BNR.ABC.DE_ABC	2BNR.ABC.DE_DE	HA74A	0.975325
2BNR.ABC.DE_ABC	2BNR.ABC.DE_DE	KA146A	0.624371
2BNR.ABC.DE_ABC	2BNR.ABC.DE_DE	KA66A	1.689335
2BNR.ABC.DE_ABC	2BNR.ABC.DE_DE	KA68A	0.005528
2BNR.ABC.DE_ABC	2BNR.ABC.DE_DE	QA155A	0.232766
2BNR.ABC.DE_ABC	2BNR.ABC.DE_DE	QA43A	0.082802
2BNR.ABC.DE_ABC	2BNR.ABC.DE_DE	QA72A	-0.096285
2BNR.ABC.DE_ABC	2BNR.ABC.DE_DE	RA65A	1.806372
2BNR.ABC.DE_ABC	2BNR.ABC.DE_DE	RA75A	0.530889
2BNR.ABC.DE_ABC	2BNR.ABC.DE_DE	TA163A	0.458647
2BNR.ABC.DE_ABC	2BNR.ABC.DE_DE	TA64A	0.271471
2BNR.ABC.DE_ABC	2BNR.ABC.DE_DE	TA73A	1.285060
2BNR.ABC.DE_ABC	2BNR.ABC.DE_DE	TA80A	0.535406
2BNR.ABC.DE_ABC	2BNR.ABC.DE_DE	VA152A	0.903310
2BNR.ABC.DE_ABC	2BNR.ABC.DE_DE	VA67A	0.392802
2BNR.ABC.DE_ABC	2BNR.ABC.DE_DE	VA76A	0.672090
2C0L.A.B_A	2C0L.A.B_B	NA48A	0.687751
2C0L.A.B_A	2C0L.A.B_B	QA239R	1.486508
2C0L.A.B_A	2C0L.A.B_B	SA242Y	0.273679
2DSQ.I.G_I	2DSQ.I.G_G	RA20A	0.061132
2DSQ.I.G_I	2DSQ.I.G_G	RA35A	0.610409
2DSQ.I.G_I	2DSQ.I.G_G	RA40A	-0.087760
2DSQ.I.G_I	2DSQ.I.G_G	RA41A	0.088869
2DVW.A.B_A	2DVW.A.B_B	EA180A	0.438177
2DVW.A.B_A	2DVW.A.B_B	KA114A	0.034206
2DVW.A.B_A	2DVW.A.B_B	KB62E	0.205474
2DVW.A.B_A	2DVW.A.B_B	RA39A	0.910624
2DVW.A.B_A	2DVW.A.B_B	RB7A	0.693606
2FTL.E.I_E	2FTL.E.I_I	FB33A	4.092513
2FTL.E.I_E	2FTL.E.I_I	GB12A	4.392778
2FTL.E.I_E	2FTL.E.I_I	GB36A	4.942732
2FTL.E.I_E	2FTL.E.I_I	GB37A	4.092513
2FTL.E.I_E	2FTL.E.I_I	IB18A	5.021843
2FTL.E.I_E	2FTL.E.I_I	IB19A	4.092513
2FTL.E.I_E	2FTL.E.I_I	KB15A	10.399064
2FTL.E.I_E	2FTL.E.I_I	KB15D	11.502718
2FTL.E.I_E	2FTL.E.I_I	KB15E	9.424007
2FTL.E.I_E	2FTL.E.I_I	KB15F	7.027211
2FTL.E.I_E	2FTL.E.I_I	KB15G	12.352226
2FTL.E.I_E	2FTL.E.I_I	KB15H	8.781781
2FTL.E.I_E	2FTL.E.I_I	KB15I	11.171452
2FTL.E.I_E	2FTL.E.I_I	KB15L	8.864103
2FTL.E.I_E	2FTL.E.I_I	KB15M	7.692373
2FTL.E.I_E	2FTL.E.I_I	KB15N	8.033104
2FTL.E.I_E	2FTL.E.I_I	KB15Q	9.370644
2FTL.E.I_E	2FTL.E.I_I	KB15R	-0.582439
2FTL.E.I_E	2FTL.E.I_I	KB15S	7.723918
2FTL.E.I_E	2FTL.E.I_I	KB15T	10.597484
2FTL.E.I_E	2FTL.E.I_I	KB15V	11.756444
2FTL.E.I_E	2FTL.E.I_I	KB15W	8.664119
2FTL.E.I_E	2FTL.E.I_I	KB15Y	6.857010
2FTL.E.I_E	2FTL.E.I_I	KB46A	4.092513
2FTL.E.I_E	2FTL.E.I_I	PB13A	4.092513
2FTL.E.I_E	2FTL.E.I_I	RB17A	4.092513
2FTL.E.I_E	2FTL.E.I_I	RB20A	4.092513
2FTL.E.I_E	2FTL.E.I_I	RB39A	4.092513
2FTL.E.I_E	2FTL.E.I_I	TB11A	4.092513
2FTL.E.I_E	2FTL.E.I_I	VB34A	4.092513
2FTL.E.I_E	2FTL.E.I_I	YB35A	4.092513
2G2U.A.B_A	2G2U.A.B_B	DA79A	-1.543452
2G2U.A.B_A	2G2U.A.B_B	DA79E	-4.384282
2G2U.A.B_A	2G2U.A.B_B	DA79K	-0.561924
2G2U.A.B_A	2G2U.A.B_B	EB31A	0.650875
2G2U.A.B_A	2G2U.A.B_B	EB73A	-1.979437
2G2U.A.B_A	2G2U.A.B_B	EB73M	-3.001306
2G2U.A.B_A	2G2U.A.B_B	FB142A	0.275827
2G2U.A.B_A	2G2U.A.B_B	FB36A	2.763951
2G2U.A.B_A	2G2U.A.B_B	GB141A	-0.413811
2G2U.A.B_A	2G2U.A.B_B	GB48A	-0.426598
2G2U.A.B_A	2G2U.A.B_B	HB148A	1.118951
2G2U.A.B_A	2G2U.A.B_B	HB41A	1.717049
2G2U.A.B_A	2G2U.A.B_B	KB74A	-0.217335
2G2U.A.B_A	2G2U.A.B_B	RB144A	-0.342392
2G2U.A.B_A	2G2U.A.B_B	RB160A	0.669794
2G2U.A.B_A	2G2U.A.B_B	SB113A	-0.612311
2G2U.A.B_A	2G2U.A.B_B	SB130K	-1.469439
2G2U.A.B_A	2G2U.A.B_B	SB35A	-0.950899
2G2U.A.B_A	2G2U.A.B_B	SB39A	-0.956142
2G2U.A.B_A	2G2U.A.B_B	SB71A	-0.512207
2G2U.A.B_A	2G2U.A.B_B	WB112A	0.958735
2G2U.A.B_A	2G2U.A.B_B	WB150A	1.785222
2G2U.A.B_A	2G2U.A.B_B	WB162A	0.531210
2G2U.A.B_A	2G2U.A.B_B	YB143A	-1.847236
2G2U.A.B_A	2G2U.A.B_B	YB50A	-2.075722
2G2U.A.B_A	2G2U.A.B_B	YB51A	-0.628749
2G2U.A.B_A	2G2U.A.B_B	YB53A	2.301744
2G2W.A.B_A	2G2W.A.B_B	KA79D	0.452887
2GYK.A.B_A	2GYK.A.B_B	AA49D	-5.918129
2HLE.A.B_A	2HLE.A.B_B	KA141Q	-0.410656
2HLE.A.B_A	2HLE.A.B_B	LA87R	2.287297
2J1K.C.T_C	2J1K.C.T_T	GA10D	0.183752
2J1K.C.T_C	2J1K.C.T_T	RA155A	0.051550
2J1K.C.T_C	2J1K.C.T_T	RA24A	0.764846
2J8U.ABC.EF_ABC	2J8U.ABC.EF_EF	AA66K	-0.940625
2JCC.ABC.EF_ABC	2JCC.ABC.EF_EF	AA167W	-0.298805
2JEL.LH.P_LH	2JEL.LH.P_P	AB82S	0.000000
2JEL.LH.P_LH	2JEL.LH.P_P	DB69E	0.953515
2JEL.LH.P_LH	2JEL.LH.P_P	EB5D	0.410656
2JEL.LH.P_LH	2JEL.LH.P_P	EB5Q	0.713296
2JEL.LH.P_LH	2JEL.LH.P_P	EB66K	4.092513
2JEL.LH.P_LH	2JEL.LH.P_P	EB68A	0.410656
2JEL.LH.P_LH	2JEL.LH.P_P	EB70A	2.728342
2JEL.LH.P_LH	2JEL.LH.P_P	EB70K	4.092513
2JEL.LH.P_LH	2JEL.LH.P_P	EB75R	2.728342
2JEL.LH.P_LH	2JEL.LH.P_P	EB83A	0.000000
2JEL.LH.P_LH	2JEL.LH.P_P	EB85A	0.000000
2JEL.LH.P_LH	2JEL.LH.P_P	EB85D	0.000000
2JEL.LH.P_LH	2JEL.LH.P_P	EB85K	0.000000
2JEL.LH.P_LH	2JEL.LH.P_P	EB85Q	0.000000
2JEL.LH.P_LH	2JEL.LH.P_P	FB2W	2.620325
2JEL.LH.P_LH	2JEL.LH.P_P	FB2Y	0.000000
2JEL.LH.P_LH	2JEL.LH.P_P	HB76A	-0.410656
2JEL.LH.P_LH	2JEL.LH.P_P	HB76D	-0.650875
2JEL.LH.P_LH	2JEL.LH.P_P	KB24E	0.000000
2JEL.LH.P_LH	2JEL.LH.P_P	KB27E	0.000000
2JEL.LH.P_LH	2JEL.LH.P_P	KB72E	0.410656
2JEL.LH.P_LH	2JEL.LH.P_P	KB72R	0.000000
2JEL.LH.P_LH	2JEL.LH.P_P	KB79E	0.410656
2JEL.LH.P_LH	2JEL.LH.P_P	NB12D	0.000000
2JEL.LH.P_LH	2JEL.LH.P_P	NB38T	0.000000
2JEL.LH.P_LH	2JEL.LH.P_P	PB11E	0.000000
2JEL.LH.P_LH	2JEL.LH.P_P	QB3K	4.092513
2JEL.LH.P_LH	2JEL.LH.P_P	QB4K	1.364171
2JEL.LH.P_LH	2JEL.LH.P_P	QB57E	-0.410656
2JEL.LH.P_LH	2JEL.LH.P_P	QB71E	2.728342
2JEL.LH.P_LH	2JEL.LH.P_P	RB17G	0.000000
2JEL.LH.P_LH	2JEL.LH.P_P	RB17K	0.000000
2JEL.LH.P_LH	2JEL.LH.P_P	SB41C	1.496373
2JEL.LH.P_LH	2JEL.LH.P_P	SB43C	0.000000
2JEL.LH.P_LH	2JEL.LH.P_P	SB46C	0.000000
2JEL.LH.P_LH	2JEL.LH.P_P	SB64T	4.092513
2JEL.LH.P_LH	2JEL.LH.P_P	TB34N	6.820856
2JEL.LH.P_LH	2JEL.LH.P_P	TB34Q	0.000000
2JEL.LH.P_LH	2JEL.LH.P_P	TB36Q	0.410656
2JEL.LH.P_LH	2JEL.LH.P_P	TB62A	0.000000
2JEL.LH.P_LH	2JEL.LH.P_P	TB62N	0.000000
2JEL.LH.P_LH	2JEL.LH.P_P	TB7N	0.410656
2JEL.LH.P_LH	2JEL.LH.P_P	TB7S	0.000000
2JEL.LH.P_LH	2JEL.LH.P_P	VB6F	0.000000
2KSO.A.B_A	2KSO.A.B_B	HB20E	-0.155438
2KSO.A.B_A	2KSO.A.B_B	KA10D	0.331545
2KSO.A.B_A	2KSO.A.B_B	KA49D	1.340935
2KSO.A.B_A	2KSO.A.B_B	KA49E	1.340935
2KSO.A.B_A	2KSO.A.B_B	RA43E	-0.662379
2NU1.E.I_E	2NU1.E.I_I	HB13L	-1.713876
2NU2.E.I_E	2NU2.E.I_I	RB13L	-3.366955
2O3B.A.B_A	2O3B.A.B_B	DB75E	5.437875
2O3B.A.B_A	2O3B.A.B_B	DB75N	5.903258
2O3B.A.B_A	2O3B.A.B_B	EB24A	5.474915
2O3B.A.B_A	2O3B.A.B_B	EB24D	0.599325
2O3B.A.B_A	2O3B.A.B_B	EB24Q	5.398363
2O3B.A.B_A	2O3B.A.B_B	QB74A	3.232964
2O3B.A.B_A	2O3B.A.B_B	WB76A	4.073704
2OI9.AQ.BC_AQ	2OI9.AQ.BC_BC	FA180R	3.100763
2OOB.A.B_A	2OOB.A.B_B	AA9E	3.103360
2OOB.A.B_A	2OOB.A.B_B	GA13S	0.235364
2OOB.A.B_A	2OOB.A.B_B	KA7E	-0.178300
2P5E.ABC.DE_ABC	2P5E.ABC.DE_DE	YB32D	7.607647
2PCB.A.B_A	2PCB.A.B_B	AA193F	0.733677
2PCB.A.B_A	2PCB.A.B_B	DA34N	0.821313
2PCB.A.B_A	2PCB.A.B_B	EA290N	0.871009
2PCB.A.B_A	2PCB.A.B_B	EA291Q	-0.056526
2PCB.A.B_A	2PCB.A.B_B	EA32Q	0.605753
2PCB.A.B_A	2PCB.A.B_B	EA35Q	0.676007
2VIR.AB.C_AB	2VIR.AB.C_C	SB115L	3.681857
2VIR.AB.C_AB	2VIR.AB.C_C	TB89I	4.913826
2VLN.A.B_A	2VLN.A.B_B	AB75N	-2.335586
2VLO.A.B_A	2VLO.A.B_B	AB95K	-1.960515
2VLQ.A.B_A	2VLQ.A.B_B	AB86F	-3.880681
2WPT.A.B_A	2WPT.A.B_B	DA30A	-0.776203
2WPT.A.B_A	2WPT.A.B_B	DA30L	-3.403402
2WPT.A.B_A	2WPT.A.B_B	DA48A	5.216466
2WPT.A.B_A	2WPT.A.B_B	EA27A	1.733953
2WPT.A.B_A	2WPT.A.B_B	EA36H	0.038236
2WPT.A.B_A	2WPT.A.B_B	EA38A	4.503170
2WPT.A.B_A	2WPT.A.B_B	FB79A	1.594689
2WPT.A.B_A	2WPT.A.B_B	KB90A	0.649318
2WPT.A.B_A	2WPT.A.B_B	NA31A	-0.259215
2WPT.A.B_A	2WPT.A.B_B	NA31V	-0.897048
2WPT.A.B_A	2WPT.A.B_B	NB65A	0.701317
2WPT.A.B_A	2WPT.A.B_B	NB68A	1.251599
2WPT.A.B_A	2WPT.A.B_B	PA53A	2.927686
2WPT.A.B_A	2WPT.A.B_B	QB85A	0.383969
2WPT.A.B_A	2WPT.A.B_B	RA35A	-1.110931
2WPT.A.B_A	2WPT.A.B_B	RA35T	-1.038295
2WPT.A.B_A	2WPT.A.B_B	RA39A	-0.240219
2WPT.A.B_A	2WPT.A.B_B	RA39E	-0.372420
2WPT.A.B_A	2WPT.A.B_B	RB47A	0.872171
2WPT.A.B_A	2WPT.A.B_B	SA47A	2.425703
2WPT.A.B_A	2WPT.A.B_B	SB67A	-0.134107
2WPT.A.B_A	2WPT.A.B_B	SB70A	-0.457141
2WPT.A.B_A	2WPT.A.B_B	SB71A	-0.095209
2WPT.A.B_A	2WPT.A.B_B	SB77A	-0.073552
2WPT.A.B_A	2WPT.A.B_B	TB80A	0.376562
2WPT.A.B_A	2WPT.A.B_B	VA34A	3.809300
2WPT.A.B_A	2WPT.A.B_B	VB91A	0.264979
2WPT.A.B_A	2WPT.A.B_B	YA51A	5.216466
2WPT.A.B_A	2WPT.A.B_B	YA52A	5.216466
3AAA.AB.C_AB	3AAA.AB.C_C	DB43A	5.125139
3AAA.AB.C_AB	3AAA.AB.C_C	EB77A	1.966055
3AAA.AB.C_AB	3AAA.AB.C_C	EB77R	4.092513
3AAA.AB.C_AB	3AAA.AB.C_C	KA248A	2.488124
3AAA.AB.C_AB	3AAA.AB.C_C	KA248E	3.450042
3AAA.AB.C_AB	3AAA.AB.C_C	RA252A	3.047672
3AAA.AB.C_AB	3AAA.AB.C_C	RA252E	4.001186
3AAA.AB.C_AB	3AAA.AB.C_C	RA258A	2.245785
3AAA.AB.C_AB	3AAA.AB.C_C	RA258E	3.563596
3AAA.AB.C_AB	3AAA.AB.C_C	WB7A	3.388547
3BK3.A.C_A	3BK3.A.C_C	AB37R	1.382728
3BK3.A.C_A	3BK3.A.C_C	IB19A	0.486392
3BK3.A.C_A	3BK3.A.C_C	IB19R	0.423971
3BK3.A.C_A	3BK3.A.C_C	IB22A	1.307704
3BK3.A.C_A	3BK3.A.C_C	IB22R	2.121565
3BK3.A.C_A	3BK3.A.C_C	IB28A	1.261516
3BK3.A.C_A	3BK3.A.C_C	IB28R	1.175503
3BK3.A.C_A	3BK3.A.C_C	IB3A	1.038654
3BK3.A.C_A	3BK3.A.C_C	IB3R	0.650875
3BK3.A.C_A	3BK3.A.C_C	LB2A	0.000000
3BK3.A.C_A	3BK3.A.C_C	LB2R	0.026336
3BK3.A.C_A	3BK3.A.C_C	TB4P	0.486392
3BK3.A.C_A	3BK3.A.C_C	TB6P	1.743020
3BP8.A.C_A	3BP8.A.C_C	AB51F	0.615494
3BP8.A.C_A	3BP8.A.C_C	FA115A	0.708987
3BTE.E.I_E	3BTE.E.I_I	EB13K	-9.424007
3BTF.E.I_E	3BTF.E.I_I	FB13K	-7.027211
3BTH.E.I_E	3BTH.E.I_I	HB13K	-8.781781
3BTM.E.I_E	3BTM.E.I_I	MB13K	-7.692373
3BTT.E.I_E	3BTT.E.I_I	TB13K	-10.597484
3BTW.E.I_E	3BTW.E.I_I	WB13K	-8.664119
3BX1.A.C_A	3BX1.A.C_C	AB86T	1.837249
3BX1.A.C_A	3BX1.A.C_C	FB84V	0.410656
3BX1.A.C_A	3BX1.A.C_C	RB85G	0.355505
3BX1.A.C_A	3BX1.A.C_C	TB88V	2.838549
3BX1.A.C_A	3BX1.A.C_C	TB89A	0.170438
3BX1.A.C_A	3BX1.A.C_C	YB87A	1.298817
3BX1.A.C_A	3BX1.A.C_C	YB87I	1.782025
3C60.CD.AB_CD	3C60.CD.AB_AB	DA195A	0.047421
3C60.CD.AB_CD	3C60.CD.AB_AB	DA268A	0.047421
3C60.CD.AB_CD	3C60.CD.AB_AB	DA56A	0.698296
3C60.CD.AB_CD	3C60.CD.AB_AB	EA184A	0.047421
3C60.CD.AB_CD	3C60.CD.AB_AB	EA251A	0.047421
3C60.CD.AB_CD	3C60.CD.AB_AB	EA258A	0.000000
3C60.CD.AB_CD	3C60.CD.AB_AB	EA261A	0.047421
3C60.CD.AB_CD	3C60.CD.AB_AB	EA276A	0.000000
3C60.CD.AB_CD	3C60.CD.AB_AB	FA183A	0.000000
3C60.CD.AB_CD	3C60.CD.AB_AB	HA273A	1.085717
3C60.CD.AB_CD	3C60.CD.AB_AB	HA69A	0.359106
3C60.CD.AB_CD	3C60.CD.AB_AB	IA259A	0.047421
3C60.CD.AB_CD	3C60.CD.AB_AB	KA187A	1.152858
3C60.CD.AB_CD	3C60.CD.AB_AB	KA189A	2.151185
3C60.CD.AB_CD	3C60.CD.AB_AB	KA192A	0.000000
3C60.CD.AB_CD	3C60.CD.AB_AB	KA40A	1.594432
3C60.CD.AB_CD	3C60.CD.AB_AB	KA68A	0.562285
3C60.CD.AB_CD	3C60.CD.AB_AB	KA76A	0.047421
3C60.CD.AB_CD	3C60.CD.AB_AB	LA61A	0.943557
3C60.CD.AB_CD	3C60.CD.AB_AB	NA191A	0.000000
3C60.CD.AB_CD	3C60.CD.AB_AB	NA63A	0.953515
3C60.CD.AB_CD	3C60.CD.AB_AB	PA257A	0.000000
3C60.CD.AB_CD	3C60.CD.AB_AB	QA186A	1.166799
3C60.CD.AB_CD	3C60.CD.AB_AB	QA256A	0.000000
3C60.CD.AB_CD	3C60.CD.AB_AB	QA58A	0.963308
3C60.CD.AB_CD	3C60.CD.AB_AB	QA62A	0.868734
3C60.CD.AB_CD	3C60.CD.AB_AB	RA262A	2.026455
3C60.CD.AB_CD	3C60.CD.AB_AB	RA264A	0.000000
3C60.CD.AB_CD	3C60.CD.AB_AB	RA272A	0.047421
3C60.CD.AB_CD	3C60.CD.AB_AB	SA255A	0.000000
3C60.CD.AB_CD	3C60.CD.AB_AB	TA269A	1.166799
3C60.CD.AB_CD	3C60.CD.AB_AB	VA194A	0.000000
3C60.CD.AB_CD	3C60.CD.AB_AB	VA66A	1.250200
3C60.CD.AB_CD	3C60.CD.AB_AB	VA73A	0.000000
3C60.CD.AB_CD	3C60.CD.AB_AB	YA252A	0.000000
3D5S.A.C_A	3D5S.A.C_C	AB31R	-1.883175
3EQS.A.B_A	3EQS.A.B_B	EB5A	1.114622
3EQS.A.B_A	3EQS.A.B_B	FB3A	5.558497
3EQS.A.B_A	3EQS.A.B_B	LB10A	3.334362
3EQS.A.B_A	3EQS.A.B_B	LB9A	-0.170438
3EQS.A.B_A	3EQS.A.B_B	NB8A	-1.111737
3EQS.A.B_A	3EQS.A.B_B	SB11A	0.117202
3EQS.A.B_A	3EQS.A.B_B	SB2A	1.263514
3EQS.A.B_A	3EQS.A.B_B	TB1A	0.391847
3EQS.A.B_A	3EQS.A.B_B	WB7A	6.410199
3EQS.A.B_A	3EQS.A.B_B	YB6A	3.110555
3EQY.A.C_A	3EQY.A.C_C	EB5A	1.223192
3EQY.A.C_A	3EQY.A.C_C	FB3A	5.660986
3EQY.A.C_A	3EQY.A.C_C	LB10A	2.324615
3EQY.A.C_A	3EQY.A.C_C	LB9A	0.033864
3EQY.A.C_A	3EQY.A.C_C	NB8A	-0.749213
3EQY.A.C_A	3EQY.A.C_C	PB12A	0.295628
3EQY.A.C_A	3EQY.A.C_C	SB11A	0.152751
3EQY.A.C_A	3EQY.A.C_C	SB2A	0.871409
3EQY.A.C_A	3EQY.A.C_C	TB1A	0.374739
3EQY.A.C_A	3EQY.A.C_C	WB7A	6.046428
3EQY.A.C_A	3EQY.A.C_C	YB6A	2.587363
3F1S.A.B_A	3F1S.A.B_B	DA200A	0.554476
3F1S.A.B_A	3F1S.A.B_B	DA255A	3.760968
3F1S.A.B_A	3F1S.A.B_B	DA36A	2.185484
3F1S.A.B_A	3F1S.A.B_B	KA201A	-2.079828
3F1S.A.B_A	3F1S.A.B_B	KA201C	-1.694946
3F1S.A.B_A	3F1S.A.B_B	MA33A	1.238981
3F1S.A.B_A	3F1S.A.B_B	YA202A	2.996122
3KBH.A.E_A	3KBH.A.E_E	DA20A	0.873407
3KBH.A.E_A	3KBH.A.E_E	SB54A	1.857334
3KBH.A.E_A	3KBH.A.E_E	SB54T	2.490672
3KBH.A.E_A	3KBH.A.E_E	YA23A	1.812791
3KBH.A.E_A	3KBH.A.E_E	YA23F	1.615894
3KBH.A.E_A	3KBH.A.E_E	YB17A	0.100018
3LNZ.A.B_A	3LNZ.A.B_B	AB8N	1.111737
3LZF.AB.HL_AB	3LZF.AB.HL_HL	DA187E	0.498588
3LZF.AB.HL_AB	3LZF.AB.HL_HL	DA222G	0.538100
3N0P.A.B_A	3N0P.A.B_B	AA17H	-0.062033
3N4I.A.B_A	3N4I.A.B_B	EA79D	4.384282
3N85.A.LH_A	3N85.A.LH_LH	SB246A	-0.134080
3N85.A.LH_A	3N85.A.LH_LH	SB246Y	0.057148
3N85.A.LH_A	3N85.A.LH_LH	SB264G	0.487890
3N85.A.LH_A	3N85.A.LH_LH	SB266Y	-0.784955
3N85.A.LH_A	3N85.A.LH_LH	WB244K	-0.784955
3N85.A.LH_A	3N85.A.LH_LH	WB244R	-0.554216
3N85.A.LH_A	3N85.A.LH_LH	WB314F	-0.015192
3N85.A.LH_A	3N85.A.LH_LH	WB91F	0.139654
3N85.A.LH_A	3N85.A.LH_LH	WB94Y	-0.038736
3NCC.A.B_A	3NCC.A.B_B	AB188H	-1.777212
3NVN.B.A_B	3NVN.B.A_A	RA186S	1.268627
3NVN.B.A_B	3NVN.B.A_A	RB193E	2.486546
3PWP.ABC.DE_ABC	3PWP.ABC.DE_DE	GA377L	-0.634185
3QDJ.ABC.DE_ABC	3QDJ.ABC.DE_DE	AA377L	2.299999
3QDJ.ABC.DE_ABC	3QDJ.ABC.DE_DE	AB251P	0.207165
3QDJ.ABC.DE_ABC	3QDJ.ABC.DE_DE	DB26W	-2.171864
3QDJ.ABC.DE_ABC	3QDJ.ABC.DE_DE	DB26Y	-1.337237
3QDJ.ABC.DE_ABC	3QDJ.ABC.DE_DE	FB296W	0.389620
3QDJ.ABC.DE_ABC	3QDJ.ABC.DE_DE	FB296Y	0.778466
3QDJ.ABC.DE_ABC	3QDJ.ABC.DE_DE	GB28I	-0.105268
3QDJ.ABC.DE_ABC	3QDJ.ABC.DE_DE	GB28L	0.655450
3QDJ.ABC.DE_ABC	3QDJ.ABC.DE_DE	GB28N	0.410656
3QDJ.ABC.DE_ABC	3QDJ.ABC.DE_DE	GB28P	1.225040
3QDJ.ABC.DE_ABC	3QDJ.ABC.DE_DE	GB28Y	0.556478
3QDJ.ABC.DE_ABC	3QDJ.ABC.DE_DE	LB294W	-0.807693
3QDJ.ABC.DE_ABC	3QDJ.ABC.DE_DE	RB27P	0.039956
3QDJ.ABC.DE_ABC	3QDJ.ABC.DE_DE	RB27W	0.216798
3QDJ.ABC.DE_ABC	3QDJ.ABC.DE_DE	TB298F	-0.275705
3QHY.A.B_A	3QHY.A.B_B	DB127A	0.380268
3QHY.A.B_A	3QHY.A.B_B	DB12A	2.255265
3QHY.A.B_A	3QHY.A.B_B	DB130A	0.961362
3QHY.A.B_A	3QHY.A.B_B	DB166A	3.498105
3QHY.A.B_A	3QHY.A.B_B	DB91A	1.889391
3QHY.A.B_A	3QHY.A.B_B	EB228A	3.012936
3QHY.A.B_A	3QHY.A.B_B	FB169A	2.062468
3QHY.A.B_A	3QHY.A.B_B	FB190A	3.075479
3QHY.A.B_A	3QHY.A.B_B	FB34A	3.984497
3QHY.A.B_A	3QHY.A.B_B	IB189A	3.067735
3QHY.A.B_A	3QHY.A.B_B	LB51A	0.816355
3QHY.A.B_A	3QHY.A.B_B	NB10A	2.255265
3QHY.A.B_A	3QHY.A.B_B	NB264A	2.695871
3QHY.A.B_A	3QHY.A.B_B	NB72A	1.605705
3QHY.A.B_A	3QHY.A.B_B	RB246A	0.534906
3QHY.A.B_A	3QHY.A.B_B	SB129A	-0.084780
3QHY.A.B_A	3QHY.A.B_B	TB17A	0.056467
3QHY.A.B_A	3QHY.A.B_B	WB112A	3.789874
3QHY.A.B_A	3QHY.A.B_B	WB13A	2.863695
3QHY.A.B_A	3QHY.A.B_B	WB229A	5.432499
3QHY.A.B_A	3QHY.A.B_B	YB151A	3.423593
3QHY.A.B_A	3QHY.A.B_B	YB168A	1.743398
3QHY.A.B_A	3QHY.A.B_B	YB208A	0.240219
3QHY.A.B_A	3QHY.A.B_B	YB33A	2.903207
3QHY.A.B_A	3QHY.A.B_B	YB73A	0.801228
3QIB.ABP.CD_ABP	3QIB.ABP.CD_CD	AA251G	2.204041
3QIB.ABP.CD_ABP	3QIB.ABP.CD_CD	AA61G	0.892289
3QIB.ABP.CD_ABP	3QIB.ABP.CD_CD	AA64G	0.610000
3QIB.ABP.CD_ABP	3QIB.ABP.CD_CD	AA68G	0.845067
3QIB.ABP.CD_ABP	3QIB.ABP.CD_CD	DA254A	0.862905
3QIB.ABP.CD_ABP	3QIB.ABP.CD_CD	EA237A	0.000000
3QIB.ABP.CD_ABP	3QIB.ABP.CD_CD	EA244A	1.212812
3QIB.ABP.CD_ABP	3QIB.ABP.CD_CD	EA247A	1.821420
3QIB.ABP.CD_ABP	3QIB.ABP.CD_CD	EA75A	0.000000
3QIB.ABP.CD_ABP	3QIB.ABP.CD_CD	HA259A	0.051550
3QIB.ABP.CD_ABP	3QIB.ABP.CD_CD	KA353A	3.138999
3QIB.ABP.CD_ABP	3QIB.ABP.CD_CD	KA353R	2.237034
3QIB.ABP.CD_ABP	3QIB.ABP.CD_CD	KA67A	0.566095
3QIB.ABP.CD_ABP	3QIB.ABP.CD_CD	LB289P	-0.369724
3QIB.ABP.CD_ABP	3QIB.ABP.CD_CD	NB94P	0.786813
3QIB.ABP.CD_ABP	3QIB.ABP.CD_CD	QA242A	1.763957
3QIB.ABP.CD_ABP	3QIB.ABP.CD_CD	QA57A	0.264834
3QIB.ABP.CD_ABP	3QIB.ABP.CD_CD	RB89P	-0.119368
3QIB.ABP.CD_ABP	3QIB.ABP.CD_CD	SA241A	0.026336
3QIB.ABP.CD_ABP	3QIB.ABP.CD_CD	TA255A	0.749847
3QIB.ABP.CD_ABP	3QIB.ABP.CD_CD	TA356A	3.138999
3QIB.ABP.CD_ABP	3QIB.ABP.CD_CD	TA356N	1.223835
3QIB.ABP.CD_ABP	3QIB.ABP.CD_CD	TA356S	1.075723
3QIB.ABP.CD_ABP	3QIB.ABP.CD_CD	YA351A	3.138999
3QIB.ABP.CD_ABP	3QIB.ABP.CD_CD	YA351F	0.108017
3RF3.A.C_A	3RF3.A.C_C	AB8K	1.729232
3SE3.B.A_B	3SE3.B.A_A	DB117A	0.542858
3SE3.B.A_B	3SE3.B.A_A	EB96A	0.713059
3SE3.B.A_B	3SE3.B.A_A	FB223A	1.497320
3SE3.B.A_B	3SE3.B.A_A	FB273A	0.000000
3SE3.B.A_B	3SE3.B.A_A	FB81A	0.410656
3SE3.B.A_B	3SE3.B.A_A	KB98A	1.497320
3SE3.B.A_B	3SE3.B.A_A	LB116A	0.000000
3SE3.B.A_B	3SE3.B.A_A	NB140T	0.133149
3SE3.B.A_B	3SE3.B.A_A	NB227A	0.542858
3SE3.B.A_B	3SE3.B.A_A	NB230A	0.211076
3SE3.B.A_B	3SE3.B.A_A	NB53A	-0.347762
3SE3.B.A_B	3SE3.B.A_A	RB226A	0.410656
3SE3.B.A_B	3SE3.B.A_A	SB120A	0.542858
3SE3.B.A_B	3SE3.B.A_A	SB167A	-0.239035
3SE3.B.A_B	3SE3.B.A_A	TB166A	-0.156387
3SE3.B.A_B	3SE3.B.A_A	YB148A	0.410656
3SE3.B.A_B	3SE3.B.A_A	YB55A	1.497320
3SE4.B.A_B	3SE4.B.A_A	DB117A	0.132202
3SE4.B.A_B	3SE4.B.A_A	FB223A	1.364171
3SE4.B.A_B	3SE4.B.A_A	FB273A	0.210868
3SE4.B.A_B	3SE4.B.A_A	KA134A	-0.035085
3SE4.B.A_B	3SE4.B.A_A	KA134R	0.139269
3SE4.B.A_B	3SE4.B.A_A	LA31A	-0.011969
3SE4.B.A_B	3SE4.B.A_A	LB116A	0.132202
3SE4.B.A_B	3SE4.B.A_A	MA130A	0.024659
3SE4.B.A_B	3SE4.B.A_A	NB140T	0.410656
3SE4.B.A_B	3SE4.B.A_A	NB227A	0.000000
3SE4.B.A_B	3SE4.B.A_A	NB230A	0.302936
3SE4.B.A_B	3SE4.B.A_A	PA27A	0.049696
3SE4.B.A_B	3SE4.B.A_A	PA27L	0.103059
3SE4.B.A_B	3SE4.B.A_A	RB226A	0.302936
3SE4.B.A_B	3SE4.B.A_A	SB120A	0.000000
3SE4.B.A_B	3SE4.B.A_A	TB166A	-0.542858
3SE4.B.A_B	3SE4.B.A_A	YB148A	-0.278455
3SE4.B.A_B	3SE4.B.A_A	YB55A	1.364171
3SE4.B.C_B	3SE4.B.C_C	EB69A	1.382826
3SE4.B.C_B	3SE4.B.C_C	HB172A	-0.410656
3SE4.B.C_B	3SE4.B.C_C	HB68A	-0.610237
3SE4.B.C_B	3SE4.B.C_C	IB95A	1.209325
3SE4.B.C_B	3SE4.B.C_C	KA134A	1.788574
3SE4.B.C_B	3SE4.B.C_C	KA134R	-0.936509
3SE4.B.C_B	3SE4.B.C_C	LA31A	2.728342
3SE4.B.C_B	3SE4.B.C_C	MA130A	0.572891
3SE4.B.C_B	3SE4.B.C_C	MB38A	1.666218
3SE4.B.C_B	3SE4.B.C_C	MB38V	1.165420
3SE4.B.C_B	3SE4.B.C_C	PA27A	-0.170438
3SE4.B.C_B	3SE4.B.C_C	PA27L	0.924372
3SE4.B.C_B	3SE4.B.C_C	SB39A	0.211905
3SE4.B.C_B	3SE4.B.C_C	TB36A	1.364171
3SE4.B.C_B	3SE4.B.C_C	VB72A	1.165420
3SE8.HL.G_HL	3SE8.HL.G_G	DA110A	-0.383096
3SE8.HL.G_HL	3SE8.HL.G_G	DA114A	-0.240219
3SE8.HL.G_HL	3SE8.HL.G_G	DA276A	0.842103
3SE8.HL.G_HL	3SE8.HL.G_G	EA228A	-0.547579
3SE8.HL.G_HL	3SE8.HL.G_G	EA318A	1.489182
3SE8.HL.G_HL	3SE8.HL.G_G	FA115A	1.050457
3SE8.HL.G_HL	3SE8.HL.G_G	FA317A	-0.850219
3SE8.HL.G_HL	3SE8.HL.G_G	FA319A	0.818957
3SE8.HL.G_HL	3SE8.HL.G_G	GA56A	0.351362
3SE8.HL.G_HL	3SE8.HL.G_G	KA52A	1.093564
3SE8.HL.G_HL	3SE8.HL.G_G	LA54A	0.053896
3SE8.HL.G_HL	3SE8.HL.G_G	NA257A	0.191228
3SE8.HL.G_HL	3SE8.HL.G_G	PA78A	0.018516
3SE8.HL.G_HL	3SE8.HL.G_G	PA81A	-0.069781
3SE8.HL.G_HL	3SE8.HL.G_G	QA254A	-0.212658
3SE8.HL.G_HL	3SE8.HL.G_G	QA63A	1.096526
3SE8.HL.G_HL	3SE8.HL.G_G	QA65A	0.540974
3SE8.HL.G_HL	3SE8.HL.G_G	QA76A	0.095344
3SE8.HL.G_HL	3SE8.HL.G_G	RA30A	-0.038863
3SE8.HL.G_HL	3SE8.HL.G_G	RA62A	1.186797
3SE8.HL.G_HL	3SE8.HL.G_G	RA72A	2.601989
3SE8.HL.G_HL	3SE8.HL.G_G	SA59A	1.132356
3SE8.HL.G_HL	3SE8.HL.G_G	VA58A	1.229614
3SE8.HL.G_HL	3SE8.HL.G_G	WA47A	1.451454
3SE8.HL.G_HL	3SE8.HL.G_G	WA50A	1.312108
3SE8.HL.G_HL	3SE8.HL.G_G	WA55A	0.748881
3SE8.HL.G_HL	3SE8.HL.G_G	YA111A	0.816592
3SE8.HL.G_HL	3SE8.HL.G_G	YA60A	0.842103
3SEK.B.C_B	3SEK.B.C_C	FB47A	2.229389
3SEK.B.C_B	3SEK.B.C_C	FB47E	4.455748
3SEK.B.C_B	3SEK.B.C_C	LB11E	2.887276
3SEK.B.C_B	3SEK.B.C_C	LB44A	2.680921
3SEK.B.C_B	3SEK.B.C_C	LB44E	4.455748
3SEK.B.C_B	3SEK.B.C_C	LB48A	3.408846
3SEK.B.C_B	3SEK.B.C_C	LB48E	4.215530
3SF4.A.D_A	3SF4.A.D_D	EB19R	1.926456
3SF4.A.D_A	3SF4.A.D_D	KB27D	0.410656
3SF4.A.D_A	3SF4.A.D_D	NA264R	1.225766
3SF4.A.D_A	3SF4.A.D_D	RA202E	2.365107
3SF4.A.D_A	3SF4.A.D_D	WB8A	3.073828
3TGK.E.I_E	3TGK.E.I_I	NA170D	-0.170438
3UIG.A.P_A	3UIG.A.P_P	DA67A	2.039231
3UIG.A.P_A	3UIG.A.P_P	EA47A	0.646746
3UIG.A.P_A	3UIG.A.P_P	EA61A	1.758561
3UIG.A.P_A	3UIG.A.P_P	EA72A	1.793058
3UIG.A.P_A	3UIG.A.P_P	KA58A	0.446574
3UII.A.P_A	3UII.A.P_P	KA58A	0.045596
3W2D.A.HL_A	3W2D.A.HL_HL	KA67N	4.624008
3W2D.A.HL_A	3W2D.A.HL_HL	KA67R	-0.428312
3W2D.A.HL_A	3W2D.A.HL_HL	YA45F	0.878337
3W2D.A.HL_A	3W2D.A.HL_HL	YA45L	2.365815
3WWN.A.B_A	3WWN.A.B_B	KA225E	0.156401
3WWN.A.B_A	3WWN.A.B_B	RA221E	-0.336714
3WWN.A.B_A	3WWN.A.B_B	RA224E	1.293943
4B0M.A.BM_A	4B0M.A.BM_BM	AB127G	0.297723
4B0M.A.BM_A	4B0M.A.BM_BM	LB175A	1.908985
4B0M.A.BM_A	4B0M.A.BM_BM	MA8A	0.429925
4B0M.A.BM_A	4B0M.A.BM_BM	PB233A	0.405740
4B0M.A.BM_A	4B0M.A.BM_BM	PB233S	0.758075
4B0M.A.BM_A	4B0M.A.BM_BM	PB234A	1.915778
4B0M.A.BM_A	4B0M.A.BM_BM	PB234S	1.994285
4B0M.A.BM_A	4B0M.A.BM_BM	YB144G	0.629268
4B0M.A.BM_A	4B0M.A.BM_BM	YB172A	1.652940
4CVW.A.C_A	4CVW.A.C_C	DA720R	3.047672
4CVW.A.C_A	4CVW.A.C_C	DA720W	1.221294
4CVW.A.C_A	4CVW.A.C_C	LB34G	2.728342
4CVW.A.C_A	4CVW.A.C_C	LB34W	0.335562
4CVW.A.C_A	4CVW.A.C_C	RB27A	1.828724
4CVW.A.C_A	4CVW.A.C_C	RB31A	2.077467
4CVW.A.C_A	4CVW.A.C_C	RB31W	1.490704
4CVW.A.C_A	4CVW.A.C_C	VB35D	4.920838
4FZA.A.B_A	4FZA.A.B_B	EB122A	0.425412
4FZA.A.B_A	4FZA.A.B_B	FA168E	0.542858
4FZA.A.B_A	4FZA.A.B_B	RA217A	1.027897
4FZA.A.B_A	4FZA.A.B_B	YA213A	1.270784
4G0N.A.B_A	4G0N.A.B_B	AB32K	-1.108953
4G0N.A.B_A	4G0N.A.B_B	DA33A	0.877040
4G0N.A.B_A	4G0N.A.B_B	DA38A	2.864766
4G0N.A.B_A	4G0N.A.B_B	EA31A	0.936812
4G0N.A.B_A	4G0N.A.B_B	EA37A	1.742959
4G0N.A.B_A	4G0N.A.B_B	FB8W	0.603454
4G0N.A.B_A	4G0N.A.B_B	HA27A	-0.290695
4G0N.A.B_A	4G0N.A.B_B	IA21A	0.871229
4G0N.A.B_A	4G0N.A.B_B	IA36A	1.742959
4G0N.A.B_A	4G0N.A.B_B	KB12A	1.832206
4G0N.A.B_A	4G0N.A.B_B	KB12E	1.916987
4G0N.A.B_A	4G0N.A.B_B	KB12M	1.322578
4G0N.A.B_A	4G0N.A.B_B	KB31A	2.584261
4G0N.A.B_A	4G0N.A.B_B	KB31E	5.065778
4G0N.A.B_A	4G0N.A.B_B	NB11A	0.679854
4G0N.A.B_A	4G0N.A.B_B	NB11D	1.808970
4G0N.A.B_A	4G0N.A.B_B	NB18R	-0.698296
4G0N.A.B_A	4G0N.A.B_B	QB13A	2.215739
4G0N.A.B_A	4G0N.A.B_B	RA41A	-0.344161
4G0N.A.B_A	4G0N.A.B_B	RB14A	1.920429
4G0N.A.B_A	4G0N.A.B_B	RB36L	5.358625
4G0N.A.B_A	4G0N.A.B_B	RB6A	2.141096
4G0N.A.B_A	4G0N.A.B_B	SA39A	0.290701
4G0N.A.B_A	4G0N.A.B_B	TA35A	2.786873
4G0N.A.B_A	4G0N.A.B_B	TA35S	2.214390
4G0N.A.B_A	4G0N.A.B_B	TB15A	1.804871
4G0N.A.B_A	4G0N.A.B_B	VA45A	-0.290695
4G0N.A.B_A	4G0N.A.B_B	VB16A	1.155396
4G0N.A.B_A	4G0N.A.B_B	VB35A	-0.005257
4G0N.A.B_A	4G0N.A.B_B	VB35I	0.551904
4G2V.A.B_A	4G2V.A.B_B	NA260R	0.221988
4G2V.A.B_A	4G2V.A.B_B	RA198E	2.237034
4GNK.A.B_A	4GNK.A.B_B	KA294A	0.098972
4GNK.A.B_A	4GNK.A.B_B	LB764A	-1.420638
4GNK.A.B_A	4GNK.A.B_B	TB540E	-0.188669
4GXU.ABCDEF.MN_ABCDEF	4GXU.ABCDEF.MN_MN	DA189E	2.166058
4GXU.ABCDEF.MN_ABCDEF	4GXU.ABCDEF.MN_MN	DA224G	1.961756
4HFK.A.BD_A	4HFK.A.BD_BD	EB46A	1.188572
4HFK.A.BD_A	4HFK.A.BD_BD	EB56A	0.942399
4HFK.A.BD_A	4HFK.A.BD_BD	LB45A	2.525464
4HFK.A.BD_A	4HFK.A.BD_BD	LB50A	0.030058
4HFK.A.BD_A	4HFK.A.BD_BD	NB49A	-0.020161
4HFK.A.BD_A	4HFK.A.BD_BD	RB22A	1.392132
4HFK.A.BD_A	4HFK.A.BD_BD	SB48A	0.201542
4HFK.A.BD_A	4HFK.A.BD_BD	TB170A	1.850210
4HSA.AB.C_AB	4HSA.AB.C_C	HA59S	-0.122646
4HSA.AB.C_AB	4HSA.AB.C_C	RA28V	0.581094
4HSA.AB.C_AB	4HSA.AB.C_C	WA40V	-0.222426
4HSA.AB.C_AB	4HSA.AB.C_C	YA58I	0.117573
4I77.HL.Z_HL	4I77.HL.Z_Z	DA54A	2.560145
4I77.HL.Z_HL	4I77.HL.Z_Z	NA314A	1.360655
4I77.HL.Z_HL	4I77.HL.Z_Z	WA52A	2.512644
4I77.HL.Z_HL	4I77.HL.Z_Z	WA52F	2.460461
4I77.HL.Z_HL	4I77.HL.Z_Z	YA100A	0.000000
4I77.HL.Z_HL	4I77.HL.Z_Z	YA100F	0.000000
4I77.HL.Z_HL	4I77.HL.Z_Z	YA101A	1.608755
4I77.HL.Z_HL	4I77.HL.Z_Z	YA101F	0.000000
4I77.HL.Z_HL	4I77.HL.Z_Z	YA103A	2.146077
4I77.HL.Z_HL	4I77.HL.Z_Z	YA103F	0.315395
4I77.HL.Z_HL	4I77.HL.Z_Z	YA251A	0.783866
4I77.HL.Z_HL	4I77.HL.Z_Z	YA251F	0.000000
4JEU.A.B_A	4JEU.A.B_B	IB215A	3.241702
4JEU.A.B_A	4JEU.A.B_B	LB7A	1.108953
4JEU.A.B_A	4JEU.A.B_B	RA169A	-0.410656
4JEU.A.B_A	4JEU.A.B_B	RA37C	0.909609
4JEU.A.B_A	4JEU.A.B_B	RB3A	1.128169
4JEU.A.B_A	4JEU.A.B_B	TB4A	0.180924
4JFE.ABC.DE_ABC	4JFE.ABC.DE_DE	AA383I	-6.429626
4JGH.ABC.D_ABC	4JGH.ABC.D_D	WB44A	2.049183
4KRO.A.B_A	4KRO.A.B_B	DB92A	1.504898
4KRO.A.B_A	4KRO.A.B_B	RB15A	1.584009
4LRX.AB.CD_AB	4LRX.AB.CD_CD	HA56N	0.325876
4MNQ.ABC.DE_ABC	4MNQ.ABC.DE_DE	KA380A	4.935637
4MNQ.ABC.DE_ABC	4MNQ.ABC.DE_DE	LA382A	4.148980
4NKQ.C.AB_C	4NKQ.C.AB_AB	DA99K	-0.331545
4NKQ.C.AB_C	4NKQ.C.AB_AB	DB499A	0.158222
4NKQ.C.AB_C	4NKQ.C.AB_AB	DB499R	0.202788
4NKQ.C.AB_C	4NKQ.C.AB_AB	DB538A	0.110028
4NKQ.C.AB_C	4NKQ.C.AB_AB	DB588A	1.615561
4NKQ.C.AB_C	4NKQ.C.AB_AB	DB588E	0.468221
4NKQ.C.AB_C	4NKQ.C.AB_AB	DB588N	1.941902
4NKQ.C.AB_C	4NKQ.C.AB_AB	EA8R	2.640410
4NKQ.C.AB_C	4NKQ.C.AB_AB	EB504A	-0.353092
4NKQ.C.AB_C	4NKQ.C.AB_AB	IA6G	0.334457
4NKQ.C.AB_C	4NKQ.C.AB_AB	IB503A	-0.050452
4NKQ.C.AB_C	4NKQ.C.AB_AB	KB501A	0.385967
4NKQ.C.AB_C	4NKQ.C.AB_AB	KB501D	1.061531
4NKQ.C.AB_C	4NKQ.C.AB_AB	KB502A	-0.199344
4NKQ.C.AB_C	4NKQ.C.AB_AB	KB502D	-0.199344
4NKQ.C.AB_C	4NKQ.C.AB_AB	KB533A	-0.561278
4NKQ.C.AB_C	4NKQ.C.AB_AB	LA15D	-0.235133
4NKQ.C.AB_C	4NKQ.C.AB_AB	LB534A	0.236175
4NKQ.C.AB_C	4NKQ.C.AB_AB	NA14D	-0.601884
4NKQ.C.AB_C	4NKQ.C.AB_AB	NA4E	-0.390571
4NKQ.C.AB_C	4NKQ.C.AB_AB	NB493A	0.099901
4NKQ.C.AB_C	4NKQ.C.AB_AB	QB532A	-0.398687
4NKQ.C.AB_C	4NKQ.C.AB_AB	RA10D	0.111412
4NKQ.C.AB_C	4NKQ.C.AB_AB	RA11D	-0.205504
4NKQ.C.AB_C	4NKQ.C.AB_AB	RB492A	0.119986
4NKQ.C.AB_C	4NKQ.C.AB_AB	RB492D	-0.077386
4NKQ.C.AB_C	4NKQ.C.AB_AB	RB568Q	0.576429
4NKQ.C.AB_C	4NKQ.C.AB_AB	RB590A	0.360205
4NKQ.C.AB_C	4NKQ.C.AB_AB	RB590D	-0.290671
4NKQ.C.AB_C	4NKQ.C.AB_AB	RB590M	2.296188
4NKQ.C.AB_C	4NKQ.C.AB_AB	SB535A	0.275424
4NKQ.C.AB_C	4NKQ.C.AB_AB	TB500A	0.319330
4NKQ.C.AB_C	4NKQ.C.AB_AB	YB494A	-0.375451
4NKQ.C.AB_C	4NKQ.C.AB_AB	YB494F	-0.234204
4NZW.A.B_A	4NZW.A.B_B	EB124A	0.357180
4NZW.A.B_A	4NZW.A.B_B	EB49A	0.325469
4NZW.A.B_A	4NZW.A.B_B	KA77A	0.076017
4OFY.A.D_A	4OFY.A.D_D	DA38A	0.548853
4OFY.A.D_A	4OFY.A.D_D	EA88A	0.282208
4OFY.A.D_A	4OFY.A.D_D	FA40A	4.604454
4OFY.A.D_A	4OFY.A.D_D	LB42A	2.567862
4OFY.A.D_A	4OFY.A.D_D	MA36A	0.084111
4OFY.A.D_A	4OFY.A.D_D	QA34A	1.176756
4OFY.A.D_A	4OFY.A.D_D	QA85A	1.733235
4OFY.A.D_A	4OFY.A.D_D	QB34A	2.870501
4OFY.A.D_A	4OFY.A.D_D	QB86A	4.645329
4OFY.A.D_A	4OFY.A.D_D	RB96A	3.421207
4OFY.A.D_A	4OFY.A.D_D	SA87A	0.142159
4P5T.CD.AB_CD	4P5T.CD.AB_AB	DA192A	0.000000
4P5T.CD.AB_CD	4P5T.CD.AB_AB	DA263A	0.000000
4P5T.CD.AB_CD	4P5T.CD.AB_AB	DA56A	0.617011
4P5T.CD.AB_CD	4P5T.CD.AB_AB	EA181A	1.061531
4P5T.CD.AB_CD	4P5T.CD.AB_AB	EA246A	0.240219
4P5T.CD.AB_CD	4P5T.CD.AB_AB	EA253A	0.617011
4P5T.CD.AB_CD	4P5T.CD.AB_AB	EA256A	1.009981
4P5T.CD.AB_CD	4P5T.CD.AB_AB	EA271A	0.000000
4P5T.CD.AB_CD	4P5T.CD.AB_AB	FA180A	0.000000
4P5T.CD.AB_CD	4P5T.CD.AB_AB	HA268A	0.796098
4P5T.CD.AB_CD	4P5T.CD.AB_AB	HA69A	1.009981
4P5T.CD.AB_CD	4P5T.CD.AB_AB	IA254A	0.091327
4P5T.CD.AB_CD	4P5T.CD.AB_AB	KA184A	1.991546
4P5T.CD.AB_CD	4P5T.CD.AB_AB	KA186A	1.549238
4P5T.CD.AB_CD	4P5T.CD.AB_AB	KA189A	0.240219
4P5T.CD.AB_CD	4P5T.CD.AB_AB	KA40A	1.138582
4P5T.CD.AB_CD	4P5T.CD.AB_AB	KA68A	0.991751
4P5T.CD.AB_CD	4P5T.CD.AB_AB	KA76A	0.359106
4P5T.CD.AB_CD	4P5T.CD.AB_AB	LA61A	1.009981
4P5T.CD.AB_CD	4P5T.CD.AB_AB	NA188A	0.000000
4P5T.CD.AB_CD	4P5T.CD.AB_AB	NA63A	1.496373
4P5T.CD.AB_CD	4P5T.CD.AB_AB	PA252A	0.000000
4P5T.CD.AB_CD	4P5T.CD.AB_AB	QA183A	1.654842
4P5T.CD.AB_CD	4P5T.CD.AB_AB	QA251A	0.000000
4P5T.CD.AB_CD	4P5T.CD.AB_AB	QA58A	0.000000
4P5T.CD.AB_CD	4P5T.CD.AB_AB	QA62A	0.000000
4P5T.CD.AB_CD	4P5T.CD.AB_AB	RA257A	2.074497
4P5T.CD.AB_CD	4P5T.CD.AB_AB	RA259A	0.000000
4P5T.CD.AB_CD	4P5T.CD.AB_AB	RA267A	0.000000
4P5T.CD.AB_CD	4P5T.CD.AB_AB	SA250A	0.000000
4P5T.CD.AB_CD	4P5T.CD.AB_AB	TA264A	0.821313
4P5T.CD.AB_CD	4P5T.CD.AB_AB	VA191A	0.091327
4P5T.CD.AB_CD	4P5T.CD.AB_AB	VA66A	0.868734
4P5T.CD.AB_CD	4P5T.CD.AB_AB	VA73A	0.000000
4P5T.CD.AB_CD	4P5T.CD.AB_AB	YA247A	0.170438
4PWX.AB.CD_AB	4PWX.AB.CD_CD	DA250A	1.143379
4PWX.AB.CD_AB	4PWX.AB.CD_CD	DB60K	0.370956
4PWX.AB.CD_AB	4PWX.AB.CD_CD	EA201K	1.729232
4PWX.AB.CD_AB	4PWX.AB.CD_CD	EA206A	1.039172
4PWX.AB.CD_AB	4PWX.AB.CD_CD	EA246K	1.729232
4PWX.AB.CD_AB	4PWX.AB.CD_CD	EB17A	-0.684739
4PWX.AB.CD_AB	4PWX.AB.CD_CD	EB67K	1.103867
4PWX.AB.CD_AB	4PWX.AB.CD_CD	FA194A	1.729232
4PWX.AB.CD_AB	4PWX.AB.CD_CD	HB19A	-0.348235
4PWX.AB.CD_AB	4PWX.AB.CD_CD	KA359A	0.202470
4PWX.AB.CD_AB	4PWX.AB.CD_CD	KA359D	0.118888
4PWX.AB.CD_AB	4PWX.AB.CD_CD	KA362A	0.447863
4PWX.AB.CD_AB	4PWX.AB.CD_CD	KA362D	0.261765
4PWX.AB.CD_AB	4PWX.AB.CD_CD	KB1A	0.468120
4PWX.AB.CD_AB	4PWX.AB.CD_CD	KB9A	-0.274082
4PWX.AB.CD_AB	4PWX.AB.CD_CD	QA205A	1.013958
4PWX.AB.CD_AB	4PWX.AB.CD_CD	QB20A	-0.177798
4PWX.AB.CD_AB	4PWX.AB.CD_CD	RA365A	0.359106
4PWX.AB.CD_AB	4PWX.AB.CD_CD	RA563A	1.729232
4PWX.AB.CD_AB	4PWX.AB.CD_CD	RB23A	1.729232
4PWX.AB.CD_AB	4PWX.AB.CD_CD	RB28A	1.729232
4PWX.AB.CD_AB	4PWX.AB.CD_CD	RB31A	0.334672
4PWX.AB.CD_AB	4PWX.AB.CD_CD	YA198A	1.729232
4PWX.AB.CD_AB	4PWX.AB.CD_CD	YB15A	0.754610
4PWX.AB.CD_AB	4PWX.AB.CD_CD	YB16A	1.144969
4RS1.A.B_A	4RS1.A.B_B	DA28A	2.592230
4RS1.A.B_A	4RS1.A.B_B	DA28K	3.619436
4RS1.A.B_A	4RS1.A.B_B	DA92A	1.926734
4RS1.A.B_A	4RS1.A.B_B	DA92K	3.618676
4RS1.A.B_A	4RS1.A.B_B	DA92N	1.430067
4RS1.A.B_A	4RS1.A.B_B	DA92R	3.130221
4RS1.A.B_A	4RS1.A.B_B	EA25A	1.502577
4RS1.A.B_A	4RS1.A.B_B	EA25K	2.140138
4RS1.A.B_A	4RS1.A.B_B	EA88A	0.476552
4RS1.A.B_A	4RS1.A.B_B	EA88K	0.336503
4RS1.A.B_A	4RS1.A.B_B	EA88Q	0.924957
4RS1.A.B_A	4RS1.A.B_B	EA8R	0.394424
4RS1.A.B_A	4RS1.A.B_B	EB176A	-0.694590
4RS1.A.B_A	4RS1.A.B_B	FA99A	3.626325
4RS1.A.B_A	4RS1.A.B_B	IA6G	0.856287
4RS1.A.B_A	4RS1.A.B_B	IB175A	-0.275981
4RS1.A.B_A	4RS1.A.B_B	KA91A	-0.115028
4RS1.A.B_A	4RS1.A.B_B	KA91E	0.125190
4RS1.A.B_A	4RS1.A.B_B	KA91Q	0.274082
4RS1.A.B_A	4RS1.A.B_B	KB174A	0.871208
4RS1.A.B_A	4RS1.A.B_B	KB203A	0.276282
4RS1.A.B_A	4RS1.A.B_B	LA95A	2.365587
4RS1.A.B_A	4RS1.A.B_B	LB204A	0.072255
4RS1.A.B_A	4RS1.A.B_B	NA89A	1.290018
4RS1.A.B_A	4RS1.A.B_B	NA89D	0.295628
4RS1.A.B_A	4RS1.A.B_B	NA89K	0.910145
4RS1.A.B_A	4RS1.A.B_B	NB150A	-0.046389
4RS1.A.B_A	4RS1.A.B_B	QA79A	0.469951
4RS1.A.B_A	4RS1.A.B_B	QA79E	1.212153
4RS1.A.B_A	4RS1.A.B_B	QB202A	1.354172
4RS1.A.B_A	4RS1.A.B_B	RA10D	0.178390
4RS1.A.B_A	4RS1.A.B_B	RA11D	0.190122
4RS1.A.B_A	4RS1.A.B_B	SB205A	0.615990
4RS1.A.B_A	4RS1.A.B_B	TB172A	0.480713
4RS1.A.B_A	4RS1.A.B_B	YB151A	-0.655854
4RS1.A.B_A	4RS1.A.B_B	YB151F	-0.449058
4U6H.AB.E_AB	4U6H.AB.E_E	NB21A	-0.348235
4U6H.AB.E_AB	4U6H.AB.E_E	QB25A	0.118888
4X4M.AB.E_AB	4X4M.AB.E_E	HB154A	0.383096
4X4M.AB.E_AB	4X4M.AB.E_E	HB154E	1.985130
4X4M.AB.E_AB	4X4M.AB.E_E	KB153A	0.639547
4X4M.AB.E_AB	4X4M.AB.E_E	KB153E	0.953515
4X4M.AB.E_AB	4X4M.AB.E_E	RB155A	1.740171
4X4M.AB.E_AB	4X4M.AB.E_E	RB155E	0.641830
4YH7.A.B_A	4YH7.A.B_B	DB258A	1.591076
4YH7.A.B_A	4YH7.A.B_B	DB7A	1.642626
4YH7.A.B_A	4YH7.A.B_B	RA169A	1.438324
4YH7.A.B_A	4YH7.A.B_B	RA48A	1.733953
4YH7.A.B_A	4YH7.A.B_B	YA246A	1.034597
4ZS6.HL.A_HL	4ZS6.HL.A_A	EB156A	3.040027
4ZS6.HL.A_HL	4ZS6.HL.A_A	YB160A	-0.110300
5CXB.A.B_A	5CXB.A.B_B	EB49D	0.365061
5CXB.A.B_A	5CXB.A.B_B	RB54A	0.564404
5CXB.A.B_A	5CXB.A.B_B	RB54E	2.680372
5CXB.A.B_A	5CXB.A.B_B	TB52Q	0.062421
5CXB.A.B_A	5CXB.A.B_B	VB56W	0.564404
5E9D.AB.CDE_AB	5E9D.AB.CDE_CDE	AB218Y	-0.899806
5E9D.AB.CDE_AB	5E9D.AB.CDE_CDE	GB37E	-0.479357
5E9D.AB.CDE_AB	5E9D.AB.CDE_CDE	KB106Q	0.187488
5E9D.AB.CDE_AB	5E9D.AB.CDE_CDE	NB147G	0.275202
5E9D.AB.CDE_AB	5E9D.AB.CDE_CDE	SB60G	-0.035647
5E9D.AB.CDE_AB	5E9D.AB.CDE_CDE	TB100Q	-0.573930
5E9D.AB.CDE_AB	5E9D.AB.CDE_CDE	VB169D	-0.432683
5E9D.AB.CDE_AB	5E9D.AB.CDE_CDE	YB59W	-0.349101
5F4E.A.B_A	5F4E.A.B_B	DA51A	0.109688
5F4E.A.B_A	5F4E.A.B_B	EA50A	0.288412
5F4E.A.B_A	5F4E.A.B_B	EA50K	0.415656
5F4E.A.B_A	5F4E.A.B_B	EB26A	1.449152
5F4E.A.B_A	5F4E.A.B_B	EB26K	2.286768
5F4E.A.B_A	5F4E.A.B_B	HA136A	2.025004
5F4E.A.B_A	5F4E.A.B_B	KB139A	0.294551
5F4E.A.B_A	5F4E.A.B_B	KB139E	0.485990
5F4E.A.B_A	5F4E.A.B_B	LB62A	2.985065
5F4E.A.B_A	5F4E.A.B_B	QA109A	-0.030918
5F4E.A.B_A	5F4E.A.B_B	RA139A	1.490317
5F4E.A.B_A	5F4E.A.B_B	RA139E	2.143891
5F4E.A.B_A	5F4E.A.B_B	WB43A	1.073132
5TAR.A.B_A	5TAR.A.B_B	EB86A	1.126523
5TAR.A.B_A	5TAR.A.B_B	FB131A	0.248743
5TAR.A.B_A	5TAR.A.B_B	FB13A	0.231570
5TAR.A.B_A	5TAR.A.B_B	IB127A	-0.026336
5TAR.A.B_A	5TAR.A.B_B	MB18A	-0.215004
5TAR.A.B_A	5TAR.A.B_B	QB114A	0.157416
5TAR.A.B_A	5TAR.A.B_B	WB30A	0.659400
5TAR.A.B_A	5TAR.A.B_B	WB88A	0.384321
5UFE.A.B_A	5UFE.A.B_B	GA12C	-0.396380
5UFE.A.B_A	5UFE.A.B_B	GA12D	-1.273908
5UFE.A.B_A	5UFE.A.B_B	GA12V	-0.727925
5UFE.A.B_A	5UFE.A.B_B	QB25R	0.292423
