1A4Y.A.B_A	1A4Y.A.B_B	KB40G,DA435A	4.107513
1A4Y.A.B_A	1A4Y.A.B_B	KB40G,YA434A,DA435A	6.213886
1A4Y.A.B_A	1A4Y.A.B_B	KB40G,YA434A,YA437A	9.123152
1A4Y.A.B_A	1A4Y.A.B_B	KB40G,YA434F	6.665417
1A4Y.A.B_A	1A4Y.A.B_B	KB40G,YA437A	6.454105
1A4Y.A.B_A	1A4Y.A.B_B	QA430A,VA432A	0.072214
1A4Y.A.B_A	1A4Y.A.B_B	RB5A,DA435A	6.773434
1A4Y.A.B_A	1A4Y.A.B_B	RB5A,YA434A	6.979789
1A4Y.A.B_A	1A4Y.A.B_B	RB5A,YA434A,DA435A	10.107056
1A4Y.A.B_A	1A4Y.A.B_B	RB5A,YA434A,YA437A	8.531572
1A4Y.A.B_A	1A4Y.A.B_B	WA438A,SA439A,EA440A	1.785699
1A4Y.A.B_A	1A4Y.A.B_B	YA434A,DA435A	6.820856
1A4Y.A.B_A	1A4Y.A.B_B	YA434A,YA437A	6.645332
1AHW.AB.C_AB	1AHW.AB.C_C	IB141Q,TB143I,YB145T	3.977485
1AHW.AB.C_AB	1AHW.AB.C_C	KB138A,DB139A	1.182001
1AHW.AB.C_AB	1AHW.AB.C_C	KB154A,KB155A	-1.330307
1AHW.AB.C_AB	1AHW.AB.C_C	KB158A,NB160A,NB162A	4.074827
1AHW.AB.C_AB	1AHW.AB.C_C	RB189A,KB190A	4.018360
1AHW.AB.C_AB	1AHW.AB.C_C	SB184A,RB185A	4.018360
1AHW.AB.C_AB	1AHW.AB.C_C	TB110A,KB111A	0.639143
1AK4.A.D_A	1AK4.A.D_D	LB83T,VB86P,HB87A,AB88M,IB91L,AB92P,MB96I	0.742202
1AO7.ABC.DE_ABC	1AO7.ABC.DE_DE	AB211M,GB212S	-1.044842
1AO7.ABC.DE_ABC	1AO7.ABC.DE_DE	AB211M,GB212S,GB213A	-3.546847
1AO7.ABC.DE_ABC	1AO7.ABC.DE_DE	AB211M,GB212S,GB213A,RB214E	-3.903845
1AO7.ABC.DE_ABC	1AO7.ABC.DE_DE	AB211M,GB212S,GB213A,RB214Q	-3.941193
1AO7.ABC.DE_ABC	1AO7.ABC.DE_DE	DB26A,EA58A	0.749596
1AO7.ABC.DE_ABC	1AO7.ABC.DE_DE	DB26W,AB211M,GB212S,GB213A,RB214Q	-4.038617
1AO7.ABC.DE_ABC	1AO7.ABC.DE_DE	DB26W,GB28M,SB51M,SB94T	-1.078705
1AO7.ABC.DE_ABC	1AO7.ABC.DE_DE	DB26W,GB28T,SB51M,SB94T	-1.237639
1AO7.ABC.DE_ABC	1AO7.ABC.DE_DE	DB26W,RB27F,GB28T,SB51M,SB94T	-2.014892
1AO7.ABC.DE_ABC	1AO7.ABC.DE_DE	DB26W,RB27F,GB28T,SB51M,SB94T,KB97P,AB165P,RB214P	-4.622057
1AO7.ABC.DE_ABC	1AO7.ABC.DE_DE	DB26W,RB27F,GB28T,SB51M,SB94T,RB214P	-3.373856
1AO7.ABC.DE_ABC	1AO7.ABC.DE_DE	DB26W,RB27F,SB51M,AB211M,GB212S,GB213A,RB214Q	-3.710763
1AO7.ABC.DE_ABC	1AO7.ABC.DE_DE	DB26W,RB27F,SB51M,SB94T	-2.717164
1AO7.ABC.DE_ABC	1AO7.ABC.DE_DE	DB26W,RB27F,SB51M,SB94T,AB211M,GB212S,GB213A,RB214Q	-3.451118
1AO7.ABC.DE_ABC	1AO7.ABC.DE_DE	DB26W,RB27F,SB51M,SB94T,VA381R	-1.393077
1AO7.ABC.DE_ABC	1AO7.ABC.DE_DE	DB93A,QA72A	1.060843
1AO7.ABC.DE_ABC	1AO7.ABC.DE_DE	DB93N,RA65A	3.084350
1AO7.ABC.DE_ABC	1AO7.ABC.DE_DE	EA63Q,KA66A	1.130372
1AO7.ABC.DE_ABC	1AO7.ABC.DE_DE	EA63Q,QB30V	-0.006823
1AO7.ABC.DE_ABC	1AO7.ABC.DE_DE	EA63Q,QB30V,KA66A	1.855068
1AO7.ABC.DE_ABC	1AO7.ABC.DE_DE	EB143A,YA382A	3.425438
1AO7.ABC.DE_ABC	1AO7.ABC.DE_DE	GB212S,GB213A,RB214E	-3.454111
1AO7.ABC.DE_ABC	1AO7.ABC.DE_DE	GB213A,RB214Q	-1.563515
1AO7.ABC.DE_ABC	1AO7.ABC.DE_DE	GB28I,SB94A	-0.383096
1AO7.ABC.DE_ABC	1AO7.ABC.DE_DE	GB28I,SB94T	-0.899618
1AO7.ABC.DE_ABC	1AO7.ABC.DE_DE	GB28L,SB94A	-0.508603
1AO7.ABC.DE_ABC	1AO7.ABC.DE_DE	GB28L,SB94T	-1.028609
1AO7.ABC.DE_ABC	1AO7.ABC.DE_DE	GB28M,SB51M,SB94T	-2.126458
1AO7.ABC.DE_ABC	1AO7.ABC.DE_DE	GB28M,SB94A	-0.804623
1AO7.ABC.DE_ABC	1AO7.ABC.DE_DE	GB28M,SB94T	-1.747267
1AO7.ABC.DE_ABC	1AO7.ABC.DE_DE	GB28T,AB211M,GB212S,GB213A	-3.861774
1AO7.ABC.DE_ABC	1AO7.ABC.DE_DE	GB28T,AB211M,GB212S,GB213A,RB214Q	-3.965981
1AO7.ABC.DE_ABC	1AO7.ABC.DE_DE	GB28T,SB51M,SB94T	-1.604390
1AO7.ABC.DE_ABC	1AO7.ABC.DE_DE	KB66A,EA166A	3.033763
1AO7.ABC.DE_ABC	1AO7.ABC.DE_DE	KB66A,TA163A	0.978101
1AO7.ABC.DE_ABC	1AO7.ABC.DE_DE	KB97P,AB165P,RB214P	-1.631951
1AO7.ABC.DE_ABC	1AO7.ABC.DE_DE	KB97P,RB214P	-1.221294
1AO7.ABC.DE_ABC	1AO7.ABC.DE_DE	NB52A,EA166A	3.143156
1AO7.ABC.DE_ABC	1AO7.ABC.DE_DE	PB215A,QA155A	0.930361
1AO7.ABC.DE_ABC	1AO7.ABC.DE_DE	PB215A,YA379A	2.259469
1AO7.ABC.DE_ABC	1AO7.ABC.DE_DE	QB30L,LA375A	2.893427
1AO7.ABC.DE_ABC	1AO7.ABC.DE_DE	QB30V,LA375A	0.723712
1AO7.ABC.DE_ABC	1AO7.ABC.DE_DE	QB30V,YA159A	3.330276
1AO7.ABC.DE_ABC	1AO7.ABC.DE_DE	RB207A,YA379A	1.595050
1AO7.ABC.DE_ABC	1AO7.ABC.DE_DE	RB207A,YA379F	0.605980
1AO7.ABC.DE_ABC	1AO7.ABC.DE_DE	RB214A,YA379A	1.885943
1AO7.ABC.DE_ABC	1AO7.ABC.DE_DE	RB27A,RA170A	1.186508
1AO7.ABC.DE_ABC	1AO7.ABC.DE_DE	RB27F,GB28M,SB51M,SB94T	-1.803733
1AO7.ABC.DE_ABC	1AO7.ABC.DE_DE	RB27F,GB28T,SB51M,SB94T	-1.604390
1AO7.ABC.DE_ABC	1AO7.ABC.DE_DE	SB31A,YA379A	1.709491
1AO7.ABC.DE_ABC	1AO7.ABC.DE_DE	SB31A,YA379F	-0.040546
1AO7.ABC.DE_ABC	1AO7.ABC.DE_DE	SB94A,YA379A	1.861012
1AO7.ABC.DE_ABC	1AO7.ABC.DE_DE	TB91A,YA379A	3.030982
1AO7.ABC.DE_ABC	1AO7.ABC.DE_DE	TB92A,RA65A	2.423471
1AO7.ABC.DE_ABC	1AO7.ABC.DE_DE	WB95A,AA69G	2.905459
1AO7.ABC.DE_ABC	1AO7.ABC.DE_DE	YB50A,QA155A	0.082009
1B41.A.B_A	1B41.A.B_B	TB8V,TB9I	0.394686
1B41.A.B_A	1B41.A.B_B	TB8V,TB9N	2.427800
1BP3.A.B_A	1BP3.A.B_B	DA11A,MA14V,HA18Q,RA19H,FA25A,QA29K,EA33R	3.605305
1BP3.A.B_A	1BP3.A.B_B	EA56D,RA64M	0.445517
1BP3.A.B_A	1BP3.A.B_B	EA88G,QA91Y,FA92H,RA94T,SA95E	0.209515
1BP3.A.B_A	1BP3.A.B_B	FA54H,SA55T,EA56S,IA58L,PA59A,SA62E,NA63D,RA64K,EA66Q,TA67A,KA70M,SA71N,NA72Q,LA73K,EA74D	0.354190
1BP3.A.B_A	1BP3.A.B_B	FA97R,AA98G,NA99M,SA100Q,LA101D,VA102A,YA103P,GA104E	0.383096
1BP3.A.B_A	1BP3.A.B_B	KA164A,EA170A	5.407962
1BP3.A.B_A	1BP3.A.B_B	KA168A,FA172A	5.354871
1BP3.A.B_A	1BP3.A.B_B	NA12R,MA14V,LA15V,RA16L,RA19Y	0.383096
1BP3.A.B_A	1BP3.A.B_B	PA48A,TA50A,SA51A,LA52F	0.246173
1BP3.A.B_A	1BP3.A.B_B	QA22N,FA25S,DA26E,QA29S,EA30Q,EA33K	1.610344
1BP3.A.B_A	1BP3.A.B_B	QA46H,NA47D,PA48S,QA49E,LA52F	0.246173
1BP3.A.B_A	1BP3.A.B_B	RA64A,DA167A	0.378624
1BP3.A.B_A	1BP3.A.B_B	SA57T,TA60A,SA62T,NA63G,RA64K,EA65D,TA67A,KA70R,NA72D,LA73V	2.299455
1BP3.A.B_A	1BP3.A.B_B	YA111V,LA113I,KA115E,DA116Q,EA118K,EA119R,RA120L,QA122E,TA123G,GA126L,RA127I,EA129S	-0.392970
1BRS.A.D_A	1BRS.A.D_D	EA71A,DB35A	6.440232
1BRS.A.D_A	1BRS.A.D_D	EA71A,DB39A	7.185323
1BRS.A.D_A	1BRS.A.D_D	EA71F,DB35A	6.410199
1BRS.A.D_A	1BRS.A.D_D	EA71F,DB39A	7.471731
1BRS.A.D_A	1BRS.A.D_D	EA71Q,DB39A	7.207327
1BRS.A.D_A	1BRS.A.D_D	EA71Q,EB74A	3.527011
1BRS.A.D_A	1BRS.A.D_D	EA71W,DB35A	5.712495
1BRS.A.D_A	1BRS.A.D_D	EA71W,DB39A	6.665240
1BRS.A.D_A	1BRS.A.D_D	EA71W,EB74A	3.549655
1BRS.A.D_A	1BRS.A.D_D	HA100A,DB39A	8.991340
1BRS.A.D_A	1BRS.A.D_D	HA100A,EB74A	7.563057
1BRS.A.D_A	1BRS.A.D_D	HA100A,EB78A	6.745120
1BRS.A.D_A	1BRS.A.D_D	HA100A,TB42A	8.135627
1BRS.A.D_A	1BRS.A.D_D	HA100A,WB38F	7.642168
1BRS.A.D_A	1BRS.A.D_D	HA100A,YB29A	6.306903
1BRS.A.D_A	1BRS.A.D_D	HA100A,YB29F	5.549702
1BRS.A.D_A	1BRS.A.D_D	HA100Q,RA57A	9.308979
1BRS.A.D_A	1BRS.A.D_D	HA100Q,RA57K	6.912182
1BRS.A.D_A	1BRS.A.D_D	KA25A,DB35A	9.549198
1BRS.A.D_A	1BRS.A.D_D	KA25A,DB39A	8.278044
1BRS.A.D_A	1BRS.A.D_D	KA25A,EB74A	6.696013
1BRS.A.D_A	1BRS.A.D_D	KA25A,EB78A	5.513151
1BRS.A.D_A	1BRS.A.D_D	KA25A,TB42A	5.723925
1BRS.A.D_A	1BRS.A.D_D	KA25A,WB38F	5.113170
1BRS.A.D_A	1BRS.A.D_D	KA25A,YB29A	8.624589
1BRS.A.D_A	1BRS.A.D_D	RA57A,DB35A	6.334464
1BRS.A.D_A	1BRS.A.D_D	RA57A,DB39A	11.361335
1BRS.A.D_A	1BRS.A.D_D	RA57A,EB74A	4.970293
1BRS.A.D_A	1BRS.A.D_D	RA57A,EB78A	5.201466
1BRS.A.D_A	1BRS.A.D_D	RA57A,TB42A	6.820856
1BRS.A.D_A	1BRS.A.D_D	RA57A,WB38F	6.277997
1BRS.A.D_A	1BRS.A.D_D	RA57A,YB29A	8.122606
1BRS.A.D_A	1BRS.A.D_D	RA81Q,DB35A	9.605664
1BRS.A.D_A	1BRS.A.D_D	RA81Q,DB39A	6.439105
1BRS.A.D_A	1BRS.A.D_D	RA81Q,EB74A	6.721076
1BRS.A.D_A	1BRS.A.D_D	RA81Q,EB78A	5.764045
1BRS.A.D_A	1BRS.A.D_D	RA81Q,TB42A	6.107559
1BRS.A.D_A	1BRS.A.D_D	RA81Q,WB38F	6.758434
1BRS.A.D_A	1BRS.A.D_D	RA81Q,YB29A	8.293043
1BRS.A.D_A	1BRS.A.D_D	RA85A,DB39A	7.185323
1BRS.A.D_A	1BRS.A.D_D	RA85A,EB74A	6.866451
1BRS.A.D_A	1BRS.A.D_D	RA85A,EB78A	6.126986
1BRS.A.D_A	1BRS.A.D_D	RA85A,TB42A	7.020199
1BRS.A.D_A	1BRS.A.D_D	RA85A,WB38F	7.040989
1BRS.A.D_A	1BRS.A.D_D	RA85A,YB29A	8.052825
1C4Z.ABC.D_ABC	1C4Z.ABC.D_D	SA243P,NA245P	-0.075735
1CZ8.HL.VW_HL	1CZ8.HL.VW_VW	LA222M,DA28T,HA31N	0.451531
1CZ8.HL.VW_HL	1CZ8.HL.VW_VW	LA222M,DA28T,HA31N,TA105K,YA103I,GA104A	1.364171
1CZ8.HL.VW_HL	1CZ8.HL.VW_VW	LA222M,DA28T,HA31N,TA105N,YA103R,GA104D	0.799767
1CZ8.HL.VW_HL	1CZ8.HL.VW_VW	LA222M,DA28T,HA31N,TA105S	0.211313
1CZ8.HL.VW_HL	1CZ8.HL.VW_VW	LA222M,DA28T,HA31N,YA101H	1.405046
1CZ8.HL.VW_HL	1CZ8.HL.VW_VW	LA222M,DA28T,HA31N,YA101H,TA105S	2.311466
1CZ8.HL.VW_HL	1CZ8.HL.VW_VW	LA222M,DA28T,HA31N,YA101H,TA105S,LA72I,TA74K	1.872169
1CZ8.HL.VW_HL	1CZ8.HL.VW_VW	LA222M,DA28T,HA31N,YA101H,TA105S,LA72V,TA74V	2.466578
1CZ8.HL.VW_HL	1CZ8.HL.VW_VW	LA222M,DA28T,HA31N,YA101H,TA105S,YA54W	1.658286
1CZ8.HL.VW_HL	1CZ8.HL.VW_VW	LA222M,DA28T,HA31N,YA103R	0.621969
1CZ8.HL.VW_HL	1CZ8.HL.VW_VW	LA222M,DA28T,HA31N,YA103R,GA104N	1.032626
1CZ8.HL.VW_HL	1CZ8.HL.VW_VW	LA222M,DA28T,HA31N,YA103W	0.754171
1CZ8.HL.VW_HL	1CZ8.HL.VW_VW	LA222M,DA28T,YA101H,TA105S	1.032626
1CZ8.HL.VW_HL	1CZ8.HL.VW_VW	LA222M,HA31N,YA101H,TA105S	1.575484
1CZ8.HL.VW_HL	1CZ8.HL.VW_VW	LA222M,YA101H,TA105S	1.102406
1CZ8.HL.VW_HL	1CZ8.HL.VW_VW	LA222M,YA54W	0.591580
1EMV.A.B_A	1EMV.A.B_B	EA30D,LA31D,VA32N,TA36R,HA37E,EA40R,MA41L,SA46D,KA55R,EA56D,GA57D,DA58R,DA59E,SA63E,NA67K,TA68E,VA69I,QA71E	7.990223
1EMV.A.B_A	1EMV.A.B_B	FB86A,LA31A	6.679958
1EMV.A.B_A	1EMV.A.B_B	FB86A,VA32A	4.665833
1EMV.A.B_A	1EMV.A.B_B	FB86A,VA35A	4.068404
1EMV.A.B_A	1EMV.A.B_B	FB86A,YA52A	8.723507
1EMV.A.B_A	1EMV.A.B_B	FB86A,YA53A	8.263228
1EMV.A.B_A	1EMV.A.B_B	QA15E,LA16F,SA46D,KA55R,EA56D,GA57D,DA58R,DA59E,SA63E,NA67K,TA68E,VA69I,QA71E	-0.208529
1EMV.A.B_A	1EMV.A.B_B	QA15E,LA16F,TA18K,TA19K,NA22R,DA24E,TA25G,SA26A,SA27T,EA30D,LA31D,VA32N,TA36R,HA37E,EA40R,MA41L,SA46D,KA55R,EA56D,GA57D,DA58R,DA59E,SA63E,NA67K,TA68E,VA69I,QA71E	8.058494
1EMV.A.B_A	1EMV.A.B_B	QA15E,LA16F,TA18K,TA19K,NA22R,DA24E,TA25G,SA26A,SA27T,SA46D,KA55R,EA56D,GA57D,DA58R,DA59E,SA63E,NA67K,TA68E,VA69I,QA71E	1.704029
1EMV.A.B_A	1EMV.A.B_B	QA15E,LA16F,TA18K,TA19K,NA22R,DA24E,TA25G,SA26A,SA27T,SA63E,NA67K,TA68E,VA69I,QA71E	2.856625
1EMV.A.B_A	1EMV.A.B_B	QA15E,LA16F,TA18K,TA19K,NA22R,SA46D,KA55R,EA56D,GA57D,DA58R,DA59E,SA63E,NA67K,TA68E,VA69I,QA71E	1.423001
1EMV.A.B_A	1EMV.A.B_B	SA46D,KA55R,EA56D,GA57D,DA58R,DA59E,SA63E,NA67K,TA68E,VA69I,QA71E	-0.517373
1EMV.A.B_A	1EMV.A.B_B	SA63E,NA67K,TA68E,VA69I,QA71E	0.079111
1FCC.A.C_A	1FCC.A.C_C	TB44A,YB45A	1.954451
1FSS.A.B_A	1FSS.A.B_B	TB8V,TB9I	0.441845
1FSS.A.B_A	1FSS.A.B_B	TB8V,TB9N	0.357937
1FSS.A.B_A	1FSS.A.B_B	TB8V,TB9N,RB11K,HB29R	-0.391847
1FSS.A.B_A	1FSS.A.B_B	TB8V,TB9N,RB11K,HB29R,KB32R	0.801886
1GC1.G.C_G	1GC1.G.C_C	QB40A,DB63A	-0.499247
1GC1.G.C_G	1GC1.G.C_C	QB40A,DB63A,QB89L	-0.848247
1GL0.E.I_E	1GL0.E.I_I	MB28K,LB27R	3.837295
1JRH.LH.I_LH	1JRH.LH.I_I	AB49S,IB51T,HB55D	0.070707
1JRH.LH.I_LH	1JRH.LH.I_I	AB85D,KB88R,EB90K	-0.047769
1JRH.LH.I_LH	1JRH.LH.I_I	AB93L,VB94M	0.633947
1JRH.LH.I_LH	1JRH.LH.I_I	EB45P,IB47L	-3.458328
1JRH.LH.I_LH	1JRH.LH.I_I	EB45P,IB47R	-3.441638
1JRH.LH.I_LH	1JRH.LH.I_I	IB25N,PB27S,VB29T,VB31I	0.143770
1JRH.LH.I_LH	1JRH.LH.I_I	MB15L,IB18V	-0.213702
1JRH.LH.I_LH	1JRH.LH.I_I	SB44G,EB45G,IB47R	-3.379217
1JRH.LH.I_LH	1JRH.LH.I_I	SB44G,EB45P,IB47K	-3.886158
1JRH.LH.I_LH	1JRH.LH.I_I	SB61Y,DB62E,HB63Q,VB64I,GB65M,DB66Y,SB68D,NB69V,LB71A	2.960157
1JRH.LH.I_LH	1JRH.LH.I_I	TB9L,EB11K	-0.025577
1JRH.LH.I_LH	1JRH.LH.I_I	VB73A,RB78K	-0.213702
1JTG.A.B_A	1JTG.A.B_B	DB163K,DB135K,VB134K	-3.055167
1JTG.A.B_A	1JTG.A.B_B	DB49A,KA208A	1.600652
1JTG.A.B_A	1JTG.A.B_B	DB49A,RA217A	1.099224
1JTG.A.B_A	1JTG.A.B_B	DB49A,SA105A	0.358089
1JTG.A.B_A	1JTG.A.B_B	EA143A,DB49A	1.505004
1JTG.A.B_A	1JTG.A.B_B	EA143A,FB142A	2.581045
1JTG.A.B_A	1JTG.A.B_B	EA143A,KB74A	4.061928
1JTG.A.B_A	1JTG.A.B_B	EA143A,RB160A	2.318927
1JTG.A.B_A	1JTG.A.B_B	EA143A,WB112A	2.795218
1JTG.A.B_A	1JTG.A.B_B	EA143A,WB150A	4.109652
1JTG.A.B_A	1JTG.A.B_B	EA143A,WB162A	2.077467
1JTG.A.B_A	1JTG.A.B_B	EA79A,EB73M	1.836322
1JTG.A.B_A	1JTG.A.B_B	EA79A,EB73M,FB142A	2.845544
1JTG.A.B_A	1JTG.A.B_B	EA79A,EB73M,KB74A	2.095698
1JTG.A.B_A	1JTG.A.B_B	EA79A,EB73M,KB74A,FB142A	2.582089
1JTG.A.B_A	1JTG.A.B_B	EA79A,SB113A	1.864555
1JTG.A.B_A	1JTG.A.B_B	EA79A,SB113A,SB71A	2.581045
1JTG.A.B_A	1JTG.A.B_B	EA79A,YA80A	1.027010
1JTG.A.B_A	1JTG.A.B_B	EA79K,DB49A	5.640436
1JTG.A.B_A	1JTG.A.B_B	EA79K,FB142A	4.554720
1JTG.A.B_A	1JTG.A.B_B	EA85A,SB113A	4.565591
1JTG.A.B_A	1JTG.A.B_B	EA85A,SB113A,SB71A	5.042290
1JTG.A.B_A	1JTG.A.B_B	EA85A,SB71A	5.019354
1JTG.A.B_A	1JTG.A.B_B	EA85A,YB50A	3.967104
1JTG.A.B_A	1JTG.A.B_B	EA85G,EA143G	-0.610000
1JTG.A.B_A	1JTG.A.B_B	EA85V,EA143G	-0.742202
1JTG.A.B_A	1JTG.A.B_B	EB73A,YB50A	-1.496373
1JTG.A.B_A	1JTG.A.B_B	EB73M,FB142A	2.532690
1JTG.A.B_A	1JTG.A.B_B	EB73M,KB74A	4.294496
1JTG.A.B_A	1JTG.A.B_B	EB73M,KB74A,FB142A	4.556261
1JTG.A.B_A	1JTG.A.B_B	FB142A,EA79A	2.747889
1JTG.A.B_A	1JTG.A.B_B	FB142A,EA79A,YA80A	1.505004
1JTG.A.B_A	1JTG.A.B_B	FB142A,KA208A	3.395148
1JTG.A.B_A	1JTG.A.B_B	FB142A,RA217A	3.395148
1JTG.A.B_A	1JTG.A.B_B	FB142A,SA105A	2.843151
1JTG.A.B_A	1JTG.A.B_B	FB142A,YA80A	0.694366
1JTG.A.B_A	1JTG.A.B_B	FB142A,YB143A	2.843151
1JTG.A.B_A	1JTG.A.B_B	FB142A,YB143A,EA79A	2.891281
1JTG.A.B_A	1JTG.A.B_B	FB142A,YB143A,EA79A,YA80A	2.843151
1JTG.A.B_A	1JTG.A.B_B	FB142A,YB143A,KA208A	4.681933
1JTG.A.B_A	1JTG.A.B_B	FB142A,YB143A,RA217A	4.542801
1JTG.A.B_A	1JTG.A.B_B	FB142A,YB143A,SA105A	4.158278
1JTG.A.B_A	1JTG.A.B_B	FB142A,YB143A,YA80A	2.986904
1JTG.A.B_A	1JTG.A.B_B	GA212S,DB49A	2.635217
1JTG.A.B_A	1JTG.A.B_B	GA212S,FB142A	3.681857
1JTG.A.B_A	1JTG.A.B_B	KA208A,DB49A	1.554021
1JTG.A.B_A	1JTG.A.B_B	KA208A,SA105A	1.979599
1JTG.A.B_A	1JTG.A.B_B	KA208A,SA105A,DB49A	1.318194
1JTG.A.B_A	1JTG.A.B_B	KA208A,SA105A,RA217A	2.509422
1JTG.A.B_A	1JTG.A.B_B	KA208A,SA105A,RA217A,DB49A	1.490970
1JTG.A.B_A	1JTG.A.B_B	KA208A,SA209A,SA105A,RA217A	2.788504
1JTG.A.B_A	1JTG.A.B_B	KA208A,SA209A,SA105A,RA217A,DB49A	1.726972
1JTG.A.B_A	1JTG.A.B_B	KB74A,EA79A	1.576849
1JTG.A.B_A	1JTG.A.B_B	KB74A,EA79A,YA80A	1.386116
1JTG.A.B_A	1JTG.A.B_B	KB74A,FB142A	4.852370
1JTG.A.B_A	1JTG.A.B_B	KB74A,FB142A,EA79A	3.130240
1JTG.A.B_A	1JTG.A.B_B	KB74A,FB142A,EA79A,YA80A	3.130240
1JTG.A.B_A	1JTG.A.B_B	KB74A,FB142A,KA208A	5.830841
1JTG.A.B_A	1JTG.A.B_B	KB74A,FB142A,RA217A	5.496316
1JTG.A.B_A	1JTG.A.B_B	KB74A,FB142A,SA105A	5.161859
1JTG.A.B_A	1JTG.A.B_B	KB74A,FB142A,YA80A	4.779135
1JTG.A.B_A	1JTG.A.B_B	KB74A,FB142A,YB143A	3.895401
1JTG.A.B_A	1JTG.A.B_B	KB74A,FB142A,YB143A,EA79A	2.388983
1JTG.A.B_A	1JTG.A.B_B	KB74A,FB142A,YB143A,EA79A,YA80A	2.412727
1JTG.A.B_A	1JTG.A.B_B	KB74A,FB142A,YB143A,KA208A	5.472615
1JTG.A.B_A	1JTG.A.B_B	KB74A,FB142A,YB143A,RA217A	5.257837
1JTG.A.B_A	1JTG.A.B_B	KB74A,FB142A,YB143A,SA105A	5.066775
1JTG.A.B_A	1JTG.A.B_B	KB74A,FB142A,YB143A,YA80A	4.229416
1JTG.A.B_A	1JTG.A.B_B	KB74A,KA208A	6.548087
1JTG.A.B_A	1JTG.A.B_B	KB74A,RA217A	6.620269
1JTG.A.B_A	1JTG.A.B_B	KB74A,SA105A	3.178630
1JTG.A.B_A	1JTG.A.B_B	KB74A,YA80A	3.322336
1JTG.A.B_A	1JTG.A.B_B	KB74A,YB143A	3.058644
1JTG.A.B_A	1JTG.A.B_B	KB74A,YB143A,EA79A	1.050668
1JTG.A.B_A	1JTG.A.B_B	KB74A,YB143A,EA79A,YA80A	1.767957
1JTG.A.B_A	1JTG.A.B_B	KB74A,YB143A,KA208A	4.876004
1JTG.A.B_A	1JTG.A.B_B	KB74A,YB143A,RA217A	4.373137
1JTG.A.B_A	1JTG.A.B_B	KB74A,YB143A,SA105A	3.728418
1JTG.A.B_A	1JTG.A.B_B	KB74A,YB143A,YA80A	3.395148
1JTG.A.B_A	1JTG.A.B_B	MA104A,FB36A	3.631322
1JTG.A.B_A	1JTG.A.B_B	MA104A,SB113A,SB71A	1.672743
1JTG.A.B_A	1JTG.A.B_B	MA104A,YB50A	0.358089
1JTG.A.B_A	1JTG.A.B_B	MA104A,YB53A	3.609275
1JTG.A.B_A	1JTG.A.B_B	NA75A,DB49A	1.576849
1JTG.A.B_A	1JTG.A.B_B	NA75A,FB142A	2.293604
1JTG.A.B_A	1JTG.A.B_B	NA75A,HB148A	2.102992
1JTG.A.B_A	1JTG.A.B_B	NA75A,KB74A	3.511833
1JTG.A.B_A	1JTG.A.B_B	NA75A,RB160A	1.576849
1JTG.A.B_A	1JTG.A.B_B	NA75A,WB112A	2.795218
1JTG.A.B_A	1JTG.A.B_B	NA75A,WB150A	4.349468
1JTG.A.B_A	1JTG.A.B_B	NA75A,WB162A	2.102992
1JTG.A.B_A	1JTG.A.B_B	PA82A,HB41A	2.652946
1JTG.A.B_A	1JTG.A.B_B	PA82A,YB50A	-0.647161
1JTG.A.B_A	1JTG.A.B_B	PA82A,YB53A	2.388983
1JTG.A.B_A	1JTG.A.B_B	QA74A,DB49A	2.198384
1JTG.A.B_A	1JTG.A.B_B	QA74A,FB142A	2.819137
1JTG.A.B_A	1JTG.A.B_B	QA74A,HB148A	3.201420
1JTG.A.B_A	1JTG.A.B_B	QA74A,KB74A	4.109652
1JTG.A.B_A	1JTG.A.B_B	QA74A,RB160A	3.750947
1JTG.A.B_A	1JTG.A.B_B	QA74A,WB112A	3.537737
1JTG.A.B_A	1JTG.A.B_B	QA74A,WB150A	3.823668
1JTG.A.B_A	1JTG.A.B_B	QA74A,WB162A	2.891281
1JTG.A.B_A	1JTG.A.B_B	RA217A,DB49A	1.111682
1JTG.A.B_A	1JTG.A.B_B	RA217A,KA208A	2.730075
1JTG.A.B_A	1JTG.A.B_B	RA217A,KA208A,DB49A	1.904421
1JTG.A.B_A	1JTG.A.B_B	RA217A,SA105A	1.849695
1JTG.A.B_A	1JTG.A.B_B	RA217A,SA105A,DB49A	1.254939
1JTG.A.B_A	1JTG.A.B_B	RA217A,SA209A	0.739594
1JTG.A.B_A	1JTG.A.B_B	RA217A,SA209A,DB49A	0.408048
1JTG.A.B_A	1JTG.A.B_B	RA217A,SA209A,KA208A	2.716957
1JTG.A.B_A	1JTG.A.B_B	RA217A,SA209A,KA208A,DB49A	2.032426
1JTG.A.B_A	1JTG.A.B_B	RA217A,SA209A,SA105A	1.688109
1JTG.A.B_A	1JTG.A.B_B	RA217A,SA209A,SA105A,DB49A	0.894266
1JTG.A.B_A	1JTG.A.B_B	SA105A,DB49A	1.384632
1JTG.A.B_A	1JTG.A.B_B	SA209A,DB49A	1.641106
1JTG.A.B_A	1JTG.A.B_B	SA209A,KA208A	2.093723
1JTG.A.B_A	1JTG.A.B_B	SA209A,KA208A,DB49A	1.534826
1JTG.A.B_A	1JTG.A.B_B	SA209A,SA105A	1.152734
1JTG.A.B_A	1JTG.A.B_B	SA209A,SA105A,DB49A	1.094157
1JTG.A.B_A	1JTG.A.B_B	SA209A,SA105A,KA208A	1.849695
1JTG.A.B_A	1JTG.A.B_B	SA209A,SA105A,KA208A,DB49A	0.609256
1JTG.A.B_A	1JTG.A.B_B	SB71A,SB113A	0.456068
1JTG.A.B_A	1JTG.A.B_B	TB140K,QB157K	-0.396606
1JTG.A.B_A	1JTG.A.B_B	VA190A,FB142A	2.198384
1JTG.A.B_A	1JTG.A.B_B	VA190A,YB50A	-0.885531
1JTG.A.B_A	1JTG.A.B_B	VA78A,FB142A	4.516677
1JTG.A.B_A	1JTG.A.B_B	VA78A,RB160A	4.349468
1JTG.A.B_A	1JTG.A.B_B	VA78A,WB162A	4.229416
1JTG.A.B_A	1JTG.A.B_B	VB165K,DB163K,DB135K,NB89K	-3.360556
1JTG.A.B_A	1JTG.A.B_B	VB165K,DB163K,NB89K	-2.393421
1JTG.A.B_A	1JTG.A.B_B	YB143A,EA79A	1.864555
1JTG.A.B_A	1JTG.A.B_B	YB143A,EA79A,YA80A	2.054678
1JTG.A.B_A	1JTG.A.B_B	YB143A,KA208A	2.556661
1JTG.A.B_A	1JTG.A.B_B	YB143A,RA217A	2.269850
1JTG.A.B_A	1JTG.A.B_B	YB143A,SA105A	1.791966
1JTG.A.B_A	1JTG.A.B_B	YB143A,YA80A	1.075443
1K8R.A.B_A	1K8R.A.B_B	DA30K,EA31K	0.409665
1KNE.A.P_A	1KNE.A.P_P	AA3F,TB2F	0.803626
1KNE.A.P_A	1KNE.A.P_P	AA3F,TB2I	0.589743
1KNE.A.P_A	1KNE.A.P_P	AA3F,TB2K	-0.035917
1KNE.A.P_A	1KNE.A.P_P	AA3F,TB2L	0.392970
1KNE.A.P_A	1KNE.A.P_P	AA3K,TB2F	1.469277
1KNE.A.P_A	1KNE.A.P_P	AA3K,TB2I	1.398035
1KNE.A.P_A	1KNE.A.P_P	AA3K,TB2K	1.599725
1KNE.A.P_A	1KNE.A.P_P	AA3K,TB2L	1.834454
1KNE.A.P_A	1KNE.A.P_P	AA3L,TB2F	0.251723
1KNE.A.P_A	1KNE.A.P_P	AA3L,TB2I	0.065896
1KNE.A.P_A	1KNE.A.P_P	AA3L,TB2K	-0.158934
1KNE.A.P_A	1KNE.A.P_P	AA3L,TB2L	0.251723
1KNE.A.P_A	1KNE.A.P_P	AA3T,TB2F	0.785396
1KNE.A.P_A	1KNE.A.P_P	AA3T,TB2I	0.602485
1KNE.A.P_A	1KNE.A.P_P	AA3T,TB2K	-0.314372
1KNE.A.P_A	1KNE.A.P_P	AA3T,TB2L	0.563408
1KNE.A.P_A	1KNE.A.P_P	DA40F,TB2F	-0.158934
1KNE.A.P_A	1KNE.A.P_P	DA40F,TB2I	0.204301
1KNE.A.P_A	1KNE.A.P_P	DA40F,TB2K	-0.206355
1KNE.A.P_A	1KNE.A.P_P	DA40F,TB2L	0.295628
1KNE.A.P_A	1KNE.A.P_P	DA40I,TB2F	1.095395
1KNE.A.P_A	1KNE.A.P_P	DA40I,TB2I	0.614958
1KNE.A.P_A	1KNE.A.P_P	DA40I,TB2K	0.589743
1KNE.A.P_A	1KNE.A.P_P	DA40I,TB2L	0.576722
1KNE.A.P_A	1KNE.A.P_P	DA40K,TB2F	-0.035917
1KNE.A.P_A	1KNE.A.P_P	DA40K,TB2I	0.000000
1KNE.A.P_A	1KNE.A.P_P	DA40K,TB2K	0.336503
1KNE.A.P_A	1KNE.A.P_P	DA40K,TB2L	-0.314372
1KNE.A.P_A	1KNE.A.P_P	DA40T,TB2F	1.240618
1KNE.A.P_A	1KNE.A.P_P	DA40T,TB2I	0.887209
1KNE.A.P_A	1KNE.A.P_P	DA40T,TB2K	0.727075
1KNE.A.P_A	1KNE.A.P_P	DA40T,TB2L	0.251723
1KNE.A.P_A	1KNE.A.P_P	KA24A,AA3K	-0.257905
1MAH.A.F_A	1MAH.A.F_F	YA121Q,WA276R	8.959454
1MAH.A.F_A	1MAH.A.F_F	YA69N,WA276R	10.734282
1MAH.A.F_A	1MAH.A.F_F	YA69N,YA121Q	6.132774
1MAH.A.F_A	1MAH.A.F_F	YA69N,YA121Q,WA276R	10.926110
1MQ8.A.B_A	1MQ8.A.B_B	CB170F,TB171C	0.676638
1MQ8.A.B_A	1MQ8.A.B_B	CB32L,CB170F	3.681857
1MQ8.A.B_A	1MQ8.A.B_B	CB32L,CB170F,EB155C,EB172C	-1.256154
1MQ8.A.B_A	1MQ8.A.B_B	CB32L,CB170F,KB158C,KB165C	-1.774828
1MQ8.A.B_A	1MQ8.A.B_B	CB32L,CB170F,KB31C,TB171C	2.968561
1MQ8.A.B_A	1MQ8.A.B_B	CB32L,CB170F,LB160C,KB165C	3.720093
1MQ8.A.B_A	1MQ8.A.B_B	CB32L,KB31C	0.610000
1N8Z.AB.C_AB	1N8Z.AB.C_C	NA30S,HA91F,YA92W	-0.071900
1N8Z.AB.C_AB	1N8Z.AB.C_C	NA30S,HA91F,YA92W,TA94S,DA316W,YA319F,YA323V	0.048722
1QAB.ABCD.E_ABCD	1QAB.ABCD.E_E	DA99A,DA214A,DA332A,DA446A	1.705787
1QAB.ABCD.E_ABCD	1QAB.ABCD.E_E	LA55P,LA170P,LA288P,LA402P	0.375796
1QAB.ABCD.E_ABCD	1QAB.ABCD.E_E	LA58H,LA173H,LA291H,LA405H	-0.071900
1QAB.ABCD.E_ABCD	1QAB.ABCD.E_E	SA100E,SA215E,SA333E,SA447E	1.664436
1QAB.ABCD.E_ABCD	1QAB.ABCD.E_E	SA85A,SA200A,SA318A,SA432A	0.915053
1QAB.ABCD.E_ABCD	1QAB.ABCD.E_E	TA60A,TA175A,TA293A,TA407A	0.121957
1QAB.ABCD.E_ABCD	1QAB.ABCD.E_E	VA30M,VA145M,VA263M,VA377M	-0.275079
1QAB.ABCD.E_ABCD	1QAB.ABCD.E_E	YA114F,YA229F,YA347F,YA461F	-0.393967
1QAB.ABCD.E_ABCD	1QAB.ABCD.E_E	YA114H,YA229H,YA347H,YA461H	0.689111
1SBB.A.B_A	1SBB.A.B_B	LB20T,VB26Y,YB91V	0.132202
1TM1.E.I_E	1TM1.E.I_I	EB41S,MB40R	3.549655
1TM1.E.I_E	1TM1.E.I_I	RB48A,RB46A	5.051923
1TM1.E.I_E	1TM1.E.I_I	TB39A,EB41A	3.390396
1TM1.E.I_E	1TM1.E.I_I	TB39D,EB41A	0.754171
1VFB.AB.C_AB	1VFB.AB.C_C	DA161A,TB118A	1.255206
1VFB.AB.C_AB	1VFB.AB.C_C	DA207A,SB24A	3.371265
1VFB.AB.C_AB	1VFB.AB.C_C	WA159A,DB119A	2.248379
1VFB.AB.C_AB	1VFB.AB.C_C	WA92A,IB124A	3.852058
1VFB.AB.C_AB	1VFB.AB.C_C	WA92A,LB129A	3.308844
1VFB.AB.C_AB	1VFB.AB.C_C	WA92A,QB121A	3.520512
1VFB.AB.C_AB	1VFB.AB.C_C	WA92A,RB125A	3.394809
1VFB.AB.C_AB	1VFB.AB.C_C	YA139A,KB116A	1.586751
1VFB.AB.C_AB	1VFB.AB.C_C	YA208F,DB119A	2.737746
1VFB.AB.C_AB	1VFB.AB.C_C	YA208F,VB120A	2.539614
1VFB.AB.C_AB	1VFB.AB.C_C	YA32A,IB124A	2.907017
1VFB.AB.C_AB	1VFB.AB.C_C	YA32A,QB121A	1.586751
1VFB.AB.C_AB	1VFB.AB.C_C	YA50A,DB119A	1.231969
1VFB.AB.C_AB	1VFB.AB.C_C	YA50A,DB18A	1.266491
1Y4A.E.I_E	1Y4A.E.I_I	SB40E,RB39M	-3.549655
1YQV.HL.Y_HL	1YQV.HL.Y_Y	RB68K,TB40S,IB55V,SB91T	5.191547
1YQV.HL.Y_HL	1YQV.HL.Y_Y	RB68K,TB40S,IB55V,SB91T,QB121H	0.035385
1Z7X.W.X_W	1Z7X.W.X_X	QA430A,VA432A	0.939574
1Z7X.W.X_W	1Z7X.W.X_X	WA438A,SA439A,EA440A	1.972200
1Z7X.W.X_W	1Z7X.W.X_X	YA434A,DA435A	7.171211
1Z7X.W.X_W	1Z7X.W.X_X	YA434A,YA437A	7.240991
2ABZ.B.E_B	2ABZ.B.E_E	AB14C,AB38C	-0.553533
2B2X.HL.A_HL	2B2X.HL.A_A	EA64K,QA238S,YA262N	0.912023
2B2X.HL.A_HL	2B2X.HL.A_A	EA64K,QA238S,YA262N,GA102S	2.711884
2B2X.HL.A_HL	2B2X.HL.A_A	EA64K,QA238S,YA262N,SA35A	3.120451
2B2X.HL.A_HL	2B2X.HL.A_A	EA64K,QA238S,YA262N,SA35V	3.772023
2B2X.HL.A_HL	2B2X.HL.A_A	EA64K,YA262N	0.348686
2B2X.HL.A_HL	2B2X.HL.A_A	QA238S,YA262N	0.863080
2B2X.HL.A_HL	2B2X.HL.A_A	VA50T,EA64D,QA238S,YA262N	0.872162
2B2X.HL.A_HL	2B2X.HL.A_A	VA50T,EA64K,QA238S	0.992033
2B2X.HL.A_HL	2B2X.HL.A_A	VA50T,EA64K,QA238S,YA262D	1.544668
2B2X.HL.A_HL	2B2X.HL.A_A	VA50T,EA64K,QA238S,YA262E	0.954956
2B2X.HL.A_HL	2B2X.HL.A_A	VA50T,EA64K,QA238S,YA262K	1.701485
2B2X.HL.A_HL	2B2X.HL.A_A	VA50T,EA64K,QA238S,YA262N	1.043681
2B2X.HL.A_HL	2B2X.HL.A_A	VA50T,EA64K,QA238S,YA262N,FA99W	1.043681
2B2X.HL.A_HL	2B2X.HL.A_A	VA50T,EA64K,QA238S,YA262N,FA99Y	1.798688
2B2X.HL.A_HL	2B2X.HL.A_A	VA50T,EA64K,QA238S,YA262N,GA100F	1.432873
2B2X.HL.A_HL	2B2X.HL.A_A	VA50T,EA64K,QA238S,YA262N,GA100L	3.772023
2B2X.HL.A_HL	2B2X.HL.A_A	VA50T,EA64K,QA238S,YA262N,GA100M	1.145861
2B2X.HL.A_HL	2B2X.HL.A_A	VA50T,EA64K,QA238S,YA262N,GA100S	1.601678
2B2X.HL.A_HL	2B2X.HL.A_A	VA50T,EA64K,QA238S,YA262N,GA302Q	2.617070
2B2X.HL.A_HL	2B2X.HL.A_A	VA50T,EA64K,QA238S,YA262N,GA302S	1.556517
2B2X.HL.A_HL	2B2X.HL.A_A	VA50T,EA64K,QA238S,YA262N,GA53A	1.556517
2B2X.HL.A_HL	2B2X.HL.A_A	VA50T,EA64K,QA238S,YA262N,GA53N	2.299556
2B2X.HL.A_HL	2B2X.HL.A_A	VA50T,EA64K,QA238S,YA262N,GA53S	1.719577
2B2X.HL.A_HL	2B2X.HL.A_A	VA50T,EA64K,QA238S,YA262N,GA54I	2.407852
2B2X.HL.A_HL	2B2X.HL.A_A	VA50T,EA64K,QA238S,YA262N,GA54T	2.208369
2B2X.HL.A_HL	2B2X.HL.A_A	VA50T,EA64K,QA238S,YA262N,GA54Y	1.043681
2B2X.HL.A_HL	2B2X.HL.A_A	VA50T,EA64K,QA238S,YA262N,HA241K	2.208369
2B2X.HL.A_HL	2B2X.HL.A_A	VA50T,EA64K,QA238S,YA262N,HA241R	2.167982
2B2X.HL.A_HL	2B2X.HL.A_A	VA50T,EA64K,QA238S,YA262N,HA241W	2.299556
2B2X.HL.A_HL	2B2X.HL.A_A	VA50T,EA64K,QA238S,YA262N,LA259F	1.756280
2B2X.HL.A_HL	2B2X.HL.A_A	VA50T,EA64K,QA238S,YA262N,LA259K	1.905268
2B2X.HL.A_HL	2B2X.HL.A_A	VA50T,EA64K,QA238S,YA262N,LA259W	2.952103
2B2X.HL.A_HL	2B2X.HL.A_A	VA50T,EA64K,QA238S,YA262N,LA60D	0.982334
2B2X.HL.A_HL	2B2X.HL.A_A	VA50T,EA64K,QA238S,YA262N,NA240V	2.093480
2B2X.HL.A_HL	2B2X.HL.A_A	VA50T,EA64K,QA238S,YA262N,NA240W	2.617070
2B2X.HL.A_HL	2B2X.HL.A_A	VA50T,EA64K,QA238S,YA262N,NA240Y	2.952103
2B2X.HL.A_HL	2B2X.HL.A_A	VA50T,EA64K,QA238S,YA262N,NA240Y,SA301I	1.478244
2B2X.HL.A_HL	2B2X.HL.A_A	VA50T,EA64K,QA238S,YA262N,RA31Q	2.351594
2B2X.HL.A_HL	2B2X.HL.A_A	VA50T,EA64K,QA238S,YA262N,SA234R	0.828252
2B2X.HL.A_HL	2B2X.HL.A_A	VA50T,EA64K,QA238S,YA262N,SA301Q	2.818509
2B2X.HL.A_HL	2B2X.HL.A_A	VA50T,EA64K,QA238S,YA262N,SA301R	3.772023
2B2X.HL.A_HL	2B2X.HL.A_A	VA50T,EA64K,QA238S,YA262N,SA301R,NA240E	3.772023
2B2X.HL.A_HL	2B2X.HL.A_A	VA50T,EA64K,QA238S,YA262N,SA301T	3.361367
2B2X.HL.A_HL	2B2X.HL.A_A	VA50T,EA64K,QA238S,YA262N,SA35A	2.617070
2B2X.HL.A_HL	2B2X.HL.A_A	VA50T,EA64K,QA238S,YA262N,SA35A,GA102S	2.617070
2B2X.HL.A_HL	2B2X.HL.A_A	VA50T,EA64K,QA238S,YA262N,SA35Q	3.772023
2B2X.HL.A_HL	2B2X.HL.A_A	VA50T,EA64K,QA238S,YA262N,SA35V,GA102S	2.469994
2B2X.HL.A_HL	2B2X.HL.A_A	VA50T,EA64K,QA238S,YA262N,SA52M	3.120451
2B2X.HL.A_HL	2B2X.HL.A_A	VA50T,EA64K,QA238S,YA262N,TA33E,GA53Q	2.711884
2B2X.HL.A_HL	2B2X.HL.A_A	VA50T,EA64K,QA238S,YA262N,TA33I,SA52T,GA53N,GA54N	2.952103
2B2X.HL.A_HL	2B2X.HL.A_A	VA50T,EA64K,QA238S,YA262N,TA33I,SA52T,GA53Q,GA54F	2.299556
2B2X.HL.A_HL	2B2X.HL.A_A	VA50T,EA64K,QA238S,YA262N,TA33N	3.772023
2B2X.HL.A_HL	2B2X.HL.A_A	VA50T,EA64K,QA238S,YA262N,TA33V	1.478244
2B2X.HL.A_HL	2B2X.HL.A_A	VA50T,EA64K,QA238S,YA262N,WA300Q	3.120451
2B2X.HL.A_HL	2B2X.HL.A_A	VA50T,EA64K,QA238S,YA262N,WA300Q,FA243Y	1.915090
2B2X.HL.A_HL	2B2X.HL.A_A	VA50T,EA64K,QA238S,YA262N,YA58E	3.120451
2B2X.HL.A_HL	2B2X.HL.A_A	VA50T,EA64K,QA238S,YA262N,YA58Q	3.120451
2B2X.HL.A_HL	2B2X.HL.A_A	VA50T,EA64K,QA238S,YA262N,YA58W	1.864994
2B2X.HL.A_HL	2B2X.HL.A_A	VA50T,EA64K,QA238S,YA262N,YA59E	1.587932
2B2X.HL.A_HL	2B2X.HL.A_A	VA50T,EA64K,QA238S,YA262R	1.888900
2B2X.HL.A_HL	2B2X.HL.A_A	VA50T,EA64K,YA262N	0.281861
2B2X.HL.A_HL	2B2X.HL.A_A	VA50T,EA64N,QA238S,YA262N	1.007393
2B2X.HL.A_HL	2B2X.HL.A_A	VA50T,EA64Q,QA238S,YA262N	0.966032
2B2X.HL.A_HL	2B2X.HL.A_A	VA50T,EA64Q,QA238S,YA262N,LA60D	1.086690
2B2X.HL.A_HL	2B2X.HL.A_A	VA50T,QA238S,YA262N	0.966032
2B2X.HL.A_HL	2B2X.HL.A_A	VA50T,QA238S,YA262N,LA60D	0.901817
2B2X.HL.A_HL	2B2X.HL.A_A	VA50T,YA262N	0.186451
2DVW.A.B_A	2DVW.A.B_B	DA37A,DA69A	0.191622
2DVW.A.B_A	2DVW.A.B_B	EB21A,EB22A	0.038346
2DVW.A.B_A	2DVW.A.B_B	RA39A,KA114A	2.362596
2DVW.A.B_A	2DVW.A.B_B	RB3A,RB4A,RB7A	2.790147
2DVW.A.B_A	2DVW.A.B_B	RB3A,RB7A	2.153378
2G2U.A.B_A	2G2U.A.B_B	DA79A,EB73M	-2.147248
2G2U.A.B_A	2G2U.A.B_B	DA79A,EB73M,FB142A	-0.691750
2G2U.A.B_A	2G2U.A.B_B	DA79A,EB73M,KB74A	-1.556968
2G2U.A.B_A	2G2U.A.B_B	DA79A,EB73M,KB74A,FB142A	-0.987378
2G2U.A.B_A	2G2U.A.B_B	EB73A,YB143A	-1.835504
2G2U.A.B_A	2G2U.A.B_B	EB73A,YB50A	-2.452515
2G2U.A.B_A	2G2U.A.B_B	EB73M,FB142A	0.322066
2G2U.A.B_A	2G2U.A.B_B	EB73M,FB142W,YB143F	-1.108092
2G2U.A.B_A	2G2U.A.B_B	EB73M,KB74A	0.473077
2G2U.A.B_A	2G2U.A.B_B	EB73M,KB74A,FB142A	1.483059
2G2U.A.B_A	2G2U.A.B_B	EB73M,SB130K	-2.809425
2G2U.A.B_A	2G2U.A.B_B	EB73M,SB130K,FB142W,YB143F	-2.016426
2G2U.A.B_A	2G2U.A.B_B	EB73M,SB130K,FB142W,YB143F,SB146M	-2.931834
2G2U.A.B_A	2G2U.A.B_B	EB73M,SB130K,SB146M	-3.509699
2G2U.A.B_A	2G2U.A.B_B	EB73M,YB143F	-1.592455
2G2U.A.B_A	2G2U.A.B_B	WB112A,YB143A	-0.409609
2G2U.A.B_A	2G2U.A.B_B	WB150A,YB143A	0.989123
2G2U.A.B_A	2G2U.A.B_B	YB50A,YB143A	-2.075722
2J0T.A.D_A	2J0T.A.D_D	CB1S,FB12Y	4.200530
2J0T.A.D_A	2J0T.A.D_D	TB2L,VB4S	3.470544
2J0T.A.D_A	2J0T.A.D_D	TB2L,VB4S,SB68A	5.286247
2J0T.A.D_A	2J0T.A.D_D	TB2S,VB4A	1.250200
2J0T.A.D_A	2J0T.A.D_D	TB2S,VB4A,SB68Y	2.147248
2J0T.A.D_A	2J0T.A.D_D	VB69A,AB103V	0.701327
2KSO.A.B_A	2KSO.A.B_B	KA10D,DB25K	0.387420
2KSO.A.B_A	2KSO.A.B_B	KA10E,EB27K	0.643230
2KSO.A.B_A	2KSO.A.B_B	KA49D,DB36K	0.176107
2KSO.A.B_A	2KSO.A.B_B	RA43E,HB20E	0.454562
2KSO.A.B_A	2KSO.A.B_B	RA43E,HB20R	-0.821313
2NZ9.DC.A_DC	2NZ9.DC.A_A	SA29K,DA30Y,HA31D	-0.049968
2O3B.A.B_A	2O3B.A.B_B	QB74A,WB76A	5.755610
2P5E.ABC.DE_ABC	2P5E.ABC.DE_DE	TB52P,PB53F,AB243S,IB244V,QB245G,TB246M,LB96T,LB97S,DB98G,TB100S,LB288V	1.962705
2P5E.ABC.DE_ABC	2P5E.ABC.DE_DE	TB52Q,PB53S,WB54S,AB243G,IB244A,QB245G	4.409873
2P5E.ABC.DE_ABC	2P5E.ABC.DE_DE	TB52Q,PB53S,WB54S,AB243G,IB244A,QB245G,TB246I,LB96T,LB97S,DB98G,TB100S,LB288V	7.955882
2P5E.ABC.DE_ABC	2P5E.ABC.DE_DE	YB32D,TB52Q,PB53S,WB54S,AB243G,IB244A,QB245G,TB246I,LB96T,LB97S,DB98G,TB100S,LB288V	7.778085
2PCC.A.B_A	2PCC.A.B_B	AB86G,DA34A	-0.097802
2PCC.A.B_A	2PCC.A.B_B	AB86G,VA197A	2.102682
2PCC.A.B_A	2PCC.A.B_B	KB77A,EA290A	1.102177
2PCC.A.B_A	2PCC.A.B_B	KB77A,VA197A	2.800978
2PCC.A.B_A	2PCC.A.B_B	KB92A,DA34A	0.203012
2PCC.A.B_A	2PCC.A.B_B	KB92A,VA197A	1.501502
2QJ9.AB.C_AB	2QJ9.AB.C_C	AB43T,MB47L,KB48G,YB49L	-0.462206
2QJ9.AB.C_AB	2QJ9.AB.C_C	AB43T,MB47L,KB48G,YB49L,GB11H,DB15E,AB30T,IB31M	0.422872
2QJ9.AB.C_AB	2QJ9.AB.C_C	RB57K,TB59S,IB61K,PB62A,HB63Q,QB64L,SB67T	-0.729986
2QJB.AB.C_AB	2QJB.AB.C_C	HB11G,EB15D,TB30A,MB31I	-0.885079
2QJB.AB.C_AB	2QJB.AB.C_C	RB57K,TB59S,IB61K,PB62A,HB63Q,QB64L,SB67T,TB43A,LB47M,GB48K,LB49Y,HB11G,EB15D,TB30A,MB31I	-1.152858
2QJB.AB.C_AB	2QJB.AB.C_C	TB43A,LB47M,GB48K,LB49Y,HB11G,EB15D,TB30A,MB31I	-0.422872
2WPT.A.B_A	2WPT.A.B_B	DA29E,DA30L,NA31V,RA35T,EA36H,RA39E,LA40M	-6.354466
2WPT.A.B_A	2WPT.A.B_B	DA29E,DA30L,NA31V,RA35T,EA36H,RA39E,LA40M,DA45S,RA54K,DA55E,DA56G,RA57D,EA58D	-5.201869
2WPT.A.B_A	2WPT.A.B_B	DA30A,FB79A	-0.164686
2WPT.A.B_A	2WPT.A.B_B	DA30L,NA31V,RA35T	-6.336046
2WPT.A.B_A	2WPT.A.B_B	EA14Q,FA15L,KA17T,KA18T,RA21N,EA23D,GA24T,AA25S,TA26S	-0.068271
2WPT.A.B_A	2WPT.A.B_B	EA14Q,FA15L,KA17T,KA18T,RA21N,EA23D,GA24T,AA25S,TA26S,DA29E,DA30L,NA31V,RA35T,EA36H,RA39E,LA40M	-8.575867
2WPT.A.B_A	2WPT.A.B_B	EA14Q,FA15L,KA17T,KA18T,RA21N,EA23D,GA24T,AA25S,TA26S,DA29E,DA30L,NA31V,RA35T,EA36H,RA39E,LA40M,DA45S,RA54K,DA55E,DA56G,RA57D,EA58D	-7.979383
2WPT.A.B_A	2WPT.A.B_B	EA14Q,FA15L,KA17T,KA18T,RA21N,EA23D,GA24T,AA25S,TA26S,DA29E,DA30L,NA31V,RA35T,EA36H,RA39E,LA40M,DA45S,RA54K,DA55E,DA56G,RA57D,EA58D,EA62S,KA66N,EA67T,IA68V,EA70Q	-8.058494
2WPT.A.B_A	2WPT.A.B_B	EA23D,GA24T,AA25S,TA26S,DA29E,DA30L,NA31V,RA35T,EA36H,RA39E,LA40M	-6.635494
2WPT.A.B_A	2WPT.A.B_B	FB79A,DA30A	-0.132202
2WPT.A.B_A	2WPT.A.B_B	FB79A,NA31A	1.352202
2WPT.A.B_A	2WPT.A.B_B	FB79A,VA34A	3.112753
2WPT.A.B_A	2WPT.A.B_B	KA17T,KA18T,RA21N,EA23D,GA24T,AA25S,TA26S,DA29E,DA30L,NA31V,RA35T,EA36H,RA39E,LA40M	-8.267023
2WPT.A.B_A	2WPT.A.B_B	NA31V,RA35T	-2.588293
2WPT.A.B_A	2WPT.A.B_B	NA31V,RA35T,EA36H,RA39E	-2.998950
2WPT.A.B_A	2WPT.A.B_B	NA31V,RA35T,RA39E	-3.232964
2WPT.A.B_A	2WPT.A.B_B	SB77A,NA31A	-0.437255
3BDY.HL.V_HL	3BDY.HL.V_V	DA244N,PA246A,RA247K,SA248T,TA313S,TA314S	-0.953515
3BDY.HL.V_HL	3BDY.HL.V_V	DA244N,PA246A,RA247K,SA248T,TA313S,TA314S,KA31S,DA32G,TA55S,NA56E,GA101V,DA103V	-2.671876
3BDY.HL.V_HL	3BDY.HL.V_V	DA244N,PA246A,RA247K,SA248T,TA313S,TA314S,KA31S,DA32G,TA55S,NA56E,GA101V,DA103V,RA51A,RA60A	-2.728342
3BDY.HL.V_HL	3BDY.HL.V_V	DA244N,PA246A,RA247K,SA248T,YA273F,TA313S,TA314S	-0.973600
3BDY.HL.V_HL	3BDY.HL.V_V	DA244N,PA246A,RA247K,SA248T,YA273F,TA313S,TA314S,KA31S,DA32G,TA55S,NA56E,GA101V,DA103V	-2.728342
3D3V.ABC.DE_ABC	3D3V.ABC.DE_DE	EB230A,YA383A	3.900927
3D3V.ABC.DE_ABC	3D3V.ABC.DE_DE	EB230A,YA383F	2.573496
3D3V.ABC.DE_ABC	3D3V.ABC.DE_DE	LB297A,YA383A	4.390339
3EG5.A.B_A	3EG5.A.B_B	TB73N,SB74N,HB75N	1.053579
3EG5.A.B_A	3EG5.A.B_B	TB73N,SB74N,HB75N,HA104F	-1.327418
3G6D.LH.A_LH	3G6D.LH.A_A	EA3V,GA76R,TA77V,QA78E,EA80G	0.139880
3G6D.LH.A_LH	3G6D.LH.A_A	EA3V,GA76R,TA77V,QA78E,EA80G,DA264N	0.111228
3G6D.LH.A_LH	3G6D.LH.A_A	EA3V,GA76R,TA77V,QA78E,EA80G,FA313A,HA314A,WA315A	4.622350
3G6D.LH.A_LH	3G6D.LH.A_A	EA3V,GA76R,TA77V,QA78E,EA80G,TA89S,MA92I,VA93D,TA94K	0.271573
3G6D.LH.A_LH	3G6D.LH.A_A	KA420T,KA425T	-0.133007
3G6D.LH.A_LH	3G6D.LH.A_A	TA89S,MA92I,VA93D,TA94K	0.798334
3HFM.HL.Y_HL	3HFM.HL.Y_Y	DA32A,KB97A	4.594497
3HFM.HL.Y_HL	3HFM.HL.Y_Y	DA32A,KB97M	1.123952
3HFM.HL.Y_HL	3HFM.HL.Y_Y	DA32N,KB97A	4.893741
3HFM.HL.Y_HL	3HFM.HL.Y_Y	DA32N,KB97M	0.302640
3HFM.HL.Y_HL	3HFM.HL.Y_Y	NA246A,KB96A	7.471731
3HFM.HL.Y_HL	3HFM.HL.Y_Y	WA98A,KB96A	7.733495
3HFM.HL.Y_HL	3HFM.HL.Y_Y	WA98F,YB20A	6.231809
3HFM.HL.Y_HL	3HFM.HL.Y_Y	YA265A,KB96A	7.733495
3HFM.HL.Y_HL	3HFM.HL.Y_Y	YA265A,KB97A	7.322839
3HFM.HL.Y_HL	3HFM.HL.Y_Y	YA265A,RB21A	6.369324
3HFM.HL.Y_HL	3HFM.HL.Y_Y	YA265F,RB21A	4.332732
3HFM.HL.Y_HL	3HFM.HL.Y_Y	YA265F,YB20A	6.226447
3HFM.HL.Y_HL	3HFM.HL.Y_Y	YA311A,RB21A	5.759324
3HFM.HL.Y_HL	3HFM.HL.Y_Y	YA311F,RB21A	4.183840
3HFM.HL.Y_HL	3HFM.HL.Y_Y	YA33A,KB97A	7.231512
3HFM.HL.Y_HL	3HFM.HL.Y_Y	YA50A,RB21A	7.944808
3HG1.ABC.DE_ABC	3HG1.ABC.DE_DE	SB244F,VB245G,GB246P,IB247Y	-2.026550
3HG1.ABC.DE_ABC	3HG1.ABC.DE_DE	SB244W,VB245G,GB246P,IB247F	-1.774828
3HG1.ABC.DE_ABC	3HG1.ABC.DE_DE	SB244W,VB245G,GB246P,IB247F,GB293N,TB294L,EB296G,LB297W	-2.980065
3HG1.ABC.DE_ABC	3HG1.ABC.DE_DE	SB244W,VB245G,GB246P,IB247F,TB294M,EB296G,LB297W,FB298Q	-2.295326
3HG1.ABC.DE_ABC	3HG1.ABC.DE_DE	SB244Y,VB245G,GB246P,IB247F	-1.582030
3HG1.ABC.DE_ABC	3HG1.ABC.DE_DE	SB244Y,VB245G,GB246P,IB247F,GB293N,TB294L,EB296G,LB297W	-2.854875
3HG1.ABC.DE_ABC	3HG1.ABC.DE_DE	SB244Y,VB245G,GB246P,IB247F,TB294M,EB296G,LB297W,FB298Q	-1.490704
3HG1.ABC.DE_ABC	3HG1.ABC.DE_DE	SB244Y,VB245G,GB246P,IB247Y	-1.730922
3LZF.AB.HL_AB	3LZF.AB.HL_HL	DA187E,DA222G	0.127443
3MZG.A.B_A	3MZG.A.B_B	HA167A,HB188A	2.654328
3MZW.A.B_A	3MZW.A.B_B	NB18T,AB37S,AB41S,AB49S	-0.113191
3MZW.A.B_A	3MZW.A.B_B	NB18T,AB37S,AB41S,LB46T	-0.145223
3MZW.A.B_A	3MZW.A.B_B	NB18T,AB37S,AB41S,LB46Y	-0.053896
3MZW.A.B_A	3MZW.A.B_B	NB18T,AB49S	0.094995
3MZW.A.B_A	3MZW.A.B_B	NB18T,DB31A	0.708122
3MZW.A.B_A	3MZW.A.B_B	NB18T,DB31K	1.218948
3MZW.A.B_A	3MZW.A.B_B	NB18T,DB32E	0.213883
3MZW.A.B_A	3MZW.A.B_B	NB18T,EB42A	-0.338020
3MZW.A.B_A	3MZW.A.B_B	NB18T,LB46T	-0.179087
3MZW.A.B_A	3MZW.A.B_B	NB18T,LB46Y	-0.026336
3MZW.A.B_A	3MZW.A.B_B	NB18T,NB38E,AB49S	0.137331
3MZW.A.B_A	3MZW.A.B_B	NB18T,SB28A	-0.215004
3MZW.A.B_A	3MZW.A.B_B	NB18T,SB28K	-0.215004
3MZW.A.B_A	3MZW.A.B_B	NB1A,NB18T	0.342483
3MZW.A.B_A	3MZW.A.B_B	NB1A,NB18T,AB37S,AB41S,AB49S	-0.028794
3MZW.A.B_A	3MZW.A.B_B	NB1A,NB18T,SB28K,AB37S,AB41S,AB49S	-0.215004
3MZW.A.B_A	3MZW.A.B_B	NB1A,NB18T,SB28K,AB37S,AB41S,EB42A,AB49S	-0.234122
3MZW.A.B_A	3MZW.A.B_B	NB1A,NB18T,SB28K,AB37S,NB38E,AB41S,AB49S	0.219433
3MZW.A.B_A	3MZW.A.B_B	NB1A,NB18T,SB28K,DB31A,AB37S,AB41S,AB49S	0.448087
3MZW.A.B_A	3MZW.A.B_B	NB1A,NB18T,SB28K,DB32E,AB37S,AB41S,AB49S	-0.679910
3MZW.A.B_A	3MZW.A.B_B	NB1E,NB18T	0.384321
3MZW.A.B_A	3MZW.A.B_B	NB1E,NB18T,AB37S,AB41S,AB49S	0.281666
3NGB.HL.G_HL	3NGB.HL.G_G	AA57G,VA58T,PA63K,VA74T	1.674171
3NGB.HL.G_HL	3NGB.HL.G_G	CA32S,CA102A	0.259114
3NGB.HL.G_HL	3NGB.HL.G_G	IA30T,KA52N,RA54N,GA55S,AA57G,VA58T,RA62Q,PA63K,VA74T,YA75S,YA250S	0.862531
3NGB.HL.G_HL	3NGB.HL.G_G	TA33Y,GA56S,AA57G,VA58T,PA63K,VA74T,YA75S	1.939062
3QDG.ABC.DE_ABC	3QDG.ABC.DE_DE	DB26W,LB294W	-3.354783
3QDG.ABC.DE_ABC	3QDG.ABC.DE_DE	DB26Y,LB294W	-3.543451
3S9D.A.B_A	3S9D.A.B_B	AA43H,AA44E,AA47Q	-0.008713
3S9D.A.B_A	3S9D.A.B_B	AA43Y,AA44N,AA47S	-0.190819
3S9D.A.B_A	3S9D.A.B_B	DB91A,FA20A	2.384828
3S9D.A.B_A	3S9D.A.B_B	DB91A,LA124A	3.021426
3S9D.A.B_A	3S9D.A.B_B	DB91A,LA19A	2.944376
3S9D.A.B_A	3S9D.A.B_B	DB91A,RA115A	3.672301
3S9D.A.B_A	3S9D.A.B_B	DB91A,SA123A	2.678943
3S9D.A.B_A	3S9D.A.B_B	EB66A,AA116G	5.041269
3S9D.A.B_A	3S9D.A.B_B	EB66A,LA124A	3.769789
3S9D.A.B_A	3S9D.A.B_B	EB66A,LA23A	6.058160
3S9D.A.B_A	3S9D.A.B_B	EB66A,LA8A	4.092513
3S9D.A.B_A	3S9D.A.B_B	EB66A,MA119A	4.980968
3S9D.A.B_A	3S9D.A.B_B	EB66A,RA115A	4.658608
3S9D.A.B_A	3S9D.A.B_B	EB66A,RA120A	3.632457
3S9D.A.B_A	3S9D.A.B_B	EB66A,SA123A	3.543701
3S9D.A.B_A	3S9D.A.B_B	HB65A,LA124A	2.939418
3S9D.A.B_A	3S9D.A.B_B	HB65A,LA19A	3.056493
3S9D.A.B_A	3S9D.A.B_B	HB65A,LA8A	4.016778
3S9D.A.B_A	3S9D.A.B_B	HB65A,RA120A	3.846340
3S9D.A.B_A	3S9D.A.B_B	HB65A,RA5A	2.214390
3S9D.A.B_A	3S9D.A.B_B	HB65A,SA123A	1.135685
3S9D.A.B_A	3S9D.A.B_B	IB34A,AA116G	4.474027
3S9D.A.B_A	3S9D.A.B_B	IB34A,LA124A	3.561387
3S9D.A.B_A	3S9D.A.B_B	IB34A,MA119A	4.235052
3S9D.A.B_A	3S9D.A.B_B	IB34A,RA115A	4.271188
3S9D.A.B_A	3S9D.A.B_B	IB34A,RA120A	5.001758
3S9D.A.B_A	3S9D.A.B_B	IB34A,SA123A	3.006797
3S9D.A.B_A	3S9D.A.B_B	IB90A,FA20A	2.816274
3S9D.A.B_A	3S9D.A.B_B	IB90A,LA124A	3.346746
3S9D.A.B_A	3S9D.A.B_B	IB90A,LA19A	3.035703
3S9D.A.B_A	3S9D.A.B_B	IB90A,LA23A	5.449532
3S9D.A.B_A	3S9D.A.B_B	IB90A,LA8A	3.740474
3S9D.A.B_A	3S9D.A.B_B	IB90A,MA119A	4.035335
3S9D.A.B_A	3S9D.A.B_B	IB90A,RA115A	3.525470
3S9D.A.B_A	3S9D.A.B_B	IB90A,RA120A	4.908470
3S9D.A.B_A	3S9D.A.B_B	IB90A,SA123A	3.256808
3S9D.A.B_A	3S9D.A.B_B	MB35V,AA116G	5.300298
3S9D.A.B_A	3S9D.A.B_B	MB35V,LA124A	4.533203
3S9D.A.B_A	3S9D.A.B_B	MB35V,LA19A	4.316719
3S9D.A.B_A	3S9D.A.B_B	MB35V,LA23A	7.113939
3S9D.A.B_A	3S9D.A.B_B	MB35V,LA8A	4.427435
3S9D.A.B_A	3S9D.A.B_B	MB35V,MA119A	5.456684
3S9D.A.B_A	3S9D.A.B_B	MB35V,RA115A	3.705093
3S9D.A.B_A	3S9D.A.B_B	MB35V,RA120A	6.066684
3S9D.A.B_A	3S9D.A.B_B	MB35V,SA123A	4.080544
3S9D.A.B_A	3S9D.A.B_B	RA120A,EB66A	3.602474
3S9D.A.B_A	3S9D.A.B_B	TB33A,AA116G	4.351393
3S9D.A.B_A	3S9D.A.B_B	TB33A,FA20A	3.021426
3S9D.A.B_A	3S9D.A.B_B	TB33A,LA124A	3.312391
3S9D.A.B_A	3S9D.A.B_B	TB33A,LA19A	3.394809
3S9D.A.B_A	3S9D.A.B_B	TB33A,LA23A	5.961370
3S9D.A.B_A	3S9D.A.B_B	TB33A,LA8A	3.578561
3S9D.A.B_A	3S9D.A.B_B	TB33A,MA119A	4.463985
3S9D.A.B_A	3S9D.A.B_B	TB33A,RA115A	4.048243
3S9D.A.B_A	3S9D.A.B_B	TB33A,RA120A	5.268608
3S9D.A.B_A	3S9D.A.B_B	TB33A,SA123A	3.063263
3S9D.A.B_A	3S9D.A.B_B	WB87A,LA124A	2.944376
3S9D.A.B_A	3S9D.A.B_B	WB87A,LA8A	3.076578
3S9D.A.B_A	3S9D.A.B_B	WB87A,MA119A	3.846340
3S9D.A.B_A	3S9D.A.B_B	WB87A,RA5A	2.340922
3S9D.A.B_A	3S9D.A.B_B	WB87A,SA123A	2.751579
3SE3.B.A_B	3SE3.B.A_A	YA43A,NA44A,SA47A	0.590210
3SE3.B.A_B	3SE3.B.A_A	YA43A,NA44E,SA47Q	1.917588
3SE3.B.A_B	3SE3.B.A_A	YA43H,NA44A,SA47Q	1.445153
3SE3.B.A_B	3SE3.B.A_A	YA43H,NA44E,SA47A	1.823857
3SE3.B.A_B	3SE3.B.A_A	YA43H,NA44E,SA47Q	2.457735
3SE3.B.A_B	3SE3.B.A_A	YA43H,NA44E,SA47Q,DA57A	2.440573
3SE3.B.A_B	3SE3.B.A_A	YA43H,NA44E,SA47Q,EA82A	2.762209
3SE3.B.A_B	3SE3.B.A_A	YA43H,NA44E,SA47Q,FA50A	2.851211
3SE3.B.A_B	3SE3.B.A_A	YA43H,NA44E,SA47Q,IA88A	2.327090
3SE3.B.A_B	3SE3.B.A_A	YA43H,NA44E,SA47Q,KA103A	2.681513
3SE3.B.A_B	3SE3.B.A_A	YA43H,NA44E,SA47Q,KA56A	2.696376
3SE3.B.A_B	3SE3.B.A_A	YA43H,NA44E,SA47Q,KA69A	2.365710
3SE3.B.A_B	3SE3.B.A_A	YA43H,NA44E,SA47Q,KA93A	2.610770
3SE3.B.A_B	3SE3.B.A_A	YA43H,NA44E,SA47Q,LA66A	3.417199
3SE3.B.A_B	3SE3.B.A_A	YA43H,NA44E,SA47Q,LA89A	2.898187
3SE3.B.A_B	3SE3.B.A_A	YA43H,NA44E,SA47Q,NA51A	3.094895
3SE3.B.A_B	3SE3.B.A_A	YA43H,NA44E,SA47Q,NA79A	2.828854
3SE3.B.A_B	3SE3.B.A_A	YA43H,NA44E,SA47Q,QA48A	2.491100
3SE3.B.A_B	3SE3.B.A_A	YA43H,NA44E,SA47Q,QA76A	2.349531
3SE3.B.A_B	3SE3.B.A_A	YA43H,NA44E,SA47Q,RA92A	2.836359
3SE3.B.A_B	3SE3.B.A_A	YA43H,NA44E,SA47Q,RA92K	2.610770
3SE3.B.A_B	3SE3.B.A_A	YA43H,NA44E,SA47Q,SA54A	2.546542
3SE3.B.A_B	3SE3.B.A_A	YA43H,NA44E,SA47Q,SA59A	2.776366
3SE3.B.A_B	3SE3.B.A_A	YA43H,NA44E,SA47Q,TA55A	2.910576
3SE3.B.A_B	3SE3.B.A_A	YA43H,NA44E,SA47Q,TA65A	2.359670
3SE3.B.A_B	3SE3.B.A_A	YA43H,NA44E,SA47Q,TA72A	2.742509
3SE3.B.A_B	3SE3.B.A_A	YA43H,NA44E,SA47Q,VA85A	2.488124
3SE3.B.A_B	3SE3.B.A_A	YA43H,NA44E,SA47Q,YA71A	2.985851
3SE3.B.A_B	3SE3.B.A_A	YA43H,NA44E,SA47Q,YA75A	3.127030
3SE3.B.A_B	3SE3.B.A_A	YA43M,NA44D,SA47L	0.713296
3SE3.B.C_B	3SE3.B.C_C	YA43A,NA44A,SA47A	0.173393
3SE3.B.C_B	3SE3.B.C_C	YA43H,NA44E,SA47Q	0.190819
3SGB.E.I_E	3SGB.E.I_I	AB9D,GB26A	1.081065
3SGB.E.I_E	3SGB.E.I_I	AB9D,GB26A,NB27S	2.183827
3SGB.E.I_E	3SGB.E.I_I	AB9D,LB12A	2.619663
3SGB.E.I_E	3SGB.E.I_I	AB9D,LB12A,YB14D	5.768520
3SGB.E.I_E	3SGB.E.I_I	AB9G,LB12M,LB17V,KB23I,EB37K	3.229379
3SGB.E.I_E	3SGB.E.I_I	AB9G,TB11M,LB12M,YB14R,RB15L,GB26N,NB27D,SB45N,KB49E	8.009047
3SGB.E.I_E	3SGB.E.I_I	AB9R,LB12R	5.148537
3SGB.E.I_E	3SGB.E.I_I	AB9R,TB11K,LB12R	6.780235
3SGB.E.I_E	3SGB.E.I_I	AB9R,TB11K,LB12R,EB13S	7.194702
3SGB.E.I_E	3SGB.E.I_I	AB9R,TB11K,LB12R,RB15L	6.982303
3SGB.E.I_E	3SGB.E.I_I	AB9R,TB11P,LB12R	8.567927
3SGB.E.I_E	3SGB.E.I_I	AB9T,LB12M	0.476378
3SGB.E.I_E	3SGB.E.I_I	AB9V,TB11S	1.607690
3SGB.E.I_E	3SGB.E.I_I	AB9V,TB11S,RB15M,NB22S,KB23Q,GB26S,KB28E,EB37D	4.481256
3SGB.E.I_E	3SGB.E.I_I	DB1N,EB4D,AB9V,TB11S,EB13L,RB15M,VB36A,EB37D	2.639218
3SGB.E.I_E	3SGB.E.I_I	DB1N,EB4G,LB12M,RB15M,EB37D,KB49E	0.019533
3SGB.E.I_E	3SGB.E.I_I	EB4D,AB9V,EB13D,RB15M,GB26S,EB37D,LB42I,KB49R	1.086378
3SGB.E.I_E	3SGB.E.I_I	EB4D,AB9V,EB13D,RB15M,KB23T,GB26S,EB37D,LB42I	1.197034
3SGB.E.I_E	3SGB.E.I_I	EB4D,AB9V,TB11P,EB13D,RB15M,NB22S,GB26S,NB39S,SB45R	2.538846
3SGB.E.I_E	3SGB.E.I_I	EB4D,AB9V,TB11S,EB13D,RB15M,KB23T,GB26N,NB30I,EB37D,LB42I	4.261294
3SGB.E.I_E	3SGB.E.I_I	EB4D,AB9V,TB11S,RB15M,NB22S,GB26N,NB30D,SB45G	3.893831
3SGB.E.I_E	3SGB.E.I_I	EB4D,AB9V,TB11S,RB15M,NB22S,GB26S,EB37D	3.204720
3SGB.E.I_E	3SGB.E.I_I	EB4D,AB9V,TB11S,RB15M,NB22S,GB26S,EB37D,TB43I	3.005969
3SGB.E.I_E	3SGB.E.I_I	EB4D,AB9V,TB11S,RB15M,NB22S,GB26S,NB30D,EB37D	3.366955
3SGB.E.I_E	3SGB.E.I_I	EB4D,AB9V,TB11S,RB15M,NB22S,GB26S,NB30D,EB37D,TB43N	3.336922
3SGB.E.I_E	3SGB.E.I_I	EB4D,AB9V,TB11S,RB15M,NB22S,GB26S,NB30D,VB35F,EB37D,TB43S	3.307779
3SGB.E.I_E	3SGB.E.I_I	EB4D,AB9V,TB11S,RB15M,NB22S,GB26S,VB36A,EB37D	2.619663
3SGB.E.I_E	3SGB.E.I_I	EB4D,AB9V,TB11S,RB15M,VB36A,EB37D	1.504916
3SGB.E.I_E	3SGB.E.I_I	EB4D,AB9V,TB11S,YB14D,RB15M,NB22S,GB26S,EB37D	4.871827
3SGB.E.I_E	3SGB.E.I_I	EB4D,AB9V,YB14D,RB15M,KB23I,GB26H,NB30Y,VB36A,EB37H,LB44F	2.326881
3SGB.E.I_E	3SGB.E.I_I	EB4D,AB9V,YB14E,RB15M,EB37D	1.713876
3SGB.E.I_E	3SGB.E.I_I	EB4D,KB7M,LB12M,LB17V	0.077454
3SGB.E.I_E	3SGB.E.I_I	EB4D,KB7Q,AB9V,TB11M,LB12G,EB13D,RB15M,NB22S,GB26S,EB37D,SB45N	5.824453
3SGB.E.I_E	3SGB.E.I_I	EB4D,KB7R,AB9D,RB15M,EB37D	-0.288468
3SGB.E.I_E	3SGB.E.I_I	EB4D,KB7R,AB9V,EB13D,RB15M,GB26S,EB37D,LB42I,KB49R	-0.081480
3SGB.E.I_E	3SGB.E.I_I	EB4D,LB12F,RB15M,EB37D	0.779314
3SGB.E.I_E	3SGB.E.I_I	EB4D,LB12M,RB15M,EB37D	0.476378
3SGB.E.I_E	3SGB.E.I_I	EB4D,LB12M,RB15M,GB26D,EB37D	1.972751
3SGB.E.I_E	3SGB.E.I_I	EB4D,LB12V,RB15M,EB37D	3.034282
3SGB.E.I_E	3SGB.E.I_I	EB4D,LB12V,RB15M,GB26D,EB37D	4.029724
3SGB.E.I_E	3SGB.E.I_I	EB4D,RB15M,EB37D	0.077454
3SGB.E.I_E	3SGB.E.I_I	EB4D,RB15M,KB23Q,GB26S,NB30S,EB37D	1.695244
3SGB.E.I_E	3SGB.E.I_I	EB4D,RB15M,KB28R,EB37D	-0.141374
3SGB.E.I_E	3SGB.E.I_I	EB4D,RB15M,LB17F,NB22S,GB26S,EB37D	1.607690
3SGB.E.I_E	3SGB.E.I_I	EB4D,TB11L,RB15M,GB26D,NB30S,EB37D,TB43S	3.770815
3SGB.E.I_E	3SGB.E.I_I	EB4D,TB11R,LB12M,RB15M,EB37D	2.383407
3SGB.E.I_E	3SGB.E.I_I	EB4D,TB11S,EB13D,RB15M,NB22S,GB26S,EB37D,GB48E	4.671950
3SGB.E.I_E	3SGB.E.I_I	EB4D,YB5H,AB9V,TB11S,RB15M,NB22S,GB26S,NB30D	4.011034
3SGB.E.I_E	3SGB.E.I_I	EB4D,YB5H,TB11L,LB12Q,YB14Q,RB15K,GB26D,NB30S,EB37D	7.459469
3SGB.E.I_E	3SGB.E.I_I	EB4D,YB5H,TB11L,LB12Q,YB14Q,RB15K,LB17I,GB26D,NB30S,EB37D	7.429435
3SGB.E.I_E	3SGB.E.I_I	EB4G,KB7Q,PB8S,TB11P,LB12Q,EB13D,RB15V,LB17F,GB26S,VB36A,EB37D	4.233259
3SGB.E.I_E	3SGB.E.I_I	EB4G,KB7Q,TB11S,RB15V,LB17F,GB26S,NB30D,VB36A,EB37D	3.182076
3SGB.E.I_E	3SGB.E.I_I	EB4G,LB12M,RB15M,EB37D	0.910983
3SGB.E.I_E	3SGB.E.I_I	EB4G,LB12M,RB15M,EB37D,KB49E	0.183531
3SGB.E.I_E	3SGB.E.I_I	EB4G,LB12M,YB14S,LB17I,KB23T,GB26S,HB46Y,FB47P,KB49V	3.691053
3SGB.E.I_E	3SGB.E.I_I	KB7R,AB9R,TB11K,LB12R	5.593154
3SGB.E.I_E	3SGB.E.I_I	KB7R,PB8F,AB9R,TB11K,LB12R	5.736031
3SGB.E.I_E	3SGB.E.I_I	KB7S,PB8D,AB9Y	-4.137708
3SGB.E.I_E	3SGB.E.I_I	KB7S,PB8D,AB9Y,LB12G,EB13I,RB15K	0.095615
3SGB.E.I_E	3SGB.E.I_I	KB7T,PB8E,AB9Y	-3.857900
3SGB.E.I_E	3SGB.E.I_I	KB7T,PB8E,AB9Y,LB12G,RB15M,GB26P,NB30V	1.847206
3SGB.E.I_E	3SGB.E.I_I	LB12I,GB26D	5.845427
3SGB.E.I_E	3SGB.E.I_I	LB12M,GB26D	2.275154
3SGB.E.I_E	3SGB.E.I_I	LB12M,HB46R	0.501037
3SGB.E.I_E	3SGB.E.I_I	LB12M,HB46R,KB49E	-0.116685
3SGB.E.I_E	3SGB.E.I_I	LB12M,LB17V,KB23I,EB37K	0.819656
3SGB.E.I_E	3SGB.E.I_I	LB12M,NB30D,SB45N	1.096864
3SGB.E.I_E	3SGB.E.I_I	LB12M,SB45N	0.453734
3SGB.E.I_E	3SGB.E.I_I	LB12M,SB45N,HB46R,KB49Q	0.227957
3SGB.E.I_E	3SGB.E.I_I	LB12M,TB24S,GB26D	2.326881
3SGB.E.I_E	3SGB.E.I_I	LB12M,TB43N,KB49T	0.277627
3SGB.E.I_E	3SGB.E.I_I	LB12M,YB14Q	3.776484
3SGB.E.I_E	3SGB.E.I_I	LB12S,RB15V,LB17I	4.481256
3SGB.E.I_E	3SGB.E.I_I	NB22S,GB26A	1.330113
3SGB.E.I_E	3SGB.E.I_I	PB8S,AB9L,TB11K,LB12R	4.974818
3SGB.E.I_E	3SGB.E.I_I	PB8S,AB9R,TB11P,LB12R	8.217128
3SGB.E.I_E	3SGB.E.I_I	RB15M,KB23Q,GB26S,EB37D	2.104953
3SGB.E.I_E	3SGB.E.I_I	RB15V,LB17I	0.168781
3SGB.E.I_E	3SGB.E.I_I	TB11K,LB12R	5.307283
3SGB.E.I_E	3SGB.E.I_I	TB11M,LB12S,GB26V	6.909814
3SGB.E.I_E	3SGB.E.I_I	TB11P,LB12K	6.320305
3SGB.E.I_E	3SGB.E.I_I	TB11P,LB12K,EB13D,LB17V,GB26S,SB45N	5.055224
3SGB.E.I_E	3SGB.E.I_I	TB11P,LB12K,EB13D,LB17V,SB45N	4.912169
3SGB.E.I_E	3SGB.E.I_I	TB11P,LB12K,EB13D,LB17V,SB45N,HB46R	4.833295
3SGB.E.I_E	3SGB.E.I_I	TB11P,LB12K,GB26D	6.543063
3SGB.E.I_E	3SGB.E.I_I	TB11R,LB12R	5.552076
3SGB.E.I_E	3SGB.E.I_I	YB5H,EB13D,LB17I,NB22S,GB26S,NB30D,VB36M,EB37D	2.326881
3SGB.E.I_E	3SGB.E.I_I	YB5H,YB14D,TB24I,GB26S,NB30D,VB36L	5.612886
3UIH.A.P_A	3UIH.A.P_P	KA58Y,HA76W	-1.072402
3UII.A.P_A	3UII.A.P_P	KA58Y,HA76W	0.034522
4FTV.ABC.DE_ABC	4FTV.ABC.DE_DE	DB93A,RA65A	1.163969
4FTV.ABC.DE_ABC	4FTV.ABC.DE_DE	EA63Q,DB93A	-0.004540
4FTV.ABC.DE_ABC	4FTV.ABC.DE_DE	EA63Q,DB93A,KA66A	1.855068
4FTV.ABC.DE_ABC	4FTV.ABC.DE_DE	EA63Q,KA66A	1.331636
4FTV.ABC.DE_ABC	4FTV.ABC.DE_DE	KB66A,TA163A	-2.130459
4FTV.ABC.DE_ABC	4FTV.ABC.DE_DE	MB298A,AB300G,QB301R	3.619436
4FTV.ABC.DE_ABC	4FTV.ABC.DE_DE	MB298A,QB301E	0.506200
4FTV.ABC.DE_ABC	4FTV.ABC.DE_DE	MB298A,SB299G,AB300G,QB301R	3.960311
4FTV.ABC.DE_ABC	4FTV.ABC.DE_DE	SB299G,AB300G,QB301R	3.651468
4G0N.A.B_A	4G0N.A.B_B	FB8W,NB18R	-0.287640
4G0N.A.B_A	4G0N.A.B_B	FB8W,NB18R,VB35I	0.363235
4G0N.A.B_A	4G0N.A.B_B	FB8W,RB14L,NB18R,VB35I	0.603454
4G0N.A.B_A	4G0N.A.B_B	FB8W,RB14L,VB16E,NB18R,KB31R,VB35I	3.604047
4G0N.A.B_A	4G0N.A.B_B	FB8W,VB16E,NB18R,VB35I	1.818733
4G0N.A.B_A	4G0N.A.B_B	KB31A,DA33A	2.613789
4G0N.A.B_A	4G0N.A.B_B	KB31A,EA31A	2.032993
4G0N.A.B_A	4G0N.A.B_B	KB31A,EA37A	3.387531
4G0N.A.B_A	4G0N.A.B_B	KB31A,RB36G	5.358625
4G0N.A.B_A	4G0N.A.B_B	NB11A,RA41A	-0.580602
4G0N.A.B_A	4G0N.A.B_B	NB11A,VA45A	0.000000
4G0N.A.B_A	4G0N.A.B_B	NB18R,AB32K	-1.279391
4G0N.A.B_A	4G0N.A.B_B	QB13A,RA41A	1.258514
4G0N.A.B_A	4G0N.A.B_B	QB13A,SA39A	2.032993
4G0N.A.B_A	4G0N.A.B_B	QB13A,VA45A	1.551360
4G0N.A.B_A	4G0N.A.B_B	RB14A,SA39A	2.226851
4G0N.A.B_A	4G0N.A.B_B	RB14A,VA45A	1.742959
4G0N.A.B_A	4G0N.A.B_B	RB6A,DA33A	2.516607
4G0N.A.B_A	4G0N.A.B_B	RB6A,DA38A	4.451485
4G0N.A.B_A	4G0N.A.B_B	RB6A,EA31A	2.129756
4G0N.A.B_A	4G0N.A.B_B	RB6A,EA37A	2.323566
4G0N.A.B_A	4G0N.A.B_B	RB6A,IA36A	4.257757
4G0N.A.B_A	4G0N.A.B_B	RB6A,NB11D	3.421207
4G0N.A.B_A	4G0N.A.B_B	TA35A,AB32K	2.578799
4G0N.A.B_A	4G0N.A.B_B	TA35A,NB18R	2.099827
4G0N.A.B_A	4G0N.A.B_B	TA35A,NB18R,AB32K	1.967625
4G0N.A.B_A	4G0N.A.B_B	TB15A,DA38A	3.000671
4G0N.A.B_A	4G0N.A.B_B	TB15A,EA31A	1.551360
4G0N.A.B_A	4G0N.A.B_B	TB15A,EA37A	2.807084
4G0N.A.B_A	4G0N.A.B_B	TB15A,IA21A	2.129756
4G0N.A.B_A	4G0N.A.B_B	TB15A,IA36A	3.000671
4G0N.A.B_A	4G0N.A.B_B	TB15A,SA39A	1.937270
4G0N.A.B_A	4G0N.A.B_B	TB15A,VA45A	1.064969
4G0N.A.B_A	4G0N.A.B_B	VB16A,EA37A	2.710342
4G0N.A.B_A	4G0N.A.B_B	VB16A,IA21A	1.551360
4G0N.A.B_A	4G0N.A.B_B	VB16A,IA36A	2.613789
4G0N.A.B_A	4G0N.A.B_B	VB35A,HA27A	0.192551
4G0N.A.B_A	4G0N.A.B_B	VB35A,IA21A	0.290701
4G0N.A.B_A	4G0N.A.B_B	YA32C,CA116S	0.735655
4G0N.A.B_A	4G0N.A.B_B	YA32C,CA116S,AB32K	-0.641830
4G0N.A.B_A	4G0N.A.B_B	YA32C,CA116S,NB18R	-0.366751
4G0N.A.B_A	4G0N.A.B_B	YA32C,CA116S,NB18R,AB32K	-1.730922
4G2V.A.B_A	4G2V.A.B_B	RA198E,NA260R	2.284455
4GNK.A.B_A	4GNK.A.B_B	DA279A,PA281D	0.121331
4GNK.A.B_A	4GNK.A.B_B	KA294A,LB764A	-1.552840
4GNK.A.B_A	4GNK.A.B_B	LB764A,DA279A,PA281D	-1.723277
4JPK.HL.A_HL	4JPK.HL.A_A	DB159N,DB33N	0.619245
4KRO.A.B_A	4KRO.A.B_B	DA321T,FA323A	0.127028
4KRP.A.B_A	4KRP.A.B_B	DA277T,FA279A	0.358457
4L3E.ABC.DE_ABC	4L3E.ABC.DE_DE	NB52A,EA166A	1.091682
4L3E.ABC.DE_ABC	4L3E.ABC.DE_DE	RA65A,YB247A	3.809300
4L3E.ABC.DE_ABC	4L3E.ABC.DE_DE	RA65A,YB26A	4.440749
4L3E.ABC.DE_ABC	4L3E.ABC.DE_DE	YB26A,RA65A	4.370968
4L3E.ABC.DE_ABC	4L3E.ABC.DE_DE	YB26D,WB294L	3.543451
4L3E.ABC.DE_ABC	4L3E.ABC.DE_DE	YB50A,QA155A	1.090514
4MNQ.ABC.DE_ABC	4MNQ.ABC.DE_DE	AB93S,LB94G,PB95T,GB97K	0.923126
4MNQ.ABC.DE_ABC	4MNQ.ABC.DE_DE	HB250W,PB251E,EB252F,YB253E	0.259645
4MNQ.ABC.DE_ABC	4MNQ.ABC.DE_DE	HB250W,PB251E,EB252F,YB253E,AB93S,LB94G,PB95T,GB97K	0.897640
4MNQ.ABC.DE_ABC	4MNQ.ABC.DE_DE	IB249V,HB250G,PB251A,EB252G,YB253I	1.519609
4MNQ.ABC.DE_ABC	4MNQ.ABC.DE_DE	IB249V,HB250G,PB251A,EB252G,YB253I,AB93S,LB94G,PB95T,GB97K	5.821152
4MNQ.ABC.DE_ABC	4MNQ.ABC.DE_DE	KA380A,AB93S,LB94G,PB95T,GB97K	3.632457
4MNQ.ABC.DE_ABC	4MNQ.ABC.DE_DE	KA380A,HB250W,PB251E,EB252F,YB253E	4.942732
4MNQ.ABC.DE_ABC	4MNQ.ABC.DE_DE	KA380A,IB249V,HB250G,PB251A,EB252G,YB253I	4.247952
4MNQ.ABC.DE_ABC	4MNQ.ABC.DE_DE	LA382A,AB93S,LB94G,PB95T,GB97K	5.102495
4MNQ.ABC.DE_ABC	4MNQ.ABC.DE_DE	LA382A,HB250W,PB251E,EB252F,YB253E	4.389199
4MNQ.ABC.DE_ABC	4MNQ.ABC.DE_DE	LA382A,HB250W,PB251E,EB252F,YB253E,AB93S,LB94G,PB95T,GB97K	5.426296
4MNQ.ABC.DE_ABC	4MNQ.ABC.DE_DE	LA382A,IB249V,HB250G,PB251A,EB252G,YB253I	4.669893
4NKQ.C.AB_C	4NKQ.C.AB_AB	DA99K,DB499R	0.815236
4NKQ.C.AB_C	4NKQ.C.AB_AB	DA99K,KB502D	-0.501983
4NKQ.C.AB_C	4NKQ.C.AB_AB	DA99K,RB492D	0.176453
4NKQ.C.AB_C	4NKQ.C.AB_AB	DA99K,RB492D,KB502D	0.535559
4NKQ.C.AB_C	4NKQ.C.AB_AB	DB499A,TB500A,KB501A	0.353585
4NKQ.C.AB_C	4NKQ.C.AB_AB	DB588A,VB589A	2.076726
4NKQ.C.AB_C	4NKQ.C.AB_AB	DB588A,VB589A,RB590A,IB591A	-0.120233
4NKQ.C.AB_C	4NKQ.C.AB_AB	DB588Q,VB589Q	2.223105
4NKQ.C.AB_C	4NKQ.C.AB_AB	IB591A,LB592A	0.271429
4NKQ.C.AB_C	4NKQ.C.AB_AB	IB591Q,LB592Q	0.856203
4NKQ.C.AB_C	4NKQ.C.AB_AB	KB502A,IB503A,EB504A	-0.701327
4NKQ.C.AB_C	4NKQ.C.AB_AB	LB489A,TB490A,SB491A	0.110028
4NKQ.C.AB_C	4NKQ.C.AB_AB	RB492A,NB493A,YB494A	-0.331545
4NKQ.C.AB_C	4NKQ.C.AB_AB	RB492D,KB502D	1.313719
4NKQ.C.AB_C	4NKQ.C.AB_AB	YB531A,QB532A,KB533A,LB534A,SB535A,YB536A	-0.310756
4NKQ.C.AB_C	4NKQ.C.AB_AB	YB531A,YB536A	-0.627174
4OFY.A.D_A	4OFY.A.D_D	QA34A,FA40A	4.140707
4OFY.A.D_A	4OFY.A.D_D	QA34A,MA36A,FA40A,SA87A	4.461577
4RS1.A.B_A	4RS1.A.B_B	DA28K,DA92K	4.122902
4RS1.A.B_A	4RS1.A.B_B	EA25K,DA28K	4.122902
4RS1.A.B_A	4RS1.A.B_B	EA25K,DA92K	4.122902
4RS1.A.B_A	4RS1.A.B_B	LA95A,FA99A	4.122902
4RS1.A.B_A	4RS1.A.B_B	LB146A,TB147A,SB148A	-0.215934
4RS1.A.B_A	4RS1.A.B_B	NB116A,SB117A,KB118A,RB119A	-0.046389
4RS1.A.B_A	4RS1.A.B_B	RB47A,EB48A,HB52A	-0.546588
4RS1.A.B_A	4RS1.A.B_B	YB201A,YB206A	0.720931
4UYP.A.D_A	4UYP.A.D_D	AB18F,AB54F,SB15I,IB16N	4.680967
4UYP.A.D_A	4UYP.A.D_D	DB23Q,DB59Q,SB15I,IB16N	4.472781
4UYP.A.D_A	4UYP.A.D_D	IB51S,IB16N	1.974171
4UYP.A.D_A	4UYP.A.D_D	IB51S,NB52I,SB15I,IB16N	-0.211313
4UYP.A.D_A	4UYP.A.D_D	LB20Y,LB56Y,SB15I,IB16N	0.240219
4UYP.A.D_A	4UYP.A.D_D	NB52I,SB15I	3.837295
4UYP.A.D_A	4UYP.A.D_D	RB14N,KB50N,SB15I,IB16N	0.689111
4UYP.A.D_A	4UYP.A.D_D	SB15I,IB16N	-0.255218
4WND.A.B_A	4WND.A.B_B	RA201E,NA263R	3.857380
4X4M.AB.E_AB	4X4M.AB.E_E	KB153A,HB154A,RB155A	1.788142
4YFD.A.B_A	4YFD.A.B_B	EA207G,LA208S,RA209S,EA210G	-0.035917
4YFD.A.B_A	4YFD.A.B_B	EA207Q,RA209E,EA210Q	0.172612
4YH7.A.B_A	4YH7.A.B_B	EA207G,LA208S,RA209S,EA210G	-0.040875
4YH7.A.B_A	4YH7.A.B_B	EA207Q,RA209E,EA210Q	0.038236
4YH7.A.B_A	4YH7.A.B_B	MB45A,YB47A,PB58A,FB61A	1.733953
5CYK.A.B_A	5CYK.A.B_B	EB52R,EB47D	-2.315311
5CYK.A.B_A	5CYK.A.B_B	EB52R,TB50Q	-2.617951
5CYK.A.B_A	5CYK.A.B_B	EB52R,VB54W	-2.115968
5E9D.AB.CDE_AB	5E9D.AB.CDE_CDE	GB37E,AB218Y	-1.310463
5E9D.AB.CDE_AB	5E9D.AB.CDE_CDE	GB37E,TB100Q	-1.550681
5E9D.AB.CDE_AB	5E9D.AB.CDE_CDE	GB37E,TB100Q,AB218Y	-2.475290
5E9D.AB.CDE_AB	5E9D.AB.CDE_CDE	GB37E,TB100Q,VB169D,AB218E	-2.636398
5E9D.AB.CDE_AB	5E9D.AB.CDE_CDE	GB37E,VB169D	-1.202446
5E9D.AB.CDE_AB	5E9D.AB.CDE_CDE	GB37R,TB100Q,VB169E,AB218D	-3.126165
5E9D.AB.CDE_AB	5E9D.AB.CDE_CDE	GB37R,TB100Q,VB169E,AB218V	-2.759414
5E9D.AB.CDE_AB	5E9D.AB.CDE_CDE	TB100Q,AB218Y	-1.272227
5TAR.A.B_A	5TAR.A.B_B	TA183A,KA184E	2.730913
5UFQ.A.C_A	5UFQ.A.C_C	DA12G,QB25R,KB55G	1.513885
5UFQ.A.C_A	5UFQ.A.C_C	QB25R,KB55G	0.246358
