1A4Y_A	1A4Y_B	WA261A	0.1006063805906443
1A4Y_A	1A4Y_B	WA375A	1.0348412327905765
1A4Y_A	1A4Y_B	EA344A	0.178519836594301
1A4Y_A	1A4Y_B	YA434F	0.5575771876945907
1A4Y_A	1A4Y_B	WA263A	1.170784638271947
1A4Y_A	1A4Y_B	YA434A	3.2603738601208216
1A4Y_A	1A4Y_B	DA435A	3.4837901179692
1A4Y_A	1A4Y_B	WA318A	1.4999902762747832
1A4Y_A	1A4Y_B	RA457A	-0.2238733431043407
1A4Y_A	1A4Y_B	YA437A	0.8358916790228896
1A4Y_A	1A4Y_B	SA289A	0.0423147056193045
1A4Y_A	1A4Y_B	EA401A	0.8832892821147027
1A4Y_A	1A4Y_B	KA320A	-0.3098434393028242
1A4Y_A	1A4Y_B	IA459A	0.6790906364878461
1A4Y_A	1A4Y_B	YA437F	0.2451373913115802
1A4Y_A	1A4Y_B	HB84A	0.1703520668280376
1A4Y_A	1A4Y_B	KB40G	3.2351720176220624
1A4Y_A	1A4Y_B	RB5A	2.3081202693877465
1A4Y_A	1A4Y_B	HB13A	-0.296536049623306
1A4Y_A	1A4Y_B	EB108A	-0.3225623321016648
1A4Y_A	1A4Y_B	RB31A	0.2503963416825741
1A4Y_A	1A4Y_B	WB89A	0.2400977530654273
1A4Y_A	1A4Y_B	KB40Q	4.250288323419703
1A4Y_A	1A4Y_B	RB32A	0.9097928484168456
1A4Y_A	1A4Y_B	QB12A	0.3001140298124305
1A4Y_A	1A4Y_B	HB114A	0.6564989187287935
1A4Y_A	1A4Y_B	NB68A	0.1177503154404853
1A4Y_A	1A4Y_B	HB8A	0.9036602217884386
1AK4_A	1AK4_B	PB93A	2.0460484782066217
1AK4_A	1AK4_B	HB87R	3.0083601989953013
1AK4_A	1AK4_B	HB87A	2.37295805315554
1AK4_A	1AK4_B	AB88V	2.13286030009011
1AK4_A	1AK4_B	PB85A	2.4486550851628266
1AK4_A	1AK4_B	AB92V	1.7224104801966431
1AK4_A	1AK4_B	IB91A	1.6035825413109936
1AK4_A	1AK4_B	AB88G	4.016996102578333
1AK4_A	1AK4_B	GB89V	4.392941760129896
1AK4_A	1AK4_B	AB92G	1.9442866749670664
1AK4_A	1AK4_B	VB86A	2.3547364948605334
1AK4_A	1AK4_B	HB87Q	2.3359363787083702
1AK4_A	1AK4_B	PB90A	3.5354023574986417
1AK4_A	1AK4_B	IB91V	1.3634847882455636
1AK4_A	1AK4_B	GB89A	3.439906791777797
1B2S_A	1B2S_B	AA27K	-3.864350158924305
1B2S_A	1B2S_B	AB43T	-4.166151396743981
1B2U_A	1B2U_B	AA27K	-5.043489333088793
1B2U_A	1B2U_B	AB36D	-4.166151396743981
1BRS_A	1BRS_B	EA58A	0.0944460365287085
1BRS_A	1BRS_B	EA71C	2.527489313754817
1BRS_A	1BRS_B	HA100G	6.817423941227826
1BRS_A	1BRS_B	RA57K	2.4868718234257017
1BRS_A	1BRS_B	HA100D	4.548301787721975
1BRS_A	1BRS_B	EA71W	1.6564211069067412
1BRS_A	1BRS_B	HA100L	7.662496485079659
1BRS_A	1BRS_B	RA81Q	5.4172993901379405
1BRS_A	1BRS_B	EA71F	2.2340551775614266
1BRS_A	1BRS_B	WA33F	1.2596283269819324
1BRS_A	1BRS_B	EA71Y	2.412519068771428
1BRS_A	1BRS_B	EA71S	3.0089735122761176
1BRS_A	1BRS_B	HA100Q	4.548301787721975
1BRS_A	1BRS_B	EA71Q	1.4513722760373606
1BRS_A	1BRS_B	NA56A	3.089507324075856
1BRS_A	1BRS_B	YB29A	3.4687980787332435
1BRS_A	1BRS_B	TB42A	1.8566951901405384
1BRS_A	1BRS_B	WB38F	1.641799279573867
1BRS_A	1BRS_B	WB44F	0.0564382965578786
1BRS_A	1BRS_B	YB29F	-0.132135328565166
1CSE_A	1CSE_B	LB38D	4.350433681449669
1CSE_A	1CSE_B	LB38G	2.2488334837936126
1CSE_A	1CSE_B	LB38I	2.9409875695104866
1CSE_A	1CSE_B	LB38E	2.349579985314381
1CSE_A	1CSE_B	LB38S	1.1722287392442985
1CSE_A	1CSE_B	LB38P	6.67127645335119
1CT4_A	1CT4_B	VB13L	-2.997860793780033
1EAW_A	1EAW_B	TA144A	0.0894056741917026
1EAW_A	1EAW_B	DA214A	2.2280123870440565
1EAW_A	1EAW_B	FA92A	0.8915712901218367
1EAW_A	1EAW_B	YA141A	0.5019009328018527
1EAW_A	1EAW_B	FA89A	0.7282270437769274
1EAW_A	1EAW_B	DA91A	0.6541111980754817
1EAW_A	1EAW_B	RA48A	0.5873189040934879
1EAW_A	1EAW_B	IA45A	-0.1942602619391777
1EAW_A	1EAW_B	FA50A	-0.4285969168341221
1EAW_A	1EAW_B	YA52A	-0.0789009539196516
1EAW_A	1EAW_B	QA169A	-0.1330295959181544
1EAW_A	1EAW_B	IA26A	-0.8220922966245396
1EAW_A	1EAW_B	DA47A	1.5020192808795692
1EAW_A	1EAW_B	HA138A	-0.0144729139862604
1EAW_A	1EAW_B	QA23A	-0.5186505836683111
1EFN_A	1EFN_B	TA13H	1.2429228688538476
1EFN_A	1EFN_B	IA12A	1.4502966101290538
1F47_A	1F47_B	KA14A	-0.0426193899170961
1F47_A	1F47_B	YA5A	0.8689295482454922
1F47_A	1F47_B	DA7G	1.1387685212697871
1F47_A	1F47_B	FA11A	2.444252433508604
1F47_A	1F47_B	DA7A	1.732786408841286
1F47_A	1F47_B	IA8A	2.514979319506033
1F47_A	1F47_B	LA12A	2.2941716734520803
1F47_A	1F47_B	DA7S	2.063822508640781
1F47_A	1F47_B	DA4A	0.6911582373455776
1F47_A	1F47_B	PA9A	-0.0575358944989963
1F47_A	1F47_B	QA15A	-0.0455727821724947
1F47_A	1F47_B	LA6A	0.9249655467883962
1FC2_A	1FC2_B	YA10W	0.4104498198934649
1GC1_A	1GC1_B	QB33A	0.1052146055570144
1GC1_A	1GC1_B	KB46A	1.4302990134480849
1GC1_A	1GC1_B	SB60A	-0.0885458023895573
1GC1_A	1GC1_B	KB35A	0.3219040175039112
1GC1_A	1GC1_B	QB40A	-0.4104498198934649
1GC1_A	1GC1_B	NB32A	0.1825618585664354
1GC1_A	1GC1_B	TB45A	-0.1488168237822105
1GC1_A	1GC1_B	SB42A	0.0
1GC1_A	1GC1_B	RB59A	1.1753222384043518
1GC1_A	1GC1_B	LB44A	1.055488944574842
1GC1_A	1GC1_B	QB25A	0.0320161170021613
1GC1_A	1GC1_B	KB29A	0.5359688347135325
1GC1_A	1GC1_B	DB63A	-0.3191688906102499
1GC1_A	1GC1_B	NB52A	0.7079819234432936
1GC1_A	1GC1_B	EB85A	1.3226303889636168
1GC1_A	1GC1_B	HB27A	0.2824124586847354
1GC1_A	1GC1_B	QB64A	0.4424659368956298
1GC1_A	1GC1_B	SB23A	0.292534994403395
1GL0_A	1GL0_B	MB28K	-0.5693033910682619
1GL1_A	1GL1_B	LB29V	4.257093855643765
1IAR_A	1IAR_B	RA53Q	0.8353431343614393
1IAR_A	1IAR_B	QA8A	-0.0223480831455837
1IAR_A	1IAR_B	FA82D	-0.5803147176938648
1IAR_A	1IAR_B	WA91D	1.3059488937465673
1IAR_A	1IAR_B	QA78A	0.124779284655542
1IAR_A	1IAR_B	TA6D	1.3920278517745128
1IAR_A	1IAR_B	RA85E	1.223993415770776
1IAR_A	1IAR_B	RA88A	3.7528288874815807
1IAR_A	1IAR_B	WA91A	0.7291616252477553
1IAR_A	1IAR_B	QA78E	0.2449515008942047
1IAR_A	1IAR_B	IA5R	0.7956977972881756
1IAR_A	1IAR_B	KA84A	0.3448021010125046
1IAR_A	1IAR_B	KA12E	0.1394011119884162
1IAR_A	1IAR_B	IA5A	1.1707846382719451
1IAR_A	1IAR_B	KA84D	1.8791492136960457
1IAR_A	1IAR_B	QA8R	0.0389017052793203
1IAR_A	1IAR_B	TA13A	0.9780844882983252
1IAR_A	1IAR_B	FA82A	-0.0864271814544448
1IAR_A	1IAR_B	KA12S	-0.0148046190983937
1IAR_A	1IAR_B	RA85A	0.4266742298545552
1IAR_A	1IAR_B	TA6A	-0.1035922650362177
1IAR_A	1IAR_B	RA81A	0.4793826660310998
1IAR_A	1IAR_B	RA81E	1.4609989742393452
1IAR_A	1IAR_B	NA89A	1.5580097591384998
1IAR_A	1IAR_B	TA13D	-0.2185625100196091
1IAR_A	1IAR_B	EA9Q	3.111263236322809
1IAR_A	1IAR_B	RA88Q	2.827575957081772
1JCK_A	1JCK_B	YB90A	2.5948342479259647
1JCK_A	1JCK_B	KB103A	0.6762974524423493
1JCK_A	1JCK_B	FB176A	2.132860300090111
1JCK_A	1JCK_B	YB26A	1.7739346081390313
1JCK_A	1JCK_B	TB20A	1.6540090713122657
1JCK_A	1JCK_B	VB91A	2.2317820311243093
1JCK_A	1JCK_B	NB60A	1.641799279573867
1JTG_A	1JTG_B	QA74A	0.4293857000092753
1JTG_A	1JTG_B	VA78A	1.9097825126251613
1JTG_A	1JTG_B	MA104A	0.7384493296917629
1JTG_A	1JTG_B	VA190A	-0.4067372439725005
1JTG_A	1JTG_B	GA212S	-1.6311295509134285
1JTG_A	1JTG_B	EA79K	4.233259421962298
1JTG_A	1JTG_B	SA209A	1.2384592701602788
1JTG_A	1JTG_B	PA82A	-0.3825643399076011
1JTG_A	1JTG_B	EA143A	-0.0725454735794386
1JTG_A	1JTG_B	YA80A	-0.1682866516901349
1JTG_A	1JTG_B	NA75A	-0.4555758620072812
1JTG_A	1JTG_B	EA85A	4.059884794410223
1JTG_A	1JTG_B	TB140K	-0.0143850131246843
1JTG_A	1JTG_B	WB112A	3.0089966437403977
1JTG_A	1JTG_B	YB143A	0.3818377849685177
1JTG_A	1JTG_B	YB50A	-0.4067372439725005
1JTG_A	1JTG_B	DB163A	-1.3402600892186527
1JTG_A	1JTG_B	HB148A	2.746506323142203
1JTG_A	1JTG_B	RB160A	2.2210862582653434
1JTG_A	1JTG_B	DB163K	-1.9817669687114847
1JTG_A	1JTG_B	SB113A	-0.1682866516901349
1JTG_A	1JTG_B	WB150A	4.251421862409736
1JTG_A	1JTG_B	SB71A	0.3579091184487169
1JTG_A	1JTG_B	WB162A	2.3396489546293378
1JTG_A	1JTG_B	YB53A	2.076422003532233
1JTG_A	1JTG_B	FB36A	3.1998090387123685
1JTG_A	1JTG_B	HB41A	3.2480654583719684
1M9E_A	1M9E_B	AB76H	-2.37295805315554
1MAH_A	1MAH_B	FA287Y	0.7919900197272476
1MAH_A	1MAH_B	YA69N	5.2174270026893605
1MAH_A	1MAH_B	FA287I	2.06036958390061
1MAH_A	1MAH_B	FA285L	1.244947005000947
1MAH_A	1MAH_B	DA71N	1.87946870323982
1MAH_A	1MAH_B	YA121Q	3.004103816360712
1MAH_A	1MAH_B	WA276R	8.808838044698076
1PPF_A	1PPF_B	NB36H	-0.525587222200782
1PPF_A	1PPF_B	AB15G	1.1223859378254897
1PPF_A	1PPF_B	LB18V	-0.4858069628552393
1PPF_A	1PPF_B	EB19Q	0.6512382651313118
1PPF_A	1PPF_B	NB36I	0.8593760161521313
1PPF_A	1PPF_B	KB13V	0.8593760161521313
1PPF_A	1PPF_B	RB21P	6.612233374468008
1PPF_A	1PPF_B	TB17P	3.031374527610504
1PPF_A	1PPF_B	KB13G	1.231501458438531
1PPF_A	1PPF_B	EB19C	1.3831093378131278
1PPF_A	1PPF_B	LB18F	5.097540666949608
1PPF_A	1PPF_B	GB32P	0.2601531651498519
1PPF_A	1PPF_B	NB36M	1.0790916495695375
1PPF_A	1PPF_B	NB36V	0.3410085695957665
1PPF_A	1PPF_B	LB18H	6.381171448492668
1PPF_A	1PPF_B	TB17Q	1.9413244222451755
1PPF_A	1PPF_B	AB15M	-0.3957512809449515
1PPF_A	1PPF_B	KB13R	-0.6319253388219295
1PPF_A	1PPF_B	EB19Y	1.231501458438531
1PPF_A	1PPF_B	TB17M	2.4675689168328567
1PPF_A	1PPF_B	RB21C	-0.0800488939137569
1PPF_A	1PPF_B	YB20N	3.593094703431716
1PPF_A	1PPF_B	AB15T	0.9494316980624192
1PPF_A	1PPF_B	NB36S	-1.3276379503571842
1PPF_A	1PPF_B	AB15S	0.745948995933615
1PPF_A	1PPF_B	YB20C	3.403623598200179
1PPF_A	1PPF_B	EB19G	2.0911319749409856
1PPF_A	1PPF_B	NB36W	1.7038071206990306
1PPF_A	1PPF_B	LB18R	7.084539036728509
1PPF_A	1PPF_B	GB32R	4.781497932955725
1PPF_A	1PPF_B	LB18I	-0.7226819272889191
1PPF_A	1PPF_B	GB32I	4.311461974288624
1PPF_A	1PPF_B	PB14A	-0.1224011681871513
1PPF_A	1PPF_B	NB36E	-1.004174409411604
1PPF_A	1PPF_B	KB13D	0.6225010517184497
1PPF_A	1PPF_B	EB19N	1.195813690056745
1PPF_A	1PPF_B	PB14F	-1.8309899418626097
1PPF_A	1PPF_B	KB13N	0.6512382651313118
1PPF_A	1PPF_B	YB20P	5.29245463897787
1PPF_A	1PPF_B	TB17G	3.549741974166869
1PPF_A	1PPF_B	RB21H	-0.4858069628552393
1PPF_A	1PPF_B	EB19D	0.5698805931962312
1PPF_A	1PPF_B	AB15F	-0.071934797575297
1PPF_A	1PPF_B	AB15N	0.902728745416976
1PPF_A	1PPF_B	EB19A	1.186540391462982
1PPF_A	1PPF_B	NB36C	0.5961414432378067
1PPF_A	1PPF_B	EB19F	1.3451829790073706
1PPF_A	1PPF_B	EB19K	2.0911319749409856
1PPF_A	1PPF_B	YB20V	4.12763664026779
1PPF_A	1PPF_B	YB20S	3.593094703431716
1PPF_A	1PPF_B	KB13H	1.00043953246319
1PPF_A	1PPF_B	RB21Q	-0.0180883038813046
1PPF_A	1PPF_B	TB17D	4.855144693828697
1PPF_A	1PPF_B	NB36F	1.8205139793267249
1PPF_A	1PPF_B	YB20I	3.8769063494777214
1PPF_A	1PPF_B	AB15R	-0.2605008030922313
1PPF_A	1PPF_B	RB21V	-0.3447434465441788
1PPF_A	1PPF_B	RB21A	0.2051566446635693
1PPF_A	1PPF_B	GB32Y	1.186540391462982
1PPF_A	1PPF_B	NB36P	-2.9184025459312224
1PPF_A	1PPF_B	YB20G	4.12763664026779
1PPF_A	1PPF_B	LB18P	6.061585379633843
1PPF_A	1PPF_B	GB32M	2.1647787358139574
1PPF_A	1PPF_B	GB32L	3.086332236383951
1PPF_A	1PPF_B	KB13C	0.9494316980624192
1PPF_A	1PPF_B	PB14V	-1.5038255665517577
1PPF_A	1PPF_B	NB36Y	1.653500192854958
1PPF_A	1PPF_B	GB32N	1.5914808178008322
1PPF_A	1PPF_B	AB15P	1.9676840307258203
1PPF_A	1PPF_B	YB20K	4.431515215391321
1PPF_A	1PPF_B	GB32E	1.4372706822530503
1PPF_A	1PPF_B	YB20T	4.984980635084527
1PPF_A	1PPF_B	TB17W	2.1647787358139574
1PPF_A	1PPF_B	KB13M	0.2051566446635693
1PPF_A	1PPF_B	KB13W	0.8195957568065886
1PPF_A	1PPF_B	KB13A	0.745948995933615
1PPF_A	1PPF_B	RB21T	-0.0180883038813046
1PPF_A	1PPF_B	KB13E	1.117146391090886
1PPF_A	1PPF_B	KB13S	0.4544355898142811
1PPF_A	1PPF_B	RB21F	-0.9675894583346132
1PPF_A	1PPF_B	TB17C	2.058440619192808
1PPF_A	1PPF_B	PB14L	-2.882675792827865
1PPF_A	1PPF_B	KB13F	0.9494316980624192
1PPF_A	1PPF_B	GB32D	2.462329370098253
1PPF_A	1PPF_B	RB21E	0.4544355898142811
1PPF_A	1PPF_B	NB36K	2.585275850295563
1PPF_A	1PPF_B	RB21L	-0.8466354583335054
1PPF_A	1PPF_B	EB19S	1.8205139793267249
1PPF_A	1PPF_B	LB18Y	6.543423871938499
1PPF_A	1PPF_B	RB21D	0.2051566446635693
1PPF_A	1PPF_B	PB14D	-0.4858069628552393
1PPF_A	1PPF_B	TB17Y	2.44632273745208
1PPF_A	1PPF_B	PB14T	-0.2605008030922313
1PPF_A	1PPF_B	EB19W	1.508778598563552
1PPF_A	1PPF_B	RB21G	0.5698805931962312
1PPF_A	1PPF_B	AB15Y	-0.1824910230983487
1PPF_A	1PPF_B	AB15K	1.111859426999418
1PPF_A	1PPF_B	GB32H	1.4840320759073862
1PPF_A	1PPF_B	GB32W	1.621096016273885
1PPF_A	1PPF_B	KB13Y	0.4985475206738652
1PPF_A	1PPF_B	YB20R	4.311461974288624
1PPF_A	1PPF_B	YB20W	0.232105913093271
1PPF_A	1PPF_B	KB13P	1.2485597665171095
1PPF_A	1PPF_B	PB14G	0.0920877032456797
1PPF_A	1PPF_B	YB20M	2.773253383796048
1PPF_A	1PPF_B	RB21K	0.5961414432378067
1PPF_A	1PPF_B	YB20F	0.4753310003193558
1PPF_A	1PPF_B	YB20A	3.165696958334093
1PPF_A	1PPF_B	LB18C	-0.088277277051608
1PPF_A	1PPF_B	LB18N	5.152695328112994
1PPF_A	1PPF_B	KB13L	0.3959662783692117
1PPF_A	1PPF_B	TB17N	2.661149593010588
1PPF_A	1PPF_B	EB19V	1.1428864814382518
1PPF_A	1PPF_B	AB15E	0.1041336051620867
1PPF_A	1PPF_B	YB20Q	4.631690380259915
1PPF_A	1PPF_B	NB36G	-0.5635830138822371
1PPF_A	1PPF_B	PB14M	-1.5525375648393942
1PPF_A	1PPF_B	TB17I	1.4726879224776823
1PPF_A	1PPF_B	TB17L	2.2479117244243447
1PPF_A	1PPF_B	PB14H	-1.7409342599523203
1PPF_A	1PPF_B	EB19R	1.4493165841694555
1PPF_A	1PPF_B	RB21Y	0.2175606253806012
1PPF_A	1PPF_B	PB14I	-1.6283742280872389
1PPF_A	1PPF_B	RB21M	-0.7490415357695621
1PPF_A	1PPF_B	AB15W	-0.6319253388219295
1PPF_A	1PPF_B	PB14K	-0.4424542335903929
1PPF_A	1PPF_B	LB18S	3.0489900997063994
1PPF_A	1PPF_B	GB32S	0.902728745416976
1PPF_A	1PPF_B	KB13T	0.1635956195561831
1PPF_A	1PPF_B	LB18D	7.507514860161978
1PPF_A	1PPF_B	GB32Q	2.760756531996245
1PPF_A	1PPF_B	AB15C	-0.664329515403006
1PPF_A	1PPF_B	EB19H	0.6808534636043628
1PPF_A	1PPF_B	PB14N	-0.6319253388219295
1PPF_A	1PPF_B	AB15I	0.3248915324240951
1PPF_A	1PPF_B	YB20E	6.330163614091897
1PPF_A	1PPF_B	PB14Y	-0.9492167006381572
1PPF_A	1PPF_B	NB36Q	0.3775935206727574
1PPF_A	1PPF_B	AB15Q	0.2462978387934616
1PPF_A	1PPF_B	AB15L	0.0175450286501863
1PPF_A	1PPF_B	PB14Q	-0.7999908007261016
1PPF_A	1PPF_B	TB17H	1.670074511431462
1PPF_A	1PPF_B	PB14E	-1.4091148357494525
1PPF_A	1PPF_B	TB17K	3.341604223146051
1PPF_A	1PPF_B	AB15H	0.545192178281269
1PPF_A	1PPF_B	RB21I	-0.7999908007261016
1PPF_A	1PPF_B	TB17F	1.6861915486031354
1PPF_A	1PPF_B	PB14C	-1.9771083178293
1PPF_A	1PPF_B	YB20D	6.330163614091897
1PPF_A	1PPF_B	LB18G	3.286507401252546
1PPF_A	1PPF_B	NB36L	2.6103170641009843
1PPF_A	1PPF_B	EB19L	1.056178691469162
1PPF_A	1PPF_B	KB13Q	0.2462978387934616
1PPF_A	1PPF_B	RB21S	0.4137788028550453
1PPF_A	1PPF_B	RB21W	-0.525587222200782
1PPF_A	1PPF_B	NB36R	1.843730499681236
1PPF_A	1PPF_B	EB19I	0.7132576401854376
1PPF_A	1PPF_B	LB18W	7.439172535222286
1PPF_A	1PPF_B	PB14W	-1.9771083178293
1PPF_A	1PPF_B	RB21N	0.3248915324240951
1PPF_A	1PPF_B	LB18T	0.902728745416976
1PPF_A	1PPF_B	TB17R	3.403623598200179
1PPF_A	1PPF_B	EB19M	1.132726128909928
1PPF_A	1PPF_B	GB32F	1.4611191178070104
1PPF_A	1PPF_B	PB14S	-0.5635830138822371
1PPF_A	1PPF_B	EB19P	3.165696958334093
1PPF_A	1PPF_B	NB36T	0.545192178281269
1PPF_A	1PPF_B	NB36D	-3.0351094045589195
1PPF_A	1PPF_B	GB32K	3.2602465512109724
1PPF_A	1PPF_B	GB32C	1.162691955909022
1PPF_A	1PPF_B	PB14R	-0.1357296294440111
1PPF_A	1PPF_B	EB19T	1.4840320759073862
1PPF_A	1PPF_B	KB13I	0.6225010517184497
1PPF_A	1PPF_B	NB36A	-1.622618461874907
1PPF_A	1PPF_B	YB20L	1.3557730976014764
1PPF_A	1PPF_B	AB15D	1.1223859378254897
1PPF_A	1PPF_B	GB32T	2.773253383796048
1S0W_A	1S0W_B	AB142F	-2.1019341179373274
1SGE_A	1SGE_B	EB13L	-5.899483203299344
1SGN_A	1SGN_B	NB13L	-3.3524942922738106
1TM1_A	1TM1_B	MB40A	1.0271508140535437
1TM1_A	1TM1_B	MB40F	1.0271508140535437
1TM1_A	1TM1_B	TB39D	2.0980176673647684
1TM1_A	1TM1_B	RB48C	3.234173525639145
1TM1_A	1TM1_B	MB40K	1.093013509854524
1TM1_A	1TM1_B	YB42G	4.678612295367822
1TM1_A	1TM1_B	EB41S	2.74638619860184
1TM1_A	1TM1_B	MB40Y	0.0564382965578786
1TM1_A	1TM1_B	TB39P	3.754120390544673
1TM1_A	1TM1_B	RB43A	1.2555223637452997
1TM1_A	1TM1_B	MB40G	2.231782031124311
1TM3_A	1TM3_B	KB40M	-1.093013509854524
1TM7_A	1TM7_B	YB40M	-0.0564382965578786
1TMG_A	1TMG_B	FB40M	-1.0271508140535437
1Y1K_A	1Y1K_B	AB39T	-2.726969576491131
1Y3B_A	1Y3B_B	SB41E	-2.74638619860184
2B0Z_A	2B0Z_B	IB87F	-2.527726222707648
2B10_A	2B10_B	SB87F	-1.1642414344620822
2B12_A	2B12_B	YB87F	-1.574691254355549
2B42_A	2B42_B	HA357K	2.5406589081690485
2B42_A	2B42_B	HA357A	1.6211478042605787
2B42_A	2B42_B	HA357Q	1.064746296952702
2HLE_A	2HLE_B	KA141Q	-0.4104498198934649
2HLE_A	2HLE_B	LA87R	2.286146231272053
2J1K_A	2J1K_B	GA10D	0.1836594565075522
2J1K_A	2J1K_B	RA24A	0.7644613432290566
2NU2_A	2NU2_B	RB13L	-3.3200901156927367
2NU4_A	2NU4_B	KB13L	-3.137784172762238
2PCB_A	2PCB_B	EA35Q	0.6756671661458079
2PCB_A	2PCB_B	AA193F	0.7333081549604046
2PCB_A	2PCB_B	EA290N	0.8705703893158621
2PCB_A	2PCB_B	DA34N	0.8208996397869335
2PCB_A	2PCB_B	EA32Q	0.6054483245339028
2PCC_A	2PCC_B	EA290A	6.19943425467731
2PCC_A	2PCC_B	DA34A	-0.8965966717942191
2PCC_A	2PCC_B	VA197A	2.101623846030991
2PCC_A	2PCC_B	AB86G	1.900898253877345
2PCC_A	2PCC_B	KB92A	0.9014172118349733
2PCC_A	2PCC_B	KB77A	0.3035163338270603
2SGP_A	2SGP_B	PB13L	-8.328285781965437
2SIC_A	2SIC_B	MB67K	0.0
2SIC_A	2SIC_B	MB67L	-0.2400977530654327
2SIC_A	2SIC_B	MB67V	0.7129372152866669
2SIC_A	2SIC_B	MB67G	0.1451502243292779
2SIC_A	2SIC_B	MB67E	0.7956977972881719
2SIC_A	2SIC_B	MB67I	1.6035825413109936
2SIC_A	2SIC_B	MB67A	0.2177496699198453
2SIC_A	2SIC_B	MB67H	0.2177496699198453
2SIC_A	2SIC_B	MB67D	0.7511539535495384
2SIC_A	2SIC_B	MB67R	0.0
2WPT_A	2WPT_B	VA34A	3.8073835914542
2WPT_A	2WPT_B	RA35T	-1.0377726938254526
2WPT_A	2WPT_B	SA47A	2.4244821810979267
2WPT_A	2WPT_B	PA53A	2.926212930274612
2WPT_A	2WPT_B	NA31A	-0.3796816568193666
2WPT_A	2WPT_B	NA31V	-0.8965966717942226
2WPT_A	2WPT_B	EA27A	1.7330802088570818
2WPT_A	2WPT_B	DA30L	-3.4016900535149284
2WPT_A	2WPT_B	EA38A	4.500904184630159
2WPT_A	2WPT_B	DA30A	-0.132135328565166
2WPT_A	2WPT_B	RA35A	-1.1103721394160235
3BTE_A	3BTE_B	EB13K	-9.324441184036544
3BTF_A	3BTF_B	FB13K	-6.952966976747844
3BTH_A	3BTH_B	HB13K	-8.689000456471591
3BTM_A	3BTM_B	MB13K	-7.611102390346371
3BTT_A	3BTT_B	TB13K	-10.4855197758984
3BTW_A	3BTW_B	WB13K	-8.572581166725215
3SGB_A	3SGB_B	NB30T	0.0097100109797683
3SGB_A	3SGB_B	YB14F	0.166431319454233
3SGB_A	3SGB_B	LB12H	1.690019951450214
3SGB_A	3SGB_B	NB30S	0.4033062838879129
3SGB_A	3SGB_B	NB30E	0.9493102265368236
3SGB_A	3SGB_B	GB26T	2.997860793780033
3SGB_A	3SGB_B	AB9E	0.6621283342590729
3SGB_A	3SGB_B	TB11Q	2.899389817238223
3SGB_A	3SGB_B	LB12G	4.933851329158159
3SGB_A	3SGB_B	GB26Q	2.9151496893548874
3SGB_A	3SGB_B	YB14R	2.7221240778696814
3SGB_A	3SGB_B	LB12K	3.137784172762238
3SGB_A	3SGB_B	AB9Y	-1.62434887285022
3SGB_A	3SGB_B	NB30I	0.1951685328670951
3SGB_A	3SGB_B	TB11N	3.209117245284604
3SGB_A	3SGB_B	YB14K	3.3851856480219884
3SGB_A	3SGB_B	LB12V	2.997860793780033
3SGB_A	3SGB_B	EB13S	1.916554724799452
3SGB_A	3SGB_B	RB15W	0.3074948357652936
3SGB_A	3SGB_B	YB14Q	3.235378095326178
3SGB_A	3SGB_B	AB9L	0.166431319454233
3SGB_A	3SGB_B	LB12R	3.3200901156927367
3SGB_A	3SGB_B	KB7T	-1.9218995071345155
3SGB_A	3SGB_B	TB11K	2.00731131326644
3SGB_A	3SGB_B	LB12I	4.4188804360352485
3SGB_A	3SGB_B	YB14S	2.00731131326644
3SGB_A	3SGB_B	RB15L	0.2247837313401461
3SGB_A	3SGB_B	AB9F	-1.1642063718404645
3SGB_A	3SGB_B	YB14T	4.804015387902329
3SGB_A	3SGB_B	EB13P	2.243485371143421
3SGB_A	3SGB_B	LB12P	8.328285781965437
3SGB_A	3SGB_B	PB8M	-0.4935835395167612
3SGB_A	3SGB_B	KB7Q	-0.6147123198086053
3SGB_A	3SGB_B	YB14P	6.18897862625524
3SGB_A	3SGB_B	EB13D	0.5450121373114403
3SGB_A	3SGB_B	NB30K	0.5713717457920833
3SGB_A	3SGB_B	GB26W	3.8576093435276473
3SGB_A	3SGB_B	PB8K	0.1124663136298167
3SGB_A	3SGB_B	KB7H	-0.3958727524705452
3SGB_A	3SGB_B	KB7C	-0.5767165281271485
3SGB_A	3SGB_B	AB9I	-0.4468805868713179
3SGB_A	3SGB_B	NB30M	0.1387863297181226
3SGB_A	3SGB_B	KB7F	-0.7154588213293724
3SGB_A	3SGB_B	LB12F	1.3548929899871391
3SGB_A	3SGB_B	EB13A	1.0050493855427938
3SGB_A	3SGB_B	RB15T	0.447418214747497
3SGB_A	3SGB_B	GB26S	1.5853125788500115
3SGB_A	3SGB_B	EB13M	-0.1868589353703776
3SGB_A	3SGB_B	EB13L	0.7684664508802204
3SGB_A	3SGB_B	KB7V	-0.941876695119456
3SGB_A	3SGB_B	PB8V	-0.3060925742413527
3SGB_A	3SGB_B	AB9P	0.5450121373114403
3SGB_A	3SGB_B	AB9Q	0.4242016943929876
3SGB_A	3SGB_B	EB13R	1.2572990674231974
3SGB_A	3SGB_B	GB26N	2.243485371143421
3SGB_A	3SGB_B	KB7I	-1.3259217109522314
3SGB_A	3SGB_B	YB14G	2.8028322716445544
3SGB_A	3SGB_B	YB14A	1.916554724799452
3SGB_A	3SGB_B	AB9D	0.4697472592111236
3SGB_A	3SGB_B	RB15A	0.0530042992357202
3SGB_A	3SGB_B	RB15S	0.2737622264977269
3SGB_A	3SGB_B	NB30D	0.8983023921360509
3SGB_A	3SGB_B	RB15V	-0.0233047356125002
3SGB_A	3SGB_B	PB8D	-1.0187187642609796
3SGB_A	3SGB_B	AB9W	-1.5320419143777482
3SGB_A	3SGB_B	PB8N	-0.1230641035016635
3SGB_A	3SGB_B	YB14C	1.6716471937537598
3SGB_A	3SGB_B	PB8L	-0.1394065829779744
3SGB_A	3SGB_B	GB26P	1.0815968229835615
3SGB_A	3SGB_B	EB13V	0.125774532494999
3SGB_A	3SGB_B	YB14L	1.5542068382308545
3SGB_A	3SGB_B	KB7R	-0.6830546447482977
3SGB_A	3SGB_B	KB7L	-1.7920635658786883
3SGB_A	3SGB_B	TB11P	3.137784172762238
3SGB_A	3SGB_B	YB14N	3.114567652407727
3SGB_A	3SGB_B	EB13I	-0.6147123198086053
3SGB_A	3SGB_B	LB12T	3.1601132172258635
3SGB_A	3SGB_B	LB12N	3.3524942922738106
3SGB_A	3SGB_B	GB26K	2.489867363137748
3SGB_A	3SGB_B	GB26I	4.035548937022108
3SGB_A	3SGB_B	GB26Y	3.0530154549434165
3SGB_A	3SGB_B	AB9K	2.456745628990024
3SGB_A	3SGB_B	PB8I	-0.0233047356125002
3SGB_A	3SGB_B	EB13W	1.5261595861742734
3SGB_A	3SGB_B	AB9M	0.0877197909736509
3SGB_A	3SGB_B	RB15H	0.447418214747497
3SGB_A	3SGB_B	RB15Y	0.2898792636693983
3SGB_A	3SGB_B	RB15D	0.6297241576779964
3SGB_A	3SGB_B	TB11H	3.45883240889496
3SGB_A	3SGB_B	NB30H	-0.1230641035016635
3SGB_A	3SGB_B	RB15C	0.5450121373114403
3SGB_A	3SGB_B	NB30P	0.5713717457920833
3SGB_A	3SGB_B	TB11I	1.7285144780205088
3SGB_A	3SGB_B	TB11D	4.887148376512718
3SGB_A	3SGB_B	YB14I	3.5419653975053467
3SGB_A	3SGB_B	NB30V	-0.2385091068836153
3SGB_A	3SGB_B	EB13G	2.075653638206136
3SGB_A	3SGB_B	PB8S	0.0648068328732751
3SGB_A	3SGB_B	KB7S	-2.5515796282966186
3SGB_A	3SGB_B	RB15P	7.577514334527455
3SGB_A	3SGB_B	TB11C	2.8855344908818346
3SGB_A	3SGB_B	PB8Y	-0.3958727524705452
3SGB_A	3SGB_B	TB11R	1.9452919382123144
3SGB_A	3SGB_B	RB15E	0.6621283342590729
3SGB_A	3SGB_B	NB30L	0.7304706591987653
3SGB_A	3SGB_B	RB15G	1.0917571755118871
3SGB_A	3SGB_B	PB8T	-0.1071663729985825
3SGB_A	3SGB_B	PB8Q	-0.3116301090185978
3SGB_A	3SGB_B	KB7N	-0.6503632890001203
3SGB_A	3SGB_B	GB26C	2.5753047953462893
3SGB_A	3SGB_B	AB9G	2.4518568511311223
3SGB_A	3SGB_B	AB9T	0.3264642147463892
3SGB_A	3SGB_B	GB26M	2.7667415955586847
3SGB_A	3SGB_B	AB9H	-0.4468805868713179
3SGB_A	3SGB_B	GB26F	2.9802452216841377
3SGB_A	3SGB_B	AB9S	0.8983023921360509
3SGB_A	3SGB_B	RB15F	0.2247837313401461
3SGB_A	3SGB_B	PB8C	-0.3228651772934849
3SGB_A	3SGB_B	TB11Y	3.3200901156927367
3SGB_A	3SGB_B	NB30F	-0.1394065829779744
3SGB_A	3SGB_B	EB13N	1.086699087248979
3SGB_A	3SGB_B	LB12D	5.589755775252961
3SGB_A	3SGB_B	KB7D	-0.6147123198086053
3SGB_A	3SGB_B	TB11L	2.436940154519254
3SGB_A	3SGB_B	KB7Y	-0.5767165281271485
3SGB_A	3SGB_B	KB7G	-0.7154588213293724
3SGB_A	3SGB_B	PB8E	-0.6147123198086053
3SGB_A	3SGB_B	PB8F	-0.3401335934645768
3SGB_A	3SGB_B	RB15N	0.3264642147463892
3SGB_A	3SGB_B	PB8H	0.2737622264977269
3SGB_A	3SGB_B	AB9C	0.040958397319315
3SGB_A	3SGB_B	RB15K	-0.2739263471082491
3SGB_A	3SGB_B	GB26D	1.6023708869285915
3SGB_A	3SGB_B	TB11W	2.997860793780033
3SGB_A	3SGB_B	NB30R	0.5713717457920833
3SGB_A	3SGB_B	PB8W	-0.4935835395167612
3SGB_A	3SGB_B	KB7A	-2.536338619277537
3SGB_A	3SGB_B	GB26R	3.45883240889496
3SGB_A	3SGB_B	YB14W	0.3833314990131402
3SGB_A	3SGB_B	KB7W	-0.0132029471206074
3SGB_A	3SGB_B	GB26L	2.6211483482070648
3SGB_A	3SGB_B	LB12Y	1.6526778147726642
3SGB_A	3SGB_B	NB30A	0.3264642147463892
3SGB_A	3SGB_B	PB8A	-0.1868589353703776
3SGB_A	3SGB_B	TB11G	5.506506448524476
3SGB_A	3SGB_B	YB14M	1.9749071366853648
3SGB_A	3SGB_B	NB30Y	-0.1071663729985825
3SGB_A	3SGB_B	GB26E	1.9452919382123144
3SGB_A	3SGB_B	TB11M	2.00731131326644
3SGB_A	3SGB_B	RB15M	0.125774532494999
3SGB_A	3SGB_B	EB13Y	0.7684664508802204
3SGB_A	3SGB_B	LB12S	4.100355769895383
3SGB_A	3SGB_B	RB15Q	0.040958397319315
3SGB_A	3SGB_B	TB11F	3.5886683501507903
3SGB_A	3SGB_B	AB9N	-0.0878839115841731
3SGB_A	3SGB_B	EB13T	2.1136494298875905
3SGB_A	3SGB_B	RB15I	0.2401295998426445
3SGB_A	3SGB_B	PB8G	0.0530042992357202
3SGB_A	3SGB_B	EB13Q	0.1809766071669045
3SGB_A	3SGB_B	YB14E	2.00731131326644
3SGB_A	3SGB_B	EB13F	1.916554724799452
3SGB_A	3SGB_B	EB13H	0.5187512872698665
3SGB_A	3SGB_B	KB7E	0.0317581198549401
3SGB_A	3SGB_B	AB9R	2.00731131326644
3SGB_A	3SGB_B	GB26H	2.700075968994508
3SGB_A	3SGB_B	NB30C	0.3448369724428453
3SGB_A	3SGB_B	LB12W	1.839245851362272
3SGB_A	3SGB_B	NB30Q	0.2401295998426445
3SGB_A	3SGB_B	YB14V	4.360143692429439
3SGB_A	3SGB_B	NB30W	0.5187512872698665
3SGB_A	3SGB_B	PB8R	0.3074948357652936
3SGB_A	3SGB_B	EB13C	1.1583240436369913
3SGB_A	3SGB_B	KB7P	0.0
3SGB_A	3SGB_B	EB13K	0.166431319454233
3SGB_A	3SGB_B	KB7M	-1.1500144461402757
3SGB_A	3SGB_B	NB30G	0.3074948357652936
3SGB_A	3SGB_B	LB12C	-0.0132029471206074
