tier,model,arm,rho,lo,hi,n_cplx,n_mut,coverage,rho_covered_only,d_vs_foldx,d_lo,d_hi,n_shared
fullSK CATH-all,—,FoldX alone,0.3829,0.2461,0.5208,13,687,0.9985,0.3829,,,,
fullSK CATH-all,ankh,base,0.3308,0.1909,0.4550,13,687,,,-0.0521,-0.1726,0.0747,13
fullSK CATH-all,ankh,fx_mlp,0.3865,0.2070,0.5564,13,687,,,0.0036,-0.0843,0.0843,13
fullSK CATH-all,ankh,fx_scalar,0.3815,0.1884,0.5578,13,687,,,-0.0014,-0.1010,0.0971,13
fullSK CATH-all,esmc6b,base,0.3596,0.2586,0.4739,13,687,,,-0.0233,-0.1324,0.0883,13
fullSK CATH-all,esmc6b,fx_mlp,0.4675,0.3370,0.5917,13,687,,,0.0846,-0.0011,0.1793,13
fullSK CATH-all,esmc6b,fx_scalar,0.4680,0.3507,0.5886,13,687,,,0.0851,0.0086,0.1673,13
fullSK CATH-all,ankh3_large,base,0.1480,0.0043,0.2955,13,687,,,-0.2349,-0.3540,-0.1114,13
fullSK CATH-all,ankh3_large,fx_mlp,0.3925,0.2177,0.5490,13,687,,,0.0096,-0.0829,0.0969,13
fullSK CATH-all,ankh3_large,fx_scalar,0.3800,0.2169,0.5295,13,687,,,-0.0029,-0.0824,0.0733,13
fullSK CATH-all,ankh3_xl,base,0.2664,0.0663,0.4614,13,687,,,-0.1165,-0.2980,0.0736,13
fullSK CATH-all,ankh3_xl,fx_mlp,0.3826,0.1966,0.5447,13,687,,,-0.0003,-0.1216,0.1062,13
fullSK CATH-all,ankh3_xl,fx_scalar,0.4166,0.2675,0.5520,13,687,,,0.0337,-0.0664,0.1519,13
fullSK CATH-all,aido,base,0.2483,0.0990,0.3925,13,687,,,-0.1346,-0.2558,-0.0192,13
fullSK CATH-all,aido,fx_mlp,0.4012,0.2168,0.5662,13,687,,,0.0183,-0.0973,0.1280,13
fullSK CATH-all,aido,fx_scalar,0.4090,0.2859,0.5323,13,687,,,0.0261,-0.0327,0.0910,13
fullSK CATH-all,esmc600m,base,0.1172,-0.0743,0.3181,13,687,,,-0.2657,-0.4246,-0.1105,13
fullSK CATH-all,esmc600m,fx_mlp,0.2956,0.0971,0.4886,13,687,,,-0.0873,-0.2088,0.0354,13
fullSK CATH-all,esmc600m,fx_scalar,0.3411,0.1699,0.5043,13,687,,,-0.0418,-0.1523,0.0666,13
fullSK CATH-all,esm2,base,0.2427,0.0434,0.4256,13,687,,,-0.1402,-0.3207,0.0289,13
fullSK CATH-all,esm2,fx_mlp,0.3622,0.1751,0.5375,13,687,,,-0.0207,-0.1362,0.0884,13
fullSK CATH-all,esm2,fx_scalar,0.3285,0.1680,0.4803,13,687,,,-0.0544,-0.1470,0.0492,13
fullSK CATH-all,prostt5,base,0.0704,-0.1241,0.2426,13,687,,,-0.3125,-0.4876,-0.1307,13
fullSK CATH-all,prostt5,fx_mlp,0.3932,0.2285,0.5482,13,687,,,0.0103,-0.0732,0.0792,13
fullSK CATH-all,prostt5,fx_scalar,0.4356,0.3081,0.5592,13,687,,,0.0526,0.0019,0.1366,13
fullSK CATH-all,saprot,base,0.2285,0.1082,0.3533,13,687,,,-0.1544,-0.2733,-0.0396,13
fullSK CATH-all,saprot,fx_mlp,0.3797,0.2176,0.5352,13,687,,,-0.0032,-0.0897,0.0747,13
fullSK CATH-all,saprot,fx_scalar,0.4143,0.2673,0.5429,13,687,,,0.0314,-0.0398,0.1055,13
fullSK CATH-single,—,FoldX alone,0.3984,0.2774,0.5172,11,421,0.9976,0.3984,,,,
fullSK CATH-single,ankh,base,0.3211,0.2045,0.4206,11,421,,,-0.0773,-0.1948,0.0452,11
fullSK CATH-single,ankh,fx_mlp,0.4548,0.3203,0.5857,11,421,,,0.0564,-0.0163,0.1288,11
fullSK CATH-single,ankh,fx_scalar,0.4196,0.2561,0.5682,11,421,,,0.0211,-0.0779,0.1213,11
fullSK CATH-single,esmc6b,base,0.3771,0.2782,0.4779,11,421,,,-0.0213,-0.1470,0.1105,11
fullSK CATH-single,esmc6b,fx_mlp,0.5251,0.4179,0.6211,11,421,,,0.1266,0.0480,0.2160,11
fullSK CATH-single,esmc6b,fx_scalar,0.4455,0.3277,0.5648,11,421,,,0.0471,-0.0286,0.1300,11
fullSK CATH-single,ankh3_large,base,0.0512,-0.1060,0.1972,11,421,,,-0.3472,-0.4873,-0.1895,11
fullSK CATH-single,ankh3_large,fx_mlp,0.4543,0.3221,0.5668,11,421,,,0.0558,-0.0309,0.1372,11
fullSK CATH-single,ankh3_large,fx_scalar,0.4083,0.2493,0.5456,11,421,,,0.0099,-0.0727,0.0894,11
fullSK CATH-single,ankh3_xl,base,0.2625,0.0821,0.4409,11,421,,,-0.1359,-0.3166,0.0767,11
fullSK CATH-single,ankh3_xl,fx_mlp,0.4774,0.3591,0.5825,11,421,,,0.0790,0.0201,0.1503,11
fullSK CATH-single,ankh3_xl,fx_scalar,0.4394,0.3010,0.5522,11,421,,,0.0409,-0.0649,0.1721,11
fullSK CATH-single,aido,base,0.2193,0.0963,0.3502,11,421,,,-0.1791,-0.3402,-0.0237,11
fullSK CATH-single,aido,fx_mlp,0.4387,0.2614,0.5768,11,421,,,0.0402,-0.0947,0.1622,11
fullSK CATH-single,aido,fx_scalar,0.4139,0.3202,0.5049,11,421,,,0.0155,-0.0457,0.0880,11
fullSK CATH-single,esmc600m,base,0.1383,-0.0639,0.3351,11,421,,,-0.2602,-0.4557,-0.0695,11
fullSK CATH-single,esmc600m,fx_mlp,0.4302,0.2668,0.5557,11,421,,,0.0318,-0.0641,0.1288,11
fullSK CATH-single,esmc600m,fx_scalar,0.3452,0.1669,0.4946,11,421,,,-0.0532,-0.1773,0.0681,11
fullSK CATH-single,esm2,base,0.2087,0.0306,0.3710,11,421,,,-0.1898,-0.3869,0.0125,11
fullSK CATH-single,esm2,fx_mlp,0.4341,0.2687,0.5759,11,421,,,0.0357,-0.0649,0.1288,11
fullSK CATH-single,esm2,fx_scalar,0.3722,0.2409,0.4853,11,421,,,-0.0263,-0.1278,0.0865,11
fullSK CATH-single,prostt5,base,0.1646,0.0246,0.3016,11,421,,,-0.2339,-0.3917,-0.0677,11
fullSK CATH-single,prostt5,fx_mlp,0.4367,0.2804,0.5776,11,421,,,0.0382,-0.0427,0.1072,11
fullSK CATH-single,prostt5,fx_scalar,0.4624,0.3466,0.5702,11,421,,,0.0639,0.0026,0.1629,11
fullSK CATH-single,saprot,base,0.1258,0.0020,0.2576,11,421,,,-0.2727,-0.3964,-0.1427,11
fullSK CATH-single,saprot,fx_mlp,0.4581,0.3334,0.5745,11,421,,,0.0596,0.0027,0.1163,11
fullSK CATH-single,saprot,fx_scalar,0.4210,0.3262,0.5114,11,421,,,0.0226,-0.0514,0.1076,11
fullSK CATH-multiple,—,FoldX alone,0.5397,0.3278,0.7516,5,266,1.0000,0.5397,,,,
fullSK CATH-multiple,ankh,base,0.4444,0.2737,0.6596,5,266,,,-0.0953,-0.2762,0.0647,5
fullSK CATH-multiple,ankh,fx_mlp,0.5886,0.4653,0.7395,5,266,,,0.0489,-0.1089,0.1725,5
fullSK CATH-multiple,ankh,fx_scalar,0.4992,0.2941,0.7043,5,266,,,-0.0405,-0.0744,0.0031,5
fullSK CATH-multiple,esmc6b,base,0.4687,0.1810,0.7563,5,266,,,-0.0710,-0.2319,0.0470,5
fullSK CATH-multiple,esmc6b,fx_mlp,0.5616,0.4274,0.7327,5,266,,,0.0219,-0.1400,0.1450,5
fullSK CATH-multiple,esmc6b,fx_scalar,0.5559,0.3188,0.7930,5,266,,,0.0162,-0.0544,0.0761,5
fullSK CATH-multiple,ankh3_large,base,0.4287,0.1948,0.6627,5,266,,,-0.1110,-0.2116,-0.0006,5
fullSK CATH-multiple,ankh3_large,fx_mlp,0.5909,0.4776,0.7326,5,266,,,0.0512,-0.0671,0.1525,5
fullSK CATH-multiple,ankh3_large,fx_scalar,0.5536,0.3764,0.7308,5,266,,,0.0139,-0.0405,0.0546,5
fullSK CATH-multiple,ankh3_xl,base,0.5866,0.3859,0.7890,5,266,,,0.0469,-0.0209,0.1105,5
fullSK CATH-multiple,ankh3_xl,fx_mlp,0.5488,0.4197,0.7384,5,266,,,0.0091,-0.2171,0.1566,5
fullSK CATH-multiple,ankh3_xl,fx_scalar,0.5768,0.3605,0.7931,5,266,,,0.0371,-0.0301,0.1018,5
fullSK CATH-multiple,aido,base,0.3198,0.0339,0.6152,5,266,,,-0.2199,-0.4396,-0.0003,5
fullSK CATH-multiple,aido,fx_mlp,0.5820,0.4510,0.7265,5,266,,,0.0423,-0.0897,0.1542,5
fullSK CATH-multiple,aido,fx_scalar,0.5655,0.3086,0.8224,5,266,,,0.0258,-0.0439,0.0955,5
fullSK CATH-multiple,esmc600m,base,0.3743,0.0071,0.7298,5,266,,,-0.1654,-0.3608,0.0085,5
fullSK CATH-multiple,esmc600m,fx_mlp,0.5542,0.4210,0.7011,5,266,,,0.0145,-0.0859,0.1128,5
fullSK CATH-multiple,esmc600m,fx_scalar,0.5385,0.2730,0.8039,5,266,,,-0.0012,-0.0958,0.1067,5
fullSK CATH-multiple,esm2,base,0.6043,0.3730,0.8356,5,266,,,0.0646,-0.0094,0.1457,5
fullSK CATH-multiple,esm2,fx_mlp,0.5371,0.4418,0.7101,5,266,,,-0.0026,-0.1947,0.1235,5
fullSK CATH-multiple,esm2,fx_scalar,0.5041,0.2728,0.7354,5,266,,,-0.0356,-0.1364,0.0457,5
fullSK CATH-multiple,prostt5,base,0.2772,0.0344,0.5385,5,266,,,-0.2625,-0.5773,-0.0025,5
fullSK CATH-multiple,prostt5,fx_mlp,0.5553,0.4381,0.7271,5,266,,,0.0156,-0.1280,0.1139,5
fullSK CATH-multiple,prostt5,fx_scalar,0.5455,0.3630,0.7280,5,266,,,0.0058,-0.0243,0.0352,5
fullSK CATH-multiple,saprot,base,0.4495,0.2294,0.6697,5,266,,,-0.0902,-0.1238,-0.0564,5
fullSK CATH-multiple,saprot,fx_mlp,0.5447,0.4272,0.7111,5,266,,,0.0050,-0.2070,0.1515,5
fullSK CATH-multiple,saprot,fx_scalar,0.5632,0.3629,0.7620,5,266,,,0.0235,0.0033,0.0476,5
fullSK clustered-SP,—,FoldX alone,0.3628,0.3158,0.4101,96,4165,0.8776,0.3946,,,,
fullSK clustered-SP,ankh,base,0.1417,0.0831,0.2005,96,4165,,,-0.2211,-0.2840,-0.1599,96
fullSK clustered-SP,ankh,fx_mlp,0.3595,0.2988,0.4182,96,4165,,,-0.0033,-0.0433,0.0336,96
fullSK clustered-SP,ankh,fx_scalar,0.3544,0.3023,0.4078,96,4165,,,-0.0084,-0.0351,0.0186,96
fullSK clustered-SP,esmc6b,base,0.1934,0.1434,0.2423,96,4165,,,-0.1694,-0.2335,-0.1079,96
fullSK clustered-SP,esmc6b,fx_mlp,0.3777,0.3223,0.4312,96,4165,,,0.0149,-0.0228,0.0497,96
fullSK clustered-SP,esmc6b,fx_scalar,0.3730,0.3245,0.4200,96,4165,,,0.0102,-0.0205,0.0412,96
fullSK clustered-SP,ankh3_large,base,0.0920,0.0385,0.1459,96,4165,,,-0.2708,-0.3316,-0.2093,96
fullSK clustered-SP,ankh3_large,fx_mlp,0.3723,0.3183,0.4246,96,4165,,,0.0095,-0.0235,0.0393,96
fullSK clustered-SP,ankh3_large,fx_scalar,0.3312,0.2806,0.3825,96,4165,,,-0.0316,-0.0571,-0.0082,96
fullSK clustered-SP,ankh3_xl,base,0.1438,0.0836,0.2024,96,4165,,,-0.2190,-0.2875,-0.1546,96
fullSK clustered-SP,ankh3_xl,fx_mlp,0.3972,0.3438,0.4493,96,4165,,,0.0344,0.0053,0.0627,96
fullSK clustered-SP,ankh3_xl,fx_scalar,0.3671,0.3166,0.4167,96,4165,,,0.0043,-0.0177,0.0254,96
fullSK clustered-SP,aido,base,0.1201,0.0718,0.1681,96,4165,,,-0.2427,-0.3019,-0.1849,96
fullSK clustered-SP,aido,fx_mlp,0.3704,0.3178,0.4221,96,4165,,,0.0076,-0.0265,0.0375,96
fullSK clustered-SP,aido,fx_scalar,0.3638,0.3197,0.4078,96,4165,,,0.0010,-0.0220,0.0243,96
fullSK clustered-SP,esmc600m,base,0.1522,0.0969,0.2074,96,4165,,,-0.2106,-0.2776,-0.1456,96
fullSK clustered-SP,esmc600m,fx_mlp,0.3070,0.2464,0.3653,96,4165,,,-0.0558,-0.0979,-0.0191,96
fullSK clustered-SP,esmc600m,fx_scalar,0.3419,0.2873,0.3966,96,4165,,,-0.0209,-0.0537,0.0122,96
fullSK clustered-SP,esm2,base,0.1193,0.0661,0.1727,96,4165,,,-0.2435,-0.3050,-0.1813,96
fullSK clustered-SP,esm2,fx_mlp,0.3780,0.3259,0.4284,96,4165,,,0.0152,-0.0130,0.0416,96
fullSK clustered-SP,esm2,fx_scalar,0.3432,0.2910,0.3955,96,4165,,,-0.0196,-0.0474,0.0073,96
fullSK clustered-SP,prostt5,base,0.0537,0.0013,0.1042,96,4165,,,-0.3091,-0.3841,-0.2378,96
fullSK clustered-SP,prostt5,fx_mlp,0.3622,0.3026,0.4184,96,4165,,,-0.0006,-0.0404,0.0322,96
fullSK clustered-SP,prostt5,fx_scalar,0.3471,0.3004,0.3946,96,4165,,,-0.0157,-0.0336,0.0000,96
fullSK clustered-SP,saprot,base,0.0820,0.0267,0.1363,96,4165,,,-0.2808,-0.3564,-0.2089,96
fullSK clustered-SP,saprot13b,base,0.0778,0.0276,0.1295,96,4165,,,-0.2850,-0.3525,-0.2191,96
fullSK bycomplex-SP,—,FoldX alone,0.3628,0.3158,0.4101,96,4165,0.8776,0.3946,,,,
fullSK bycomplex-SP,ankh,base,0.2843,0.2199,0.3467,96,4165,,,-0.0785,-0.1551,-0.0064,96
fullSK bycomplex-SP,ankh,fx_mlp,0.4027,0.3467,0.4569,96,4165,,,0.0399,-0.0001,0.0783,96
fullSK bycomplex-SP,ankh,fx_scalar,0.4087,0.3535,0.4619,96,4165,,,0.0459,0.0082,0.0845,96
fullSK bycomplex-SP,esmc6b,base,0.3096,0.2534,0.3676,96,4165,,,-0.0532,-0.1184,0.0103,96
fullSK bycomplex-SP,esmc6b,fx_mlp,0.4158,0.3620,0.4678,96,4165,,,0.0530,0.0124,0.0910,96
fullSK bycomplex-SP,esmc6b,fx_scalar,0.4207,0.3654,0.4755,96,4165,,,0.0579,0.0170,0.0975,96
fullSK bycomplex-SP,ankh3_large,base,0.2030,0.1377,0.2690,96,4165,,,-0.1598,-0.2387,-0.0806,96
fullSK bycomplex-SP,ankh3_large,fx_mlp,0.3981,0.3443,0.4501,96,4165,,,0.0353,-0.0017,0.0715,96
fullSK bycomplex-SP,ankh3_large,fx_scalar,0.4041,0.3484,0.4591,96,4165,,,0.0413,0.0014,0.0831,96
fullSK bycomplex-SP,ankh3_xl,base,0.2679,0.2058,0.3300,96,4165,,,-0.0949,-0.1676,-0.0241,96
fullSK bycomplex-SP,ankh3_xl,fx_mlp,0.4332,0.3810,0.4854,96,4165,,,0.0704,0.0312,0.1069,96
fullSK bycomplex-SP,ankh3_xl,fx_scalar,0.4339,0.3785,0.4862,96,4165,,,0.0711,0.0235,0.1158,96
fullSK bycomplex-SP,aido,base,0.1803,0.1156,0.2442,96,4165,,,-0.1825,-0.2580,-0.1095,96
fullSK bycomplex-SP,aido,fx_mlp,0.3707,0.3163,0.4231,96,4165,,,0.0079,-0.0281,0.0414,96
fullSK bycomplex-SP,aido,fx_scalar,0.3951,0.3410,0.4493,96,4165,,,0.0323,-0.0009,0.0661,96
fullSK bycomplex-SP,esmc600m,base,0.2269,0.1613,0.2919,96,4165,,,-0.1359,-0.2098,-0.0644,96
fullSK bycomplex-SP,esmc600m,fx_mlp,0.3902,0.3345,0.4455,96,4165,,,0.0274,-0.0113,0.0648,96
fullSK bycomplex-SP,esmc600m,fx_scalar,0.3871,0.3307,0.4420,96,4165,,,0.0243,-0.0182,0.0651,96
fullSK bycomplex-SP,esm2,base,0.2614,0.1993,0.3235,96,4165,,,-0.1014,-0.1777,-0.0282,96
fullSK bycomplex-SP,prostt5,base,0.1937,0.1302,0.2577,96,4165,,,-0.1691,-0.2443,-0.0968,96
fullSK bycomplex-SP,prostt5,fx_mlp,0.3903,0.3333,0.4457,96,4165,,,0.0275,-0.0037,0.0574,96
fullSK bycomplex-SP,prostt5,fx_scalar,0.3980,0.3429,0.4528,96,4165,,,0.0352,0.0075,0.0633,96
fullSK bycomplex-SP,saprot,base,0.1205,0.0599,0.1798,96,4165,,,-0.2423,-0.3151,-0.1710,96
fullSK MP-bycomplex,—,FoldX alone,0.3933,0.2938,0.4899,42,1636,0.9872,0.3933,,,,
fullSK MP-bycomplex,ankh,base,0.3402,0.2311,0.4503,43,1636,,,-0.0408,-0.1594,0.0762,42
fullSK MP-bycomplex,ankh,fx_mlp,0.3914,0.2771,0.4974,43,1636,,,0.0141,-0.0722,0.0998,42
fullSK MP-bycomplex,ankh,fx_scalar,0.3967,0.2868,0.4977,43,1636,,,0.0181,-0.0760,0.1145,42
fullSK MP-bycomplex,esmc6b,base,0.3743,0.2657,0.4808,43,1636,,,-0.0142,-0.1330,0.1002,42
fullSK MP-bycomplex,esmc6b,fx_mlp,0.4232,0.3207,0.5201,43,1636,,,0.0422,-0.0451,0.1282,42
fullSK MP-bycomplex,esmc6b,fx_scalar,0.3905,0.2757,0.5018,43,1636,,,0.0081,-0.0870,0.1039,42
fullSK MP-bycomplex,ankh3_large,base,0.2722,0.1515,0.3921,43,1636,,,-0.1129,-0.2413,0.0172,42
fullSK MP-bycomplex,ankh3_large,fx_mlp,0.4148,0.3128,0.5102,43,1636,,,0.0344,-0.0515,0.1208,42
fullSK MP-bycomplex,ankh3_large,fx_scalar,0.3444,0.2416,0.4481,43,1636,,,-0.0423,-0.1371,0.0538,42
fullSK MP-bycomplex,ankh3_xl,base,0.3394,0.2226,0.4553,43,1636,,,-0.0480,-0.1684,0.0710,42
fullSK MP-bycomplex,ankh3_xl,fx_mlp,0.4325,0.3256,0.5332,43,1636,,,0.0559,-0.0244,0.1387,42
fullSK MP-bycomplex,ankh3_xl,fx_scalar,0.4047,0.2892,0.5114,43,1636,,,0.0209,-0.0642,0.1084,42
fullSK MP-bycomplex,aido,base,0.2633,0.1401,0.3844,43,1636,,,-0.1190,-0.2397,0.0055,42
fullSK MP-bycomplex,aido,fx_mlp,0.3234,0.2050,0.4387,43,1636,,,-0.0630,-0.1651,0.0427,42
fullSK MP-bycomplex,aido,fx_scalar,0.3569,0.2323,0.4730,43,1636,,,-0.0290,-0.1299,0.0684,42
fullSK MP-bycomplex,prostt5,base,0.2765,0.1521,0.3998,43,1636,,,-0.1160,-0.2407,0.0061,42
fullSK MP-bycomplex,prostt5,fx_mlp,0.4442,0.3397,0.5421,43,1636,,,0.0610,-0.0274,0.1491,42
fullSK MP-bycomplex,prostt5,fx_scalar,0.4163,0.3035,0.5197,43,1636,,,0.0349,-0.0427,0.1142,42
fullSK MP-bycomplex,saprot,base,0.1758,0.0578,0.2903,43,1636,,,-0.2232,-0.3503,-0.0944,42
fullSK MP-bycomplex,saprot,fx_mlp,0.2685,0.1488,0.3836,43,1636,,,-0.1202,-0.2318,-0.0105,42
fullSK MP-bycomplex,saprot,fx_scalar,0.3078,0.1830,0.4260,43,1636,,,-0.0782,-0.1859,0.0227,42
fullSK MP-clustered,—,FoldX alone,0.3933,0.2938,0.4899,42,1636,0.9872,0.3933,,,,
fullSK MP-clustered,ankh,base,0.0914,0.0089,0.1739,43,1636,,,-0.2944,-0.4089,-0.1779,42
fullSK MP-clustered,ankh,fx_mlp,0.3550,0.2586,0.4457,43,1636,,,-0.0326,-0.0933,0.0281,42
fullSK MP-clustered,ankh,fx_scalar,0.3307,0.2295,0.4232,43,1636,,,-0.0666,-0.1278,-0.0100,42
fullSK MP-clustered,esmc6b,base,0.1374,0.0259,0.2478,43,1636,,,-0.2472,-0.3709,-0.1197,42
fullSK MP-clustered,esmc6b,fx_mlp,0.3197,0.2145,0.4149,43,1636,,,-0.0581,-0.1218,0.0023,42
fullSK MP-clustered,esmc6b,fx_scalar,0.2697,0.1640,0.3685,43,1636,,,-0.1053,-0.1811,-0.0274,42
fullSK MP-clustered,ankh3_large,base,0.2010,0.0957,0.3033,43,1636,,,-0.1905,-0.2870,-0.0954,42
fullSK MP-clustered,ankh3_large,fx_mlp,0.2877,0.1744,0.3948,43,1636,,,-0.0965,-0.1632,-0.0331,42
fullSK MP-clustered,ankh3_large,fx_scalar,0.3087,0.1931,0.4165,43,1636,,,-0.0807,-0.1418,-0.0203,42
fullSK MP-clustered,ankh3_xl,base,0.1445,0.0547,0.2371,43,1636,,,-0.2569,-0.3688,-0.1449,42
fullSK MP-clustered,ankh3_xl,fx_mlp,0.3245,0.2050,0.4362,43,1636,,,-0.0769,-0.1390,-0.0179,42
fullSK MP-clustered,ankh3_xl,fx_scalar,0.2726,0.1556,0.3855,43,1636,,,-0.1210,-0.1861,-0.0583,42
fullSK MP-clustered,aido,base,0.0532,-0.0403,0.1449,43,1636,,,-0.3253,-0.4339,-0.2132,42
fullSK MP-clustered,aido,fx_mlp,0.1723,0.0572,0.2813,43,1636,,,-0.2201,-0.3426,-0.1127,42
fullSK MP-clustered,aido,fx_scalar,0.2875,0.1811,0.3832,43,1636,,,-0.0932,-0.1720,-0.0251,42
fullSK MP-clustered,prostt5,base,0.0668,-0.0293,0.1627,43,1636,,,-0.3310,-0.4167,-0.2440,42
fullSK MP-clustered,prostt5,fx_mlp,0.3418,0.2388,0.4375,43,1636,,,-0.0448,-0.1032,0.0100,42
fullSK MP-clustered,prostt5,fx_scalar,0.3435,0.2185,0.4573,43,1636,,,-0.0464,-0.0979,0.0004,42
fullSK MP-clustered,saprot,base,-0.0083,-0.1320,0.1194,43,1636,,,-0.3990,-0.5372,-0.2640,42
fullSK MP-clustered,saprot,fx_mlp,0.1944,0.0735,0.3063,43,1636,,,-0.1975,-0.3070,-0.1033,42
fullSK MP-clustered,saprot,fx_scalar,0.2263,0.1130,0.3376,43,1636,,,-0.1552,-0.2492,-0.0677,42
S1102 by-complex,—,FoldX alone,0.4425,0.3585,0.5177,24,1100,1.0000,0.4425,,,,
S1102 by-complex,ankh,base,0.2888,0.1510,0.4247,24,1100,,,-0.1537,-0.3271,0.0238,24
S1102 by-complex,ankh,fx_mlp,0.4820,0.3913,0.5667,24,1100,,,0.0395,-0.0595,0.1442,24
S1102 by-complex,ankh,fx_scalar,0.4947,0.3950,0.5821,24,1100,,,0.0522,-0.0558,0.1627,24
S1102 by-complex,esmc6b,base,0.4520,0.3407,0.5530,24,1100,,,0.0095,-0.1337,0.1522,24
S1102 by-complex,esmc6b,fx_mlp,0.5511,0.4697,0.6241,24,1100,,,0.1087,0.0163,0.2059,24
S1102 by-complex,esmc6b,fx_scalar,0.5464,0.4466,0.6270,24,1100,,,0.1039,-0.0154,0.2173,24
S1102 by-complex,ankh3_large,base,0.2811,0.1629,0.4010,24,1100,,,-0.1613,-0.3120,-0.0040,24
S1102 by-complex,ankh3_large,fx_mlp,0.4357,0.3294,0.5262,24,1100,,,-0.0067,-0.1239,0.1138,24
S1102 by-complex,ankh3_large,fx_scalar,0.5231,0.4432,0.5945,24,1100,,,0.0806,-0.0049,0.1737,24
S1102 by-complex,ankh3_xl,base,0.3495,0.2150,0.4782,24,1100,,,-0.0929,-0.2475,0.0647,24
S1102 by-complex,ankh3_xl,fx_mlp,0.4566,0.3732,0.5365,24,1100,,,0.0141,-0.0870,0.1245,24
S1102 by-complex,ankh3_xl,fx_scalar,0.5401,0.4402,0.6237,24,1100,,,0.0977,-0.0049,0.2011,24
S1102 by-complex,esmc600m,base,0.2832,0.1372,0.4249,24,1100,,,-0.1593,-0.3384,0.0175,24
S1102 by-complex,esmc600m,fx_mlp,0.4941,0.4042,0.5802,24,1100,,,0.0516,-0.0583,0.1734,24
S1102 by-complex,esmc600m,fx_scalar,0.5282,0.4410,0.6052,24,1100,,,0.0858,-0.0211,0.1973,24
S1102 by-complex,esm2,base,0.3250,0.1857,0.4609,24,1100,,,-0.1175,-0.2990,0.0583,24
S1102 by-complex,esm2,fx_mlp,0.4740,0.3676,0.5708,24,1100,,,0.0316,-0.0819,0.1501,24
S1102 by-complex,esm2,fx_scalar,0.4802,0.3809,0.5745,24,1100,,,0.0378,-0.0600,0.1311,24
S1102 by-complex,prostt5,base,0.2962,0.1594,0.4250,24,1100,,,-0.1462,-0.3097,0.0191,24
S1102 by-complex,prostt5,fx_mlp,0.4530,0.3454,0.5429,24,1100,,,0.0106,-0.1020,0.1210,24
S1102 by-complex,prostt5,fx_scalar,0.5493,0.4912,0.6089,24,1100,,,0.1069,0.0375,0.1823,24
S1102 by-complex,saprot,base,0.3249,0.1755,0.4678,24,1100,,,-0.1176,-0.3038,0.0670,24
S1102 by-complex,saprot,fx_mlp,0.4913,0.4173,0.5655,24,1100,,,0.0488,-0.0664,0.1733,24
S1102 by-complex,saprot,fx_scalar,0.5520,0.4702,0.6310,24,1100,,,0.1095,-0.0017,0.2245,24
S1102 by-complex,saprot13b,base,0.3505,0.1962,0.4945,24,1100,,,-0.0920,-0.2883,0.0997,24
S1102 by-complex,saprot13b,fx_mlp,0.4886,0.3915,0.5768,24,1100,,,0.0461,-0.0928,0.1873,24
S1102 by-complex,saprot13b,fx_scalar,0.5834,0.5098,0.6492,24,1100,,,0.1409,0.0472,0.2379,24
S1102 clustered,—,FoldX alone,0.4425,0.3585,0.5177,24,1100,1.0000,0.4425,,,,
S1102 clustered,ankh,base,0.1265,0.0169,0.2252,24,1100,,,-0.3160,-0.4549,-0.1715,24
S1102 clustered,ankh,fx_mlp,0.4325,0.3638,0.4941,24,1100,,,-0.0100,-0.0837,0.0695,24
S1102 clustered,ankh,fx_scalar,0.4264,0.3591,0.4940,24,1100,,,-0.0161,-0.0924,0.0598,24
S1102 clustered,esmc6b,base,0.3697,0.2564,0.4670,24,1100,,,-0.0728,-0.2013,0.0544,24
S1102 clustered,esmc6b,fx_mlp,0.3843,0.2768,0.4716,24,1100,,,-0.0581,-0.1793,0.0598,24
S1102 clustered,esmc6b,fx_scalar,0.4596,0.3607,0.5477,24,1100,,,0.0172,-0.0822,0.1193,24
S1102 clustered,ankh3_large,base,0.1074,0.0239,0.1853,24,1100,,,-0.3351,-0.4461,-0.2214,24
S1102 clustered,ankh3_large,fx_mlp,0.4354,0.3705,0.4994,24,1100,,,-0.0071,-0.0683,0.0648,24
S1102 clustered,ankh3_large,fx_scalar,0.3912,0.3186,0.4636,24,1100,,,-0.0513,-0.1196,0.0213,24
S1102 clustered,ankh3_xl,base,0.1974,0.0989,0.2912,24,1100,,,-0.2451,-0.3735,-0.1099,24
S1102 clustered,ankh3_xl,fx_mlp,0.4758,0.4134,0.5377,24,1100,,,0.0334,-0.0244,0.0946,24
S1102 clustered,ankh3_xl,fx_scalar,0.4702,0.4009,0.5342,24,1100,,,0.0277,-0.0318,0.0943,24
S1102 clustered,esmc600m,base,0.2670,0.1587,0.3701,24,1100,,,-0.1755,-0.3131,-0.0337,24
S1102 clustered,esmc600m,fx_mlp,0.3638,0.2622,0.4584,24,1100,,,-0.0787,-0.1967,0.0415,24
S1102 clustered,esmc600m,fx_scalar,0.4602,0.4057,0.5166,24,1100,,,0.0177,-0.0631,0.1002,24
S1102 clustered,esm2,base,0.2392,0.1154,0.3572,24,1100,,,-0.2033,-0.3582,-0.0456,24
S1102 clustered,esm2,fx_mlp,0.4622,0.3994,0.5211,24,1100,,,0.0197,-0.0427,0.0872,24
S1102 clustered,esm2,fx_scalar,0.3948,0.3138,0.4730,24,1100,,,-0.0477,-0.1308,0.0290,24
S1102 clustered,prostt5,base,0.0195,-0.0788,0.1234,24,1100,,,-0.4230,-0.5490,-0.2790,24
S1102 clustered,prostt5,fx_mlp,0.4351,0.3674,0.5000,24,1100,,,-0.0074,-0.0737,0.0611,24
S1102 clustered,prostt5,fx_scalar,0.4323,0.3579,0.5013,24,1100,,,-0.0102,-0.0701,0.0408,24
S1102 clustered,saprot,base,0.1990,0.0791,0.3175,24,1100,,,-0.2435,-0.4027,-0.0808,24
S1102 clustered,saprot,fx_mlp,0.4712,0.4145,0.5282,24,1100,,,0.0288,-0.0377,0.1095,24
S1102 clustered,saprot,fx_scalar,0.4564,0.3933,0.5176,24,1100,,,0.0139,-0.0750,0.1070,24
S1102 clustered,saprot13b,base,0.3139,0.1988,0.4206,24,1100,,,-0.1286,-0.2816,0.0250,24
S1102 clustered,saprot13b,fx_mlp,0.4291,0.3521,0.5029,24,1100,,,-0.0134,-0.1107,0.0909,24
S1102 clustered,saprot13b,fx_scalar,0.4568,0.3744,0.5308,24,1100,,,0.0143,-0.0929,0.1236,24
