1ACB.E.I_E	1ACB.E.I_I	LB38D	6.866746
1ACB.E.I_E	1ACB.E.I_I	LB38E	6.646428
1ACB.E.I_E	1ACB.E.I_I	LB38G	6.118069
1ACB.E.I_E	1ACB.E.I_I	LB38I	4.290150
1ACB.E.I_E	1ACB.E.I_I	LB38P	6.949068
1ACB.E.I_E	1ACB.E.I_I	LB38S	5.020848
1AHW.AB.C_AB	1AHW.AB.C_C	DB167A	-0.484810
1AHW.AB.C_AB	1AHW.AB.C_C	LB165A	0.987378
1AHW.AB.C_AB	1AHW.AB.C_C	NB188A	1.078705
1AHW.AB.C_AB	1AHW.AB.C_C	TB156A	-0.074153
1AHW.AB.C_AB	1AHW.AB.C_C	TB159A	1.106266
1AHW.AB.C_AB	1AHW.AB.C_C	TB186A	1.346485
1AHW.AB.C_AB	1AHW.AB.C_C	VB187A	-0.314372
1AHW.AB.C_AB	1AHW.AB.C_C	YB145A	3.807047
1AHW.AB.C_AB	1AHW.AB.C_C	YB146A	-1.889856
1AO7.ABC.DE_ABC	1AO7.ABC.DE_DE	AA149G	-0.154496
1AO7.ABC.DE_ABC	1AO7.ABC.DE_DE	AA150G	0.061950
1AO7.ABC.DE_ABC	1AO7.ABC.DE_DE	AA150P	1.003967
1AO7.ABC.DE_ABC	1AO7.ABC.DE_DE	AA158G	0.311991
1AO7.ABC.DE_ABC	1AO7.ABC.DE_DE	AA69G	1.366800
1AO7.ABC.DE_ABC	1AO7.ABC.DE_DE	AB165P	-0.325517
1AO7.ABC.DE_ABC	1AO7.ABC.DE_DE	AB211K	0.061574
1AO7.ABC.DE_ABC	1AO7.ABC.DE_DE	AB211M	-0.310481
1AO7.ABC.DE_ABC	1AO7.ABC.DE_DE	DA61A	0.379559
1AO7.ABC.DE_ABC	1AO7.ABC.DE_DE	DB26A	0.979000
1AO7.ABC.DE_ABC	1AO7.ABC.DE_DE	DB26M	0.211313
1AO7.ABC.DE_ABC	1AO7.ABC.DE_DE	DB26V	1.364171
1AO7.ABC.DE_ABC	1AO7.ABC.DE_DE	DB26W	-1.080450
1AO7.ABC.DE_ABC	1AO7.ABC.DE_DE	DB93A	0.779626
1AO7.ABC.DE_ABC	1AO7.ABC.DE_DE	DB93N	2.459521
1AO7.ABC.DE_ABC	1AO7.ABC.DE_DE	EA154A	0.361549
1AO7.ABC.DE_ABC	1AO7.ABC.DE_DE	EA166A	2.200084
1AO7.ABC.DE_ABC	1AO7.ABC.DE_DE	EA55A	0.855644
1AO7.ABC.DE_ABC	1AO7.ABC.DE_DE	EA58A	-0.487530
1AO7.ABC.DE_ABC	1AO7.ABC.DE_DE	EA63A	0.158537
1AO7.ABC.DE_ABC	1AO7.ABC.DE_DE	EB143A	2.022149
1AO7.ABC.DE_ABC	1AO7.ABC.DE_DE	GB212S	-0.326497
1AO7.ABC.DE_ABC	1AO7.ABC.DE_DE	GB213A	-1.091030
1AO7.ABC.DE_ABC	1AO7.ABC.DE_DE	GB213P	0.449733
1AO7.ABC.DE_ABC	1AO7.ABC.DE_DE	GB28A	0.542858
1AO7.ABC.DE_ABC	1AO7.ABC.DE_DE	GB28I	-0.279584
1AO7.ABC.DE_ABC	1AO7.ABC.DE_DE	GB28L	-0.466841
1AO7.ABC.DE_ABC	1AO7.ABC.DE_DE	GB28M	-0.518673
1AO7.ABC.DE_ABC	1AO7.ABC.DE_DE	GB28R	2.317686
1AO7.ABC.DE_ABC	1AO7.ABC.DE_DE	GB28T	-0.759230
1AO7.ABC.DE_ABC	1AO7.ABC.DE_DE	GB28V	0.542858
1AO7.ABC.DE_ABC	1AO7.ABC.DE_DE	HA151A	-0.302640
1AO7.ABC.DE_ABC	1AO7.ABC.DE_DE	HA70A	3.155595
1AO7.ABC.DE_ABC	1AO7.ABC.DE_DE	HA74A	1.604390
1AO7.ABC.DE_ABC	1AO7.ABC.DE_DE	IB167R	1.364171
1AO7.ABC.DE_ABC	1AO7.ABC.DE_DE	KA146A	0.462206
1AO7.ABC.DE_ABC	1AO7.ABC.DE_DE	KA66A	2.627111
1AO7.ABC.DE_ABC	1AO7.ABC.DE_DE	KA68A	0.193545
1AO7.ABC.DE_ABC	1AO7.ABC.DE_DE	KB66A	1.211536
1AO7.ABC.DE_ABC	1AO7.ABC.DE_DE	KB66H	0.953515
1AO7.ABC.DE_ABC	1AO7.ABC.DE_DE	KB97P	-0.267779
1AO7.ABC.DE_ABC	1AO7.ABC.DE_DE	LA375A	0.939034
1AO7.ABC.DE_ABC	1AO7.ABC.DE_DE	NB52A	0.354919
1AO7.ABC.DE_ABC	1AO7.ABC.DE_DE	PB215A	1.157746
1AO7.ABC.DE_ABC	1AO7.ABC.DE_DE	QA155A	0.231625
1AO7.ABC.DE_ABC	1AO7.ABC.DE_DE	QA43A	0.028906
1AO7.ABC.DE_ABC	1AO7.ABC.DE_DE	QA72A	0.186956
1AO7.ABC.DE_ABC	1AO7.ABC.DE_DE	QB30E	0.410656
1AO7.ABC.DE_ABC	1AO7.ABC.DE_DE	QB30L	1.685457
1AO7.ABC.DE_ABC	1AO7.ABC.DE_DE	QB30N	0.713296
1AO7.ABC.DE_ABC	1AO7.ABC.DE_DE	QB30V	-0.092118
1AO7.ABC.DE_ABC	1AO7.ABC.DE_DE	RA170A	-0.076653
1AO7.ABC.DE_ABC	1AO7.ABC.DE_DE	RA65A	3.043512
1AO7.ABC.DE_ABC	1AO7.ABC.DE_DE	RA75A	0.534724
1AO7.ABC.DE_ABC	1AO7.ABC.DE_DE	RB207A	0.389991
1AO7.ABC.DE_ABC	1AO7.ABC.DE_DE	RB214A	0.064695
1AO7.ABC.DE_ABC	1AO7.ABC.DE_DE	RB214P	-1.941686
1AO7.ABC.DE_ABC	1AO7.ABC.DE_DE	RB214Q	0.410656
1AO7.ABC.DE_ABC	1AO7.ABC.DE_DE	RB27A	0.490461
1AO7.ABC.DE_ABC	1AO7.ABC.DE_DE	RB27F	-0.199344
1AO7.ABC.DE_ABC	1AO7.ABC.DE_DE	RB27P	0.308001
1AO7.ABC.DE_ABC	1AO7.ABC.DE_DE	SB29A	0.302640
1AO7.ABC.DE_ABC	1AO7.ABC.DE_DE	SB31A	0.846152
1AO7.ABC.DE_ABC	1AO7.ABC.DE_DE	SB51M	-0.377734
1AO7.ABC.DE_ABC	1AO7.ABC.DE_DE	SB94A	-0.237595
1AO7.ABC.DE_ABC	1AO7.ABC.DE_DE	SB94N	1.907029
1AO7.ABC.DE_ABC	1AO7.ABC.DE_DE	SB94T	-0.493487
1AO7.ABC.DE_ABC	1AO7.ABC.DE_DE	SB94Y	2.317686
1AO7.ABC.DE_ABC	1AO7.ABC.DE_DE	TA163A	0.581570
1AO7.ABC.DE_ABC	1AO7.ABC.DE_DE	TA64A	-0.076041
1AO7.ABC.DE_ABC	1AO7.ABC.DE_DE	TA73A	0.766695
1AO7.ABC.DE_ABC	1AO7.ABC.DE_DE	TA80A	0.075735
1AO7.ABC.DE_ABC	1AO7.ABC.DE_DE	TB91A	0.957615
1AO7.ABC.DE_ABC	1AO7.ABC.DE_DE	TB92A	1.946656
1AO7.ABC.DE_ABC	1AO7.ABC.DE_DE	VA152A	-0.194249
1AO7.ABC.DE_ABC	1AO7.ABC.DE_DE	VA381R	1.225423
1AO7.ABC.DE_ABC	1AO7.ABC.DE_DE	VA67A	-0.558203
1AO7.ABC.DE_ABC	1AO7.ABC.DE_DE	VA76A	0.596872
1AO7.ABC.DE_ABC	1AO7.ABC.DE_DE	WA167A	1.313164
1AO7.ABC.DE_ABC	1AO7.ABC.DE_DE	WB95A	2.224471
1AO7.ABC.DE_ABC	1AO7.ABC.DE_DE	YA159A	3.245335
1AO7.ABC.DE_ABC	1AO7.ABC.DE_DE	YA379A	1.586162
1AO7.ABC.DE_ABC	1AO7.ABC.DE_DE	YA379F	0.086851
1AO7.ABC.DE_ABC	1AO7.ABC.DE_DE	YA379W	0.889024
1AO7.ABC.DE_ABC	1AO7.ABC.DE_DE	YA382A	3.167533
1AO7.ABC.DE_ABC	1AO7.ABC.DE_DE	YB50A	0.491139
1BD2.ABC.DE_ABC	1BD2.ABC.DE_DE	DB30N	1.937420
1BD2.ABC.DE_ABC	1BD2.ABC.DE_DE	EB218A	2.835139
1BD2.ABC.DE_ABC	1BD2.ABC.DE_DE	EB93A	1.315691
1BD2.ABC.DE_ABC	1BD2.ABC.DE_DE	RA65A	2.499233
1BD2.ABC.DE_ABC	1BD2.ABC.DE_DE	YA379A	3.342017
1BD2.ABC.DE_ABC	1BD2.ABC.DE_DE	YA379F	0.740059
1BD2.ABC.DE_ABC	1BD2.ABC.DE_DE	YA379W	1.928575
1BD2.ABC.DE_ABC	1BD2.ABC.DE_DE	YA382A	2.760374
1BD2.ABC.DE_ABC	1BD2.ABC.DE_DE	YB289A	0.307979
1BJ1.HL.VW_HL	1BJ1.HL.VW_VW	HA101Y	-1.584305
1BJ1.HL.VW_HL	1BJ1.HL.VW_VW	HA107A	0.790006
1BJ1.HL.VW_HL	1BJ1.HL.VW_VW	NA31H	-0.762992
1BJ1.HL.VW_HL	1BJ1.HL.VW_VW	SA105T	-0.390571
1BJ1.HL.VW_HL	1BJ1.HL.VW_VW	TA28D	-0.220134
1BJ1.HL.VW_HL	1BJ1.HL.VW_VW	TA59A	0.851048
1BJ1.HL.VW_HL	1BJ1.HL.VW_VW	YA27A	2.243533
1BJ1.HL.VW_HL	1BJ1.HL.VW_VW	YA54A	1.328254
1BJ1.HL.VW_HL	1BJ1.HL.VW_VW	YA54W	-0.137331
1BJ1.HL.VW_HL	1BJ1.HL.VW_VW	YA99A	4.440749
1C1Y.A.B_A	1C1Y.A.B_B	DA38A	2.620325
1C1Y.A.B_A	1C1Y.A.B_B	KA31E	-1.774828
1C1Y.A.B_A	1C1Y.A.B_B	KB11A	1.108953
1C1Y.A.B_A	1C1Y.A.B_B	KB11E	0.891094
1C1Y.A.B_A	1C1Y.A.B_B	KB11M	0.713296
1C1Y.A.B_A	1C1Y.A.B_B	KB30A	1.312621
1C1Y.A.B_A	1C1Y.A.B_B	KB30E	2.232905
1C1Y.A.B_A	1C1Y.A.B_B	NB10A	0.501983
1C1Y.A.B_A	1C1Y.A.B_B	NB10D	1.476288
1C1Y.A.B_A	1C1Y.A.B_B	QB12A	1.580890
1C1Y.A.B_A	1C1Y.A.B_B	RB13A	1.455498
1C1Y.A.B_A	1C1Y.A.B_B	RB35L	2.620325
1C1Y.A.B_A	1C1Y.A.B_B	RB5A	1.907029
1C1Y.A.B_A	1C1Y.A.B_B	TB14A	1.455498
1C1Y.A.B_A	1C1Y.A.B_B	VB15A	1.123952
1CBW.FGH.I_FGH	1CBW.FGH.I_I	FB33A	0.142877
1CBW.FGH.I_FGH	1CBW.FGH.I_I	GB12A	0.643666
1CBW.FGH.I_FGH	1CBW.FGH.I_I	GB36A	0.932698
1CBW.FGH.I_FGH	1CBW.FGH.I_I	GB37A	0.811234
1CBW.FGH.I_FGH	1CBW.FGH.I_I	IB18A	1.415721
1CBW.FGH.I_FGH	1CBW.FGH.I_I	IB19A	0.121245
1CBW.FGH.I_FGH	1CBW.FGH.I_I	KB15A	2.076119
1CBW.FGH.I_FGH	1CBW.FGH.I_I	KB15D	5.270803
1CBW.FGH.I_FGH	1CBW.FGH.I_I	KB15E	3.906632
1CBW.FGH.I_FGH	1CBW.FGH.I_I	KB15F	-1.984657
1CBW.FGH.I_FGH	1CBW.FGH.I_I	KB15G	4.156491
1CBW.FGH.I_FGH	1CBW.FGH.I_I	KB15H	0.100170
1CBW.FGH.I_FGH	1CBW.FGH.I_I	KB15I	2.961591
1CBW.FGH.I_FGH	1CBW.FGH.I_I	KB15L	-1.597415
1CBW.FGH.I_FGH	1CBW.FGH.I_I	KB15M	-1.441799
1CBW.FGH.I_FGH	1CBW.FGH.I_I	KB15N	1.337599
1CBW.FGH.I_FGH	1CBW.FGH.I_I	KB15Q	0.308843
1CBW.FGH.I_FGH	1CBW.FGH.I_I	KB15R	-0.620486
1CBW.FGH.I_FGH	1CBW.FGH.I_I	KB15S	3.425839
1CBW.FGH.I_FGH	1CBW.FGH.I_I	KB15T	2.107856
1CBW.FGH.I_FGH	1CBW.FGH.I_I	KB15V	2.157552
1CBW.FGH.I_FGH	1CBW.FGH.I_I	KB15W	-2.461035
1CBW.FGH.I_FGH	1CBW.FGH.I_I	KB15Y	-2.641487
1CBW.FGH.I_FGH	1CBW.FGH.I_I	KB46A	0.121245
1CBW.FGH.I_FGH	1CBW.FGH.I_I	PB13A	-0.078099
1CBW.FGH.I_FGH	1CBW.FGH.I_I	RB17A	0.527460
1CBW.FGH.I_FGH	1CBW.FGH.I_I	RB20A	0.327579
1CBW.FGH.I_FGH	1CBW.FGH.I_I	RB39A	0.210964
1CBW.FGH.I_FGH	1CBW.FGH.I_I	TB11A	0.210964
1CBW.FGH.I_FGH	1CBW.FGH.I_I	VB34A	0.025775
1CBW.FGH.I_FGH	1CBW.FGH.I_I	YB35A	0.843117
1CHO.EFG.I_EFG	1CHO.EFG.I_I	AB12C	-0.326778
1CHO.EFG.I_EFG	1CHO.EFG.I_I	AB12D	0.000000
1CHO.EFG.I_EFG	1CHO.EFG.I_I	AB12E	0.225007
1CHO.EFG.I_EFG	1CHO.EFG.I_I	AB12F	-0.735482
1CHO.EFG.I_EFG	1CHO.EFG.I_I	AB12G	0.066014
1CHO.EFG.I_EFG	1CHO.EFG.I_I	AB12H	-0.326778
1CHO.EFG.I_EFG	1CHO.EFG.I_I	AB12I	0.655363
1CHO.EFG.I_EFG	1CHO.EFG.I_I	AB12K	2.498728
1CHO.EFG.I_EFG	1CHO.EFG.I_I	AB12L	0.140701
1CHO.EFG.I_EFG	1CHO.EFG.I_I	AB12M	0.140701
1CHO.EFG.I_EFG	1CHO.EFG.I_I	AB12N	-0.288909
1CHO.EFG.I_EFG	1CHO.EFG.I_I	AB12P	3.108965
1CHO.EFG.I_EFG	1CHO.EFG.I_I	AB12Q	0.442451
1CHO.EFG.I_EFG	1CHO.EFG.I_I	AB12R	0.468555
1CHO.EFG.I_EFG	1CHO.EFG.I_I	AB12S	0.066014
1CHO.EFG.I_EFG	1CHO.EFG.I_I	AB12T	0.969077
1CHO.EFG.I_EFG	1CHO.EFG.I_I	AB12V	0.938498
1CHO.EFG.I_EFG	1CHO.EFG.I_I	AB12W	-1.925330
1CHO.EFG.I_EFG	1CHO.EFG.I_I	AB12Y	-0.875531
1CHO.EFG.I_EFG	1CHO.EFG.I_I	EB16A	2.333248
1CHO.EFG.I_EFG	1CHO.EFG.I_I	EB16C	2.728342
1CHO.EFG.I_EFG	1CHO.EFG.I_I	EB16D	0.881760
1CHO.EFG.I_EFG	1CHO.EFG.I_I	EB16F	3.622681
1CHO.EFG.I_EFG	1CHO.EFG.I_I	EB16G	3.622681
1CHO.EFG.I_EFG	1CHO.EFG.I_I	EB16H	2.089729
1CHO.EFG.I_EFG	1CHO.EFG.I_I	EB16I	2.642434
1CHO.EFG.I_EFG	1CHO.EFG.I_I	EB16K	3.594646
1CHO.EFG.I_EFG	1CHO.EFG.I_I	EB16L	2.869043
1CHO.EFG.I_EFG	1CHO.EFG.I_I	EB16M	2.698309
1CHO.EFG.I_EFG	1CHO.EFG.I_I	EB16N	2.333248
1CHO.EFG.I_EFG	1CHO.EFG.I_I	EB16P	2.590766
1CHO.EFG.I_EFG	1CHO.EFG.I_I	EB16Q	1.334138
1CHO.EFG.I_EFG	1CHO.EFG.I_I	EB16R	3.681857
1CHO.EFG.I_EFG	1CHO.EFG.I_I	EB16S	2.794357
1CHO.EFG.I_EFG	1CHO.EFG.I_I	EB16T	2.909385
1CHO.EFG.I_EFG	1CHO.EFG.I_I	EB16V	2.439434
1CHO.EFG.I_EFG	1CHO.EFG.I_I	EB16W	3.160022
1CHO.EFG.I_EFG	1CHO.EFG.I_I	EB16Y	2.669166
1CHO.EFG.I_EFG	1CHO.EFG.I_I	GB29A	-0.931722
1CHO.EFG.I_EFG	1CHO.EFG.I_I	GB29C	2.543463
1CHO.EFG.I_EFG	1CHO.EFG.I_I	GB29D	3.108965
1CHO.EFG.I_EFG	1CHO.EFG.I_I	GB29E	2.615803
1CHO.EFG.I_EFG	1CHO.EFG.I_I	GB29F	0.102169
1CHO.EFG.I_EFG	1CHO.EFG.I_I	GB29H	-0.983548
1CHO.EFG.I_EFG	1CHO.EFG.I_I	GB29I	2.367356
1CHO.EFG.I_EFG	1CHO.EFG.I_I	GB29K	1.589178
1CHO.EFG.I_EFG	1CHO.EFG.I_I	GB29L	1.750689
1CHO.EFG.I_EFG	1CHO.EFG.I_I	GB29M	1.636540
1CHO.EFG.I_EFG	1CHO.EFG.I_I	GB29N	0.953515
1CHO.EFG.I_EFG	1CHO.EFG.I_I	GB29P	0.324097
1CHO.EFG.I_EFG	1CHO.EFG.I_I	GB29Q	2.383700
1CHO.EFG.I_EFG	1CHO.EFG.I_I	GB29R	1.744794
1CHO.EFG.I_EFG	1CHO.EFG.I_I	GB29S	-0.137576
1CHO.EFG.I_EFG	1CHO.EFG.I_I	GB29T	2.076340
1CHO.EFG.I_EFG	1CHO.EFG.I_I	GB29V	0.647226
1CHO.EFG.I_EFG	1CHO.EFG.I_I	GB29W	1.056630
1CHO.EFG.I_EFG	1CHO.EFG.I_I	GB29Y	-0.983548
1CHO.EFG.I_EFG	1CHO.EFG.I_I	KB10A	0.181043
1CHO.EFG.I_EFG	1CHO.EFG.I_I	KB10C	0.503269
1CHO.EFG.I_EFG	1CHO.EFG.I_I	KB10D	-0.511063
1CHO.EFG.I_EFG	1CHO.EFG.I_I	KB10E	0.181043
1CHO.EFG.I_EFG	1CHO.EFG.I_I	KB10F	1.093327
1CHO.EFG.I_EFG	1CHO.EFG.I_I	KB10G	1.822422
1CHO.EFG.I_EFG	1CHO.EFG.I_I	KB10H	0.140701
1CHO.EFG.I_EFG	1CHO.EFG.I_I	KB10I	1.545214
1CHO.EFG.I_EFG	1CHO.EFG.I_I	KB10L	0.380623
1CHO.EFG.I_EFG	1CHO.EFG.I_I	KB10M	0.426219
1CHO.EFG.I_EFG	1CHO.EFG.I_I	KB10N	-0.360987
1CHO.EFG.I_EFG	1CHO.EFG.I_I	KB10P	2.076340
1CHO.EFG.I_EFG	1CHO.EFG.I_I	KB10Q	-0.572891
1CHO.EFG.I_EFG	1CHO.EFG.I_I	KB10R	-0.377795
1CHO.EFG.I_EFG	1CHO.EFG.I_I	KB10S	-0.426639
1CHO.EFG.I_EFG	1CHO.EFG.I_I	KB10T	0.380623
1CHO.EFG.I_EFG	1CHO.EFG.I_I	KB10V	1.201936
1CHO.EFG.I_EFG	1CHO.EFG.I_I	KB10W	1.019529
1CHO.EFG.I_EFG	1CHO.EFG.I_I	KB10Y	1.075263
1CHO.EFG.I_EFG	1CHO.EFG.I_I	LB15A	4.849173
1CHO.EFG.I_EFG	1CHO.EFG.I_I	LB15C	2.642434
1CHO.EFG.I_EFG	1CHO.EFG.I_I	LB15D	7.201479
1CHO.EFG.I_EFG	1CHO.EFG.I_I	LB15E	6.756169
1CHO.EFG.I_EFG	1CHO.EFG.I_I	LB15F	-1.501747
1CHO.EFG.I_EFG	1CHO.EFG.I_I	LB15G	6.085373
1CHO.EFG.I_EFG	1CHO.EFG.I_I	LB15H	3.000712
1CHO.EFG.I_EFG	1CHO.EFG.I_I	LB15I	4.479032
1CHO.EFG.I_EFG	1CHO.EFG.I_I	LB15K	4.373346
1CHO.EFG.I_EFG	1CHO.EFG.I_I	LB15M	0.352360
1CHO.EFG.I_EFG	1CHO.EFG.I_I	LB15N	3.357031
1CHO.EFG.I_EFG	1CHO.EFG.I_I	LB15P	8.801906
1CHO.EFG.I_EFG	1CHO.EFG.I_I	LB15Q	3.255140
1CHO.EFG.I_EFG	1CHO.EFG.I_I	LB15R	4.006606
1CHO.EFG.I_EFG	1CHO.EFG.I_I	LB15S	4.986852
1CHO.EFG.I_EFG	1CHO.EFG.I_I	LB15T	4.484869
1CHO.EFG.I_EFG	1CHO.EFG.I_I	LB15V	4.273556
1CHO.EFG.I_EFG	1CHO.EFG.I_I	LB15W	-1.690949
1CHO.EFG.I_EFG	1CHO.EFG.I_I	LB15Y	-2.225073
1CHO.EFG.I_EFG	1CHO.EFG.I_I	NB25S	0.000000
1CHO.EFG.I_EFG	1CHO.EFG.I_I	NB33A	-1.364171
1CHO.EFG.I_EFG	1CHO.EFG.I_I	NB33C	-0.112539
1CHO.EFG.I_EFG	1CHO.EFG.I_I	NB33D	-1.040074
1CHO.EFG.I_EFG	1CHO.EFG.I_I	NB33E	2.333248
1CHO.EFG.I_EFG	1CHO.EFG.I_I	NB33F	2.367356
1CHO.EFG.I_EFG	1CHO.EFG.I_I	NB33G	-1.394204
1CHO.EFG.I_EFG	1CHO.EFG.I_I	NB33H	-0.735482
1CHO.EFG.I_EFG	1CHO.EFG.I_I	NB33I	-0.030033
1CHO.EFG.I_EFG	1CHO.EFG.I_I	NB33K	2.333248
1CHO.EFG.I_EFG	1CHO.EFG.I_I	NB33L	0.616879
1CHO.EFG.I_EFG	1CHO.EFG.I_I	NB33M	-0.208424
1CHO.EFG.I_EFG	1CHO.EFG.I_I	NB33P	-1.834004
1CHO.EFG.I_EFG	1CHO.EFG.I_I	NB33Q	-0.184879
1CHO.EFG.I_EFG	1CHO.EFG.I_I	NB33R	1.589178
1CHO.EFG.I_EFG	1CHO.EFG.I_I	NB33S	-1.476710
1CHO.EFG.I_EFG	1CHO.EFG.I_I	NB33T	-1.298157
1CHO.EFG.I_EFG	1CHO.EFG.I_I	NB33V	0.032862
1CHO.EFG.I_EFG	1CHO.EFG.I_I	NB33W	2.178687
1CHO.EFG.I_EFG	1CHO.EFG.I_I	NB33Y	2.566107
1CHO.EFG.I_EFG	1CHO.EFG.I_I	PB11A	0.380623
1CHO.EFG.I_EFG	1CHO.EFG.I_I	PB11C	-0.983548
1CHO.EFG.I_EFG	1CHO.EFG.I_I	PB11D	-0.851346
1CHO.EFG.I_EFG	1CHO.EFG.I_I	PB11E	-0.720093
1CHO.EFG.I_EFG	1CHO.EFG.I_I	PB11F	-0.307541
1CHO.EFG.I_EFG	1CHO.EFG.I_I	PB11G	0.636434
1CHO.EFG.I_EFG	1CHO.EFG.I_I	PB11H	-0.112539
1CHO.EFG.I_EFG	1CHO.EFG.I_I	PB11I	-0.511063
1CHO.EFG.I_EFG	1CHO.EFG.I_I	PB11K	0.386518
1CHO.EFG.I_EFG	1CHO.EFG.I_I	PB11L	-0.524559
1CHO.EFG.I_EFG	1CHO.EFG.I_I	PB11M	-0.828110
1CHO.EFG.I_EFG	1CHO.EFG.I_I	PB11N	-0.779988
1CHO.EFG.I_EFG	1CHO.EFG.I_I	PB11Q	-0.727738
1CHO.EFG.I_EFG	1CHO.EFG.I_I	PB11R	0.398135
1CHO.EFG.I_EFG	1CHO.EFG.I_I	PB11S	-0.440690
1CHO.EFG.I_EFG	1CHO.EFG.I_I	PB11T	-0.549655
1CHO.EFG.I_EFG	1CHO.EFG.I_I	PB11V	-0.549655
1CHO.EFG.I_EFG	1CHO.EFG.I_I	PB11W	-0.208424
1CHO.EFG.I_EFG	1CHO.EFG.I_I	PB11Y	-0.395094
1CHO.EFG.I_EFG	1CHO.EFG.I_I	RB18A	3.191768
1CHO.EFG.I_EFG	1CHO.EFG.I_I	RB18C	3.519622
1CHO.EFG.I_EFG	1CHO.EFG.I_I	RB18D	3.783077
1CHO.EFG.I_EFG	1CHO.EFG.I_I	RB18E	3.519622
1CHO.EFG.I_EFG	1CHO.EFG.I_I	RB18F	2.953349
1CHO.EFG.I_EFG	1CHO.EFG.I_I	RB18G	3.486107
1CHO.EFG.I_EFG	1CHO.EFG.I_I	RB18H	2.794357
1CHO.EFG.I_EFG	1CHO.EFG.I_I	RB18I	2.109262
1CHO.EFG.I_EFG	1CHO.EFG.I_I	RB18K	0.662769
1CHO.EFG.I_EFG	1CHO.EFG.I_I	RB18L	2.830511
1CHO.EFG.I_EFG	1CHO.EFG.I_I	RB18M	2.615803
1CHO.EFG.I_EFG	1CHO.EFG.I_I	RB18N	3.519622
1CHO.EFG.I_EFG	1CHO.EFG.I_I	RB18P	7.289410
1CHO.EFG.I_EFG	1CHO.EFG.I_I	RB18Q	2.478472
1CHO.EFG.I_EFG	1CHO.EFG.I_I	RB18S	3.186593
1CHO.EFG.I_EFG	1CHO.EFG.I_I	RB18T	2.669166
1CHO.EFG.I_EFG	1CHO.EFG.I_I	RB18V	2.066095
1CHO.EFG.I_EFG	1CHO.EFG.I_I	RB18W	2.439434
1CHO.EFG.I_EFG	1CHO.EFG.I_I	RB18Y	3.000712
1CHO.EFG.I_EFG	1CHO.EFG.I_I	TB14A	4.238024
1CHO.EFG.I_EFG	1CHO.EFG.I_I	TB14C	3.329099
1CHO.EFG.I_EFG	1CHO.EFG.I_I	TB14D	6.820856
1CHO.EFG.I_EFG	1CHO.EFG.I_I	TB14E	5.660643
1CHO.EFG.I_EFG	1CHO.EFG.I_I	TB14F	4.233214
1CHO.EFG.I_EFG	1CHO.EFG.I_I	TB14G	5.294449
1CHO.EFG.I_EFG	1CHO.EFG.I_I	TB14H	3.651824
1CHO.EFG.I_EFG	1CHO.EFG.I_I	TB14I	3.651824
1CHO.EFG.I_EFG	1CHO.EFG.I_I	TB14K	4.092513
1CHO.EFG.I_EFG	1CHO.EFG.I_I	TB14L	4.416611
1CHO.EFG.I_EFG	1CHO.EFG.I_I	TB14M	3.954937
1CHO.EFG.I_EFG	1CHO.EFG.I_I	TB14N	4.317521
1CHO.EFG.I_EFG	1CHO.EFG.I_I	TB14P	4.233214
1CHO.EFG.I_EFG	1CHO.EFG.I_I	TB14Q	3.681857
1CHO.EFG.I_EFG	1CHO.EFG.I_I	TB14R	3.884090
1CHO.EFG.I_EFG	1CHO.EFG.I_I	TB14S	2.350547
1CHO.EFG.I_EFG	1CHO.EFG.I_I	TB14V	3.427449
1CHO.EFG.I_EFG	1CHO.EFG.I_I	TB14W	4.158528
1CHO.EFG.I_EFG	1CHO.EFG.I_I	TB14Y	4.473137
1CHO.EFG.I_EFG	1CHO.EFG.I_I	YB17A	2.543463
1CHO.EFG.I_EFG	1CHO.EFG.I_I	YB17C	2.543463
1CHO.EFG.I_EFG	1CHO.EFG.I_I	YB17D	6.204172
1CHO.EFG.I_EFG	1CHO.EFG.I_I	YB17E	5.015995
1CHO.EFG.I_EFG	1CHO.EFG.I_I	YB17F	0.181043
1CHO.EFG.I_EFG	1CHO.EFG.I_I	YB17G	3.176107
1CHO.EFG.I_EFG	1CHO.EFG.I_I	YB17H	1.509682
1CHO.EFG.I_EFG	1CHO.EFG.I_I	YB17I	2.109262
1CHO.EFG.I_EFG	1CHO.EFG.I_I	YB17K	3.165432
1CHO.EFG.I_EFG	1CHO.EFG.I_I	YB17L	0.684447
1CHO.EFG.I_EFG	1CHO.EFG.I_I	YB17M	1.226595
1CHO.EFG.I_EFG	1CHO.EFG.I_I	YB17N	3.000712
1CHO.EFG.I_EFG	1CHO.EFG.I_I	YB17P	8.565650
1CHO.EFG.I_EFG	1CHO.EFG.I_I	YB17Q	3.154561
1CHO.EFG.I_EFG	1CHO.EFG.I_I	YB17R	2.909385
1CHO.EFG.I_EFG	1CHO.EFG.I_I	YB17S	2.869043
1CHO.EFG.I_EFG	1CHO.EFG.I_I	YB17T	3.304062
1CHO.EFG.I_EFG	1CHO.EFG.I_I	YB17V	3.463747
1CHO.EFG.I_EFG	1CHO.EFG.I_I	YB17W	0.392355
1CSE.E.I_E	1CSE.E.I_I	LB38D	4.411843
1CSE.E.I_E	1CSE.E.I_I	LB38E	2.382746
1CSE.E.I_E	1CSE.E.I_I	LB38G	2.280577
1CSE.E.I_E	1CSE.E.I_I	LB38I	2.982502
1CSE.E.I_E	1CSE.E.I_I	LB38P	6.765446
1CSE.E.I_E	1CSE.E.I_I	LB38S	1.188776
1CSO.E.I_E	1CSO.E.I_I	IB13L	-4.481256
1CT0.E.I_E	1CT0.E.I_I	SB13L	-4.158235
1CT2.E.I_E	1CT2.E.I_I	TB13L	-3.204720
1CT4.E.I_E	1CT4.E.I_I	VB13L	-3.034282
1CZ8.HL.VW_HL	1CZ8.HL.VW_VW	LA222M	0.040875
1DAN.HL.UT_HL	1DAN.HL.UT_UT	DB155A	1.419978
1DAN.HL.UT_HL	1DAN.HL.UT_UT	DB169A	1.989497
1DAN.HL.UT_HL	1DAN.HL.UT_UT	DB169E	1.380300
1DAN.HL.UT_HL	1DAN.HL.UT_UT	DB172A	0.242044
1DAN.HL.UT_HL	1DAN.HL.UT_UT	DB39A	-0.026554
1DAN.HL.UT_HL	1DAN.HL.UT_UT	DB55A	-0.010675
1DAN.HL.UT_HL	1DAN.HL.UT_UT	EB114A	-0.004828
1DAN.HL.UT_HL	1DAN.HL.UT_UT	EB135A	0.657886
1DAN.HL.UT_HL	1DAN.HL.UT_UT	EB137A	0.101408
1DAN.HL.UT_HL	1DAN.HL.UT_UT	EB15A	-0.059836
1DAN.HL.UT_HL	1DAN.HL.UT_UT	EB173A	0.000000
1DAN.HL.UT_HL	1DAN.HL.UT_UT	EB38A	0.085805
1DAN.HL.UT_HL	1DAN.HL.UT_UT	EB9A	-0.175590
1DAN.HL.UT_HL	1DAN.HL.UT_UT	FB161A	0.437911
1DAN.HL.UT_HL	1DAN.HL.UT_UT	FB187A	1.105437
1DAN.HL.UT_HL	1DAN.HL.UT_UT	FB50A	1.748603
1DAN.HL.UT_HL	1DAN.HL.UT_UT	FB57A	-0.059836
1DAN.HL.UT_HL	1DAN.HL.UT_UT	GB154A	0.064695
1DAN.HL.UT_HL	1DAN.HL.UT_UT	GB70R	-0.162793
1DAN.HL.UT_HL	1DAN.HL.UT_UT	IB133A	0.645076
1DAN.HL.UT_HL	1DAN.HL.UT_UT	IB149A	-0.126532
1DAN.HL.UT_HL	1DAN.HL.UT_UT	IB174A	0.000000
1DAN.HL.UT_HL	1DAN.HL.UT_UT	IB62A	0.178794
1DAN.HL.UT_HL	1DAN.HL.UT_UT	KA189A	-0.186670
1DAN.HL.UT_HL	1DAN.HL.UT_UT	KB126A	-0.397342
1DAN.HL.UT_HL	1DAN.HL.UT_UT	KB131A	2.513255
1DAN.HL.UT_HL	1DAN.HL.UT_UT	KB131R	1.685741
1DAN.HL.UT_HL	1DAN.HL.UT_UT	KB139A	0.116610
1DAN.HL.UT_HL	1DAN.HL.UT_UT	KB152A	0.321569
1DAN.HL.UT_HL	1DAN.HL.UT_UT	KB157A	0.563316
1DAN.HL.UT_HL	1DAN.HL.UT_UT	KB159A	0.667607
1DAN.HL.UT_HL	1DAN.HL.UT_UT	KB179A	-0.070382
1DAN.HL.UT_HL	1DAN.HL.UT_UT	KB32A	-0.123609
1DAN.HL.UT_HL	1DAN.HL.UT_UT	KB75A	0.116610
1DAN.HL.UT_HL	1DAN.HL.UT_UT	KB87A	0.017064
1DAN.HL.UT_HL	1DAN.HL.UT_UT	LA135A	0.015800
1DAN.HL.UT_HL	1DAN.HL.UT_UT	LB170A	0.000000
1DAN.HL.UT_HL	1DAN.HL.UT_UT	LB183A	-0.059836
1DAN.HL.UT_HL	1DAN.HL.UT_UT	LB43A	-0.027561
1DAN.HL.UT_HL	1DAN.HL.UT_UT	LB82A	0.079952
1DAN.HL.UT_HL	1DAN.HL.UT_UT	MA154A	0.744485
1DAN.HL.UT_HL	1DAN.HL.UT_UT	NB105A	0.000000
1DAN.HL.UT_HL	1DAN.HL.UT_UT	NB129A	0.180215
1DAN.HL.UT_HL	1DAN.HL.UT_UT	NB17A	0.000000
1DAN.HL.UT_HL	1DAN.HL.UT_UT	NB48A	0.000000
1DAN.HL.UT_HL	1DAN.HL.UT_UT	PB2A	-0.185827
1DAN.HL.UT_HL	1DAN.HL.UT_UT	QB148A	0.637864
1DAN.HL.UT_HL	1DAN.HL.UT_UT	QB180A	0.000000
1DAN.HL.UT_HL	1DAN.HL.UT_UT	QB20A	1.305465
1DAN.HL.UT_HL	1DAN.HL.UT_UT	RA125A	0.749025
1DAN.HL.UT_HL	1DAN.HL.UT_UT	RB102A	0.460604
1DAN.HL.UT_HL	1DAN.HL.UT_UT	RB41A	0.000000
1DAN.HL.UT_HL	1DAN.HL.UT_UT	RB45A	0.752724
1DAN.HL.UT_HL	1DAN.HL.UT_UT	RB46A	-0.059836
1DAN.HL.UT_HL	1DAN.HL.UT_UT	RB54A	-0.002892
1DAN.HL.UT_HL	1DAN.HL.UT_UT	SB101A	-0.002892
1DAN.HL.UT_HL	1DAN.HL.UT_UT	SB127A	-0.129807
1DAN.HL.UT_HL	1DAN.HL.UT_UT	SB153A	-0.069300
1DAN.HL.UT_HL	1DAN.HL.UT_UT	SB158A	-0.041485
1DAN.HL.UT_HL	1DAN.HL.UT_UT	SB69A	0.022644
1DAN.HL.UT_HL	1DAN.HL.UT_UT	TB103A	0.109843
1DAN.HL.UT_HL	1DAN.HL.UT_UT	TB109A	0.135272
1DAN.HL.UT_HL	1DAN.HL.UT_UT	TB128A	0.120547
1DAN.HL.UT_HL	1DAN.HL.UT_UT	TB132A	-0.159008
1DAN.HL.UT_HL	1DAN.HL.UT_UT	TB163A	0.404857
1DAN.HL.UT_HL	1DAN.HL.UT_UT	TB16A	-0.059836
1DAN.HL.UT_HL	1DAN.HL.UT_UT	TB171A	2.224076
1DAN.HL.UT_HL	1DAN.HL.UT_UT	TB42A	0.000000
1DAN.HL.UT_HL	1DAN.HL.UT_UT	TB49A	-0.015592
1DAN.HL.UT_HL	1DAN.HL.UT_UT	TB73A	0.211986
1DAN.HL.UT_HL	1DAN.HL.UT_UT	TB78A	-0.025549
1DAN.HL.UT_HL	1DAN.HL.UT_UT	VB104A	0.109843
1DAN.HL.UT_HL	1DAN.HL.UT_UT	VB113A	0.690600
1DAN.HL.UT_HL	1DAN.HL.UT_UT	VB144A	-0.185827
1DAN.HL.UT_HL	1DAN.HL.UT_UT	VB147A	-0.126532
1DAN.HL.UT_HL	1DAN.HL.UT_UT	VB175A	0.000000
1DAN.HL.UT_HL	1DAN.HL.UT_UT	VB56A	0.199540
1DAN.HL.UT_HL	1DAN.HL.UT_UT	VB85A	0.109843
1DAN.HL.UT_HL	1DAN.HL.UT_UT	WB125F	0.691750
1DAN.HL.UT_HL	1DAN.HL.UT_UT	WB136F	0.615198
1DAN.HL.UT_HL	1DAN.HL.UT_UT	WB156A	1.935552
1DAN.HL.UT_HL	1DAN.HL.UT_UT	WB156F	1.270596
1DAN.HL.UT_HL	1DAN.HL.UT_UT	WB68F	0.122896
1DAN.HL.UT_HL	1DAN.HL.UT_UT	YB162A	-0.126532
1DAN.HL.UT_HL	1DAN.HL.UT_UT	YB189A	0.627639
1DAN.HL.UT_HL	1DAN.HL.UT_UT	YB4A	0.667917
1DAN.HL.UT_HL	1DAN.HL.UT_UT	YB66L	0.154846
1DAN.HL.UT_HL	1DAN.HL.UT_UT	YB67A	0.000000
1DAN.HL.UT_HL	1DAN.HL.UT_UT	YB91A	-0.329865
1DQJ.AB.C_AB	1DQJ.AB.C_C	DA246A	2.014335
1DQJ.AB.C_AB	1DQJ.AB.C_C	DB101A	1.377167
1DQJ.AB.C_AB	1DQJ.AB.C_C	KB96A	6.158576
1DQJ.AB.C_AB	1DQJ.AB.C_C	KB97A	3.521282
1DQJ.AB.C_AB	1DQJ.AB.C_C	LB75A	1.453057
1DQJ.AB.C_AB	1DQJ.AB.C_C	NA31A	2.014335
1DQJ.AB.C_AB	1DQJ.AB.C_C	NA32A	4.092513
1DQJ.AB.C_AB	1DQJ.AB.C_C	NB93A	0.650164
1DQJ.AB.C_AB	1DQJ.AB.C_C	RB21A	1.214314
1DQJ.AB.C_AB	1DQJ.AB.C_C	SA91A	1.432529
1DQJ.AB.C_AB	1DQJ.AB.C_C	SB100A	0.775930
1DQJ.AB.C_AB	1DQJ.AB.C_C	TB89A	0.841220
1DQJ.AB.C_AB	1DQJ.AB.C_C	WA312A	4.933734
1DQJ.AB.C_AB	1DQJ.AB.C_C	WB62A	0.758418
1DQJ.AB.C_AB	1DQJ.AB.C_C	WB63A	1.346872
1DQJ.AB.C_AB	1DQJ.AB.C_C	YA247A	5.526939
1DQJ.AB.C_AB	1DQJ.AB.C_C	YA264A	6.891110
1DQJ.AB.C_AB	1DQJ.AB.C_C	YA267A	1.180807
1DQJ.AB.C_AB	1DQJ.AB.C_C	YA50A	2.679498
1DQJ.AB.C_AB	1DQJ.AB.C_C	YA96A	1.135559
1DQJ.AB.C_AB	1DQJ.AB.C_C	YB20A	3.287180
1DVF.AB.CD_AB	1DVF.AB.CD_CD	DA161A	4.283173
1DVF.AB.CD_AB	1DVF.AB.CD_CD	DA165A	1.600721
1DVF.AB.CD_AB	1DVF.AB.CD_CD	DA207A	2.790763
1DVF.AB.CD_AB	1DVF.AB.CD_CD	DB159A	1.683043
1DVF.AB.CD_AB	1DVF.AB.CD_CD	EA205A	4.188524
1DVF.AB.CD_AB	1DVF.AB.CD_CD	HA30A	1.650121
1DVF.AB.CD_AB	1DVF.AB.CD_CD	HB140A	1.861434
1DVF.AB.CD_AB	1DVF.AB.CD_CD	IB208A	2.682746
1DVF.AB.CD_AB	1DVF.AB.CD_CD	KB137A	1.003967
1DVF.AB.CD_AB	1DVF.AB.CD_CD	NA163A	1.162959
1DVF.AB.CD_AB	1DVF.AB.CD_CD	NB162A	1.861434
1DVF.AB.CD_AB	1DVF.AB.CD_CD	QB211A	1.629452
1DVF.AB.CD_AB	1DVF.AB.CD_CD	RA206A	1.875485
1DVF.AB.CD_AB	1DVF.AB.CD_CD	RB213A	4.092513
1DVF.AB.CD_AB	1DVF.AB.CD_CD	SA93A	1.162959
1DVF.AB.CD_AB	1DVF.AB.CD_CD	TA137A	0.907919
1DVF.AB.CD_AB	1DVF.AB.CD_CD	WA159A	4.134849
1DVF.AB.CD_AB	1DVF.AB.CD_CD	WA92A	0.340876
1DVF.AB.CD_AB	1DVF.AB.CD_CD	YA139A	1.832291
1DVF.AB.CD_AB	1DVF.AB.CD_CD	YA208F	2.013215
1DVF.AB.CD_AB	1DVF.AB.CD_CD	YA32A	2.031279
1DVF.AB.CD_AB	1DVF.AB.CD_CD	YA49A	1.679342
1DVF.AB.CD_AB	1DVF.AB.CD_CD	YA50A	0.688082
1DVF.AB.CD_AB	1DVF.AB.CD_CD	YB209A	4.741557
1DVF.AB.CD_AB	1DVF.AB.CD_CD	YB49A	1.861434
1EAW.A.B_A	1EAW.A.B_B	DA214A	2.229134
1EAW.A.B_A	1EAW.A.B_B	DA46A	-0.171631
1EAW.A.B_A	1EAW.A.B_B	DA47A	1.502775
1EAW.A.B_A	1EAW.A.B_B	DA91A	0.654440
1EAW.A.B_A	1EAW.A.B_B	EA163A	0.703682
1EAW.A.B_A	1EAW.A.B_B	FA50A	-0.428813
1EAW.A.B_A	1EAW.A.B_B	FA89A	0.728594
1EAW.A.B_A	1EAW.A.B_B	FA92A	0.892020
1EAW.A.B_A	1EAW.A.B_B	HA138A	-0.014480
1EAW.A.B_A	1EAW.A.B_B	IA26A	-0.822506
1EAW.A.B_A	1EAW.A.B_B	IA45A	-0.194358
1EAW.A.B_A	1EAW.A.B_B	KA221A	0.476050
1EAW.A.B_A	1EAW.A.B_B	LA147A	0.502154
1EAW.A.B_A	1EAW.A.B_B	NA90A	0.308098
1EAW.A.B_A	1EAW.A.B_B	QA140A	0.306679
1EAW.A.B_A	1EAW.A.B_B	QA168A	0.565085
1EAW.A.B_A	1EAW.A.B_B	QA169A	-0.133097
1EAW.A.B_A	1EAW.A.B_B	QA218A	0.144238
1EAW.A.B_A	1EAW.A.B_B	QA23A	-0.518912
1EAW.A.B_A	1EAW.A.B_B	RA219A	-0.088552
1EAW.A.B_A	1EAW.A.B_B	RA48A	0.587615
1EAW.A.B_A	1EAW.A.B_B	RA51A	0.231008
1EAW.A.B_A	1EAW.A.B_B	RA82A	-0.149744
1EAW.A.B_A	1EAW.A.B_B	TA144A	0.089451
1EAW.A.B_A	1EAW.A.B_B	TA93A	0.254741
1EAW.A.B_A	1EAW.A.B_B	YA141A	0.502154
1EAW.A.B_A	1EAW.A.B_B	YA52A	-0.078941
1EMV.A.B_A	1EMV.A.B_B	CA21A	0.921970
1EMV.A.B_A	1EMV.A.B_B	DA24A	0.336747
1EMV.A.B_A	1EMV.A.B_B	DA49A	5.918129
1EMV.A.B_A	1EMV.A.B_B	DA58A	0.511313
1EMV.A.B_A	1EMV.A.B_B	EA28A	1.416635
1EMV.A.B_A	1EMV.A.B_B	EA29A	0.307012
1EMV.A.B_A	1EMV.A.B_B	EA30A	0.220386
1EMV.A.B_A	1EMV.A.B_B	EA39A	2.084014
1EMV.A.B_A	1EMV.A.B_B	EA40A	0.658144
1EMV.A.B_A	1EMV.A.B_B	EA43A	0.212774
1EMV.A.B_A	1EMV.A.B_B	FB86A	3.880681
1EMV.A.B_A	1EMV.A.B_B	GA47A	1.486044
1EMV.A.B_A	1EMV.A.B_B	HA44A	0.832184
1EMV.A.B_A	1EMV.A.B_B	IA51A	0.848125
1EMV.A.B_A	1EMV.A.B_B	KA33A	0.191984
1EMV.A.B_A	1EMV.A.B_B	KB97A	1.960515
1EMV.A.B_A	1EMV.A.B_B	LA31A	3.419279
1EMV.A.B_A	1EMV.A.B_B	LA34A	0.907128
1EMV.A.B_A	1EMV.A.B_B	LA50A	0.601316
1EMV.A.B_A	1EMV.A.B_B	NA22A	0.139471
1EMV.A.B_A	1EMV.A.B_B	NA67A	0.277997
1EMV.A.B_A	1EMV.A.B_B	NB72A	1.165191
1EMV.A.B_A	1EMV.A.B_B	NB75A	2.335586
1EMV.A.B_A	1EMV.A.B_B	PA45A	0.437469
1EMV.A.B_A	1EMV.A.B_B	PA54A	1.242840
1EMV.A.B_A	1EMV.A.B_B	QB92A	-0.277728
1EMV.A.B_A	1EMV.A.B_B	RB54A	1.666447
1EMV.A.B_A	1EMV.A.B_B	SA26A	0.173174
1EMV.A.B_A	1EMV.A.B_B	SA27A	0.956433
1EMV.A.B_A	1EMV.A.B_B	SA46A	0.007269
1EMV.A.B_A	1EMV.A.B_B	SA48A	2.188220
1EMV.A.B_A	1EMV.A.B_B	SA61A	0.870420
1EMV.A.B_A	1EMV.A.B_B	SB74A	-0.241128
1EMV.A.B_A	1EMV.A.B_B	SB77A	-0.232993
1EMV.A.B_A	1EMV.A.B_B	SB78A	-0.540139
1EMV.A.B_A	1EMV.A.B_B	SB84A	-0.109472
1EMV.A.B_A	1EMV.A.B_B	TA25A	0.728460
1EMV.A.B_A	1EMV.A.B_B	TA36A	0.899966
1EMV.A.B_A	1EMV.A.B_B	TA42A	0.304830
1EMV.A.B_A	1EMV.A.B_B	TB87A	0.158506
1EMV.A.B_A	1EMV.A.B_B	VA32A	2.579450
1EMV.A.B_A	1EMV.A.B_B	VA35A	1.664612
1EMV.A.B_A	1EMV.A.B_B	VA66A	1.856675
1EMV.A.B_A	1EMV.A.B_B	VB98A	1.089340
1EMV.A.B_A	1EMV.A.B_B	YA52A	4.836801
1EMV.A.B_A	1EMV.A.B_B	YA53A	4.636833
1F5R.A.I_A	1F5R.A.I_I	KA129Q	-1.171374
1FC2.C.D_C	1FC2.C.D_D	FA1M	0.912640
1FC2.C.D_C	1FC2.C.D_D	FA26A	0.013662
1FC2.C.D_C	1FC2.C.D_D	FA26W	0.000000
1FC2.C.D_C	1FC2.C.D_D	IA12W	3.138999
1FC2.C.D_C	1FC2.C.D_D	IA27A	3.731126
1FC2.C.D_C	1FC2.C.D_D	KA31A	1.379295
1FC2.C.D_C	1FC2.C.D_D	KA3D	1.061531
1FC2.C.D_C	1FC2.C.D_D	LA13D	1.127632
1FC2.C.D_C	1FC2.C.D_D	LA40W	0.000000
1FC2.C.D_C	1FC2.C.D_D	NA24A	0.593990
1FC2.C.D_C	1FC2.C.D_D	NA24F	0.845498
1FC2.C.D_C	1FC2.C.D_D	NA2F	-0.108017
1FC2.C.D_C	1FC2.C.D_D	NA2Q	0.000000
1FC2.C.D_C	1FC2.C.D_D	NA7F	0.091327
1FC2.C.D_C	1FC2.C.D_D	QA28K	0.170438
1FC2.C.D_C	1FC2.C.D_D	QA28L	0.458078
1FC2.C.D_C	1FC2.C.D_D	YA10F	1.027668
1FC2.C.D_C	1FC2.C.D_D	YA10W	0.410656
1FCC.A.C_A	1FCC.A.C_C	DB40A	0.272251
1FCC.A.C_A	1FCC.A.C_C	EB27A	4.938011
1FCC.A.C_A	1FCC.A.C_C	EB42A	0.385442
1FCC.A.C_A	1FCC.A.C_C	KB28A	1.256154
1FCC.A.C_A	1FCC.A.C_C	KB31A	3.477555
1FCC.A.C_A	1FCC.A.C_C	NB35A	2.365107
1FCC.A.C_A	1FCC.A.C_C	TB25A	0.240219
1FCC.A.C_A	1FCC.A.C_C	WB43A	3.773184
1FR2.A.B_A	1FR2.A.B_B	AA39E	-2.084014
1FY8.E.I_E	1FY8.E.I_I	DA168N	0.170438
1FY8.E.I_E	1FY8.E.I_I	QA128K	1.171374
1GC1.G.C_G	1GC1.G.C_C	DB10A	0.000000
1GC1.G.C_G	1GC1.G.C_C	DB53A	0.302640
1GC1.G.C_G	1GC1.G.C_C	DB56A	-0.069781
1GC1.G.C_G	1GC1.G.C_C	DB63A	-0.319330
1GC1.G.C_G	1GC1.G.C_C	DB88A	-0.069781
1GC1.G.C_G	1GC1.G.C_C	EB77A	0.562285
1GC1.G.C_G	1GC1.G.C_C	EB85A	1.323296
1GC1.G.C_G	1GC1.G.C_C	EB87A	0.217859
1GC1.G.C_G	1GC1.G.C_C	EB91A	-0.128102
1GC1.G.C_G	1GC1.G.C_C	EB92A	0.016233
1GC1.G.C_G	1GC1.G.C_C	HB27A	0.282555
1GC1.G.C_G	1GC1.G.C_C	KB1A	0.062421
1GC1.G.C_G	1GC1.G.C_C	KB21A	-0.128102
1GC1.G.C_G	1GC1.G.C_C	KB22A	0.240219
1GC1.G.C_G	1GC1.G.C_C	KB29A	0.536239
1GC1.G.C_G	1GC1.G.C_C	KB2A	-0.016690
1GC1.G.C_G	1GC1.G.C_C	KB35A	0.322066
1GC1.G.C_G	1GC1.G.C_C	KB46A	1.431019
1GC1.G.C_G	1GC1.G.C_C	KB50A	0.047421
1GC1.G.C_G	1GC1.G.C_C	KB72A	-0.016690
1GC1.G.C_G	1GC1.G.C_C	KB75A	0.157965
1GC1.G.C_G	1GC1.G.C_C	KB7A	0.997890
1GC1.G.C_G	1GC1.G.C_C	KB8A	0.105268
1GC1.G.C_G	1GC1.G.C_C	KB90A	0.047421
1GC1.G.C_G	1GC1.G.C_C	LB44A	1.056020
1GC1.G.C_G	1GC1.G.C_C	LB51A	1.234023
1GC1.G.C_G	1GC1.G.C_C	NB30A	0.170438
1GC1.G.C_G	1GC1.G.C_C	NB32A	0.182654
1GC1.G.C_G	1GC1.G.C_C	NB39A	0.465625
1GC1.G.C_G	1GC1.G.C_C	NB52A	0.708338
1GC1.G.C_G	1GC1.G.C_C	NB66A	-0.033864
1GC1.G.C_G	1GC1.G.C_C	NB73A	-0.108017
1GC1.G.C_G	1GC1.G.C_C	QB20A	-0.016690
1GC1.G.C_G	1GC1.G.C_C	QB25A	0.032032
1GC1.G.C_G	1GC1.G.C_C	QB33A	0.105268
1GC1.G.C_G	1GC1.G.C_C	QB40A	-0.410656
1GC1.G.C_G	1GC1.G.C_C	QB64A	0.442689
1GC1.G.C_G	1GC1.G.C_C	QB89A	0.170438
1GC1.G.C_G	1GC1.G.C_C	QB89L	-0.310926
1GC1.G.C_G	1GC1.G.C_C	QB94A	-0.108017
1GC1.G.C_G	1GC1.G.C_C	RB58A	0.132202
1GC1.G.C_G	1GC1.G.C_C	RB59A	1.175914
1GC1.G.C_G	1GC1.G.C_C	SB19A	0.000000
1GC1.G.C_G	1GC1.G.C_C	SB23A	0.292682
1GC1.G.C_G	1GC1.G.C_C	SB31A	0.105268
1GC1.G.C_G	1GC1.G.C_C	SB42A	0.000000
1GC1.G.C_G	1GC1.G.C_C	SB49A	0.611174
1GC1.G.C_G	1GC1.G.C_C	SB60A	-0.088590
1GC1.G.C_G	1GC1.G.C_C	TB11A	0.000000
1GC1.G.C_G	1GC1.G.C_C	TB15A	0.322066
1GC1.G.C_G	1GC1.G.C_C	TB17A	-0.128102
1GC1.G.C_G	1GC1.G.C_C	TB45A	-0.148892
1GC1.G.C_G	1GC1.G.C_C	VB86A	-0.069781
1GC1.G.C_G	1GC1.G.C_C	YB82A	1.290676
1GL0.E.I_E	1GL0.E.I_I	MB28K	-0.557858
1GL1.A.I_A	1GL1.A.I_I	LB29V	4.259237
1GUA.A.B_A	1GUA.A.B_B	DA30E	0.240219
1GUA.A.B_A	1GUA.A.B_B	EA37A	1.300815
1GUA.A.B_A	1GUA.A.B_B	KB10A	-0.399938
1GUA.A.B_A	1GUA.A.B_B	KB29A	1.999214
1GUA.A.B_A	1GUA.A.B_B	KB32A	0.799277
1GUA.A.B_A	1GUA.A.B_B	NB9A	-0.399938
1GUA.A.B_A	1GUA.A.B_B	QB11A	0.100357
1GUA.A.B_A	1GUA.A.B_B	RB4A	1.000844
1GUA.A.B_A	1GUA.A.B_B	SA39A	1.400300
1GUA.A.B_A	1GUA.A.B_B	TB13A	0.701155
1GUA.A.B_A	1GUA.A.B_B	VB14A	0.100357
1GUA.A.B_A	1GUA.A.B_B	VB33A	0.200030
1HE8.A.B_A	1HE8.A.B_B	KA80V	0.475352
1JCK.A.B_A	1JCK.A.B_B	FB176A	1.960891
1JCK.A.B_A	1JCK.A.B_B	GB102A	0.013021
1JCK.A.B_A	1JCK.A.B_B	KB103A	0.403100
1JCK.A.B_A	1JCK.A.B_B	NB23A	2.077467
1JCK.A.B_A	1JCK.A.B_B	NB60A	1.329281
1JCK.A.B_A	1JCK.A.B_B	QB210A	2.077467
1JCK.A.B_A	1JCK.A.B_B	TB20A	1.489069
1JCK.A.B_A	1JCK.A.B_B	VB91A	2.081586
1JCK.A.B_A	1JCK.A.B_B	YB26A	1.761360
1JCK.A.B_A	1JCK.A.B_B	YB90A	2.336804
1K8R.A.B_A	1K8R.A.B_B	DA33A	1.535104
1K8R.A.B_A	1K8R.A.B_B	DA38A	1.712186
1K8R.A.B_A	1K8R.A.B_B	DA38E	3.437662
1K8R.A.B_A	1K8R.A.B_B	DA38N	1.896232
1K8R.A.B_A	1K8R.A.B_B	DA57A	1.179698
1K8R.A.B_A	1K8R.A.B_B	EA31K	0.170933
1K8R.A.B_A	1K8R.A.B_B	EA37A	0.305802
1K8R.A.B_A	1K8R.A.B_B	EA62A	0.409665
1K8R.A.B_A	1K8R.A.B_B	EA63A	0.409665
1K8R.A.B_A	1K8R.A.B_B	KB23A	0.586764
1K8R.A.B_A	1K8R.A.B_B	KB31A	2.728342
1K8R.A.B_A	1K8R.A.B_B	QB11A	1.798140
1K8R.A.B_A	1K8R.A.B_B	RA41A	1.179698
1K8R.A.B_A	1K8R.A.B_B	RB13A	2.800978
1K8R.A.B_A	1K8R.A.B_B	RB76A	0.715274
1K8R.A.B_A	1K8R.A.B_B	RB77A	1.436807
1K8R.A.B_A	1K8R.A.B_B	SA39A	0.715274
1K8R.A.B_A	1K8R.A.B_B	YA40C	3.437662
1K8R.A.B_A	1K8R.A.B_B	YA40F	1.491998
1KIP.AB.C_AB	1KIP.AB.C_C	AA139Y	-0.800952
1KIQ.AB.C_AB	1KIQ.AB.C_C	FA208Y	-2.496076
1KIR.AB.C_AB	1KIR.AB.C_C	SA50Y	-1.387715
1LFD.A.B_A	1LFD.A.B_B	DA38A	-0.442452
1LFD.A.B_A	1LFD.A.B_B	DA38K	-0.994115
1LFD.A.B_A	1LFD.A.B_B	DA43A	-0.340566
1LFD.A.B_A	1LFD.A.B_B	DA45K	-0.704187
1LFD.A.B_A	1LFD.A.B_B	DA81K	-1.024266
1LFD.A.B_A	1LFD.A.B_B	DB33A	1.100785
1LFD.A.B_A	1LFD.A.B_B	DB38A	3.237532
1LFD.A.B_A	1LFD.A.B_B	EA44A	-0.139149
1LFD.A.B_A	1LFD.A.B_B	EA44K	-0.193026
1LFD.A.B_A	1LFD.A.B_B	EB37A	1.150756
1LFD.A.B_A	1LFD.A.B_B	EB62A	0.190890
1LFD.A.B_A	1LFD.A.B_B	EB63A	0.285754
1LFD.A.B_A	1LFD.A.B_B	HA40A	1.460050
1LFD.A.B_A	1LFD.A.B_B	IA5A	1.412302
1LFD.A.B_A	1LFD.A.B_B	KA19A	1.924332
1LFD.A.B_A	1LFD.A.B_B	KA35A	0.357959
1LFD.A.B_A	1LFD.A.B_B	KA39A	2.113810
1LFD.A.B_A	1LFD.A.B_B	LA10K	-0.258641
1LFD.A.B_A	1LFD.A.B_B	LA42K	-0.285501
1LFD.A.B_A	1LFD.A.B_B	MA17K	-0.661147
1LFD.A.B_A	1LFD.A.B_B	NA14A	0.931576
1LFD.A.B_A	1LFD.A.B_B	NA14K	0.400304
1LFD.A.B_A	1LFD.A.B_B	NA16A	0.485963
1LFD.A.B_A	1LFD.A.B_B	NA41K	-0.634893
1LFD.A.B_A	1LFD.A.B_B	NA79K	-0.482252
1LFD.A.B_A	1LFD.A.B_B	QB25A	0.900638
1LFD.A.B_A	1LFD.A.B_B	RA7A	1.810408
1LFD.A.B_A	1LFD.A.B_B	RB41A	0.833415
1LFD.A.B_A	1LFD.A.B_B	SA20A	0.927890
1LFD.A.B_A	1LFD.A.B_B	SA9K	0.390309
1LFD.A.B_A	1LFD.A.B_B	SB39A	-0.733536
1LFD.A.B_A	1LFD.A.B_B	VB29A	0.477711
1LFD.A.B_A	1LFD.A.B_B	YA18A	3.458532
1LFD.A.B_A	1LFD.A.B_B	YA18F	1.315990
1LFD.A.B_A	1LFD.A.B_B	YA80K	0.138271
1LFD.A.B_A	1LFD.A.B_B	YB32W	-0.211313
1LFD.A.B_A	1LFD.A.B_B	YB40A	3.554531
1LFD.A.B_A	1LFD.A.B_B	YB40F	2.110396
1LP9.ABC.EF_ABC	1LP9.ABC.EF_EF	KA66A	0.940625
1LP9.ABC.EF_ABC	1LP9.ABC.EF_EF	TA163A	-0.404320
1LP9.ABC.EF_ABC	1LP9.ABC.EF_EF	WA167A	0.298805
1MHP.HL.A_HL	1MHP.HL.A_A	FA99W	0.000000
1MHP.HL.A_HL	1MHP.HL.A_A	FA99Y	0.755007
1MHP.HL.A_HL	1MHP.HL.A_A	GA100F	0.389192
1MHP.HL.A_HL	1MHP.HL.A_A	GA100L	2.728342
1MHP.HL.A_HL	1MHP.HL.A_A	GA100M	0.102180
1MHP.HL.A_HL	1MHP.HL.A_A	GA100S	0.557997
1MHP.HL.A_HL	1MHP.HL.A_A	GA310Q	1.573389
1MHP.HL.A_HL	1MHP.HL.A_A	GA310S	0.512836
1MHP.HL.A_HL	1MHP.HL.A_A	GA53A	0.512836
1MHP.HL.A_HL	1MHP.HL.A_A	GA53N	1.255875
1MHP.HL.A_HL	1MHP.HL.A_A	GA53S	0.675896
1MHP.HL.A_HL	1MHP.HL.A_A	GA54I	1.364171
1MHP.HL.A_HL	1MHP.HL.A_A	GA54T	1.164688
1MHP.HL.A_HL	1MHP.HL.A_A	GA54Y	0.000000
1MHP.HL.A_HL	1MHP.HL.A_A	HA249K	1.164688
1MHP.HL.A_HL	1MHP.HL.A_A	HA249R	1.124301
1MHP.HL.A_HL	1MHP.HL.A_A	HA249W	1.255875
1MHP.HL.A_HL	1MHP.HL.A_A	KA64D	-0.171519
1MHP.HL.A_HL	1MHP.HL.A_A	KA64E	-0.077649
1MHP.HL.A_HL	1MHP.HL.A_A	KA64N	-0.036288
1MHP.HL.A_HL	1MHP.HL.A_A	KA64Q	-0.077649
1MHP.HL.A_HL	1MHP.HL.A_A	LA267F	0.712599
1MHP.HL.A_HL	1MHP.HL.A_A	LA267K	0.861587
1MHP.HL.A_HL	1MHP.HL.A_A	LA267W	1.908422
1MHP.HL.A_HL	1MHP.HL.A_A	LA60D	-0.061347
1MHP.HL.A_HL	1MHP.HL.A_A	NA248V	1.049799
1MHP.HL.A_HL	1MHP.HL.A_A	NA248W	1.573389
1MHP.HL.A_HL	1MHP.HL.A_A	NA248Y	1.908422
1MHP.HL.A_HL	1MHP.HL.A_A	NA270D	0.500987
1MHP.HL.A_HL	1MHP.HL.A_A	NA270E	-0.088725
1MHP.HL.A_HL	1MHP.HL.A_A	NA270K	0.657804
1MHP.HL.A_HL	1MHP.HL.A_A	NA270R	0.845219
1MHP.HL.A_HL	1MHP.HL.A_A	NA270Y	-0.051648
1MHP.HL.A_HL	1MHP.HL.A_A	RA31Q	1.307913
1MHP.HL.A_HL	1MHP.HL.A_A	SA242R	-0.215429
1MHP.HL.A_HL	1MHP.HL.A_A	SA246Q	-0.687912
1MHP.HL.A_HL	1MHP.HL.A_A	SA309Q	1.774828
1MHP.HL.A_HL	1MHP.HL.A_A	SA309R	2.728342
1MHP.HL.A_HL	1MHP.HL.A_A	SA309T	2.317686
1MHP.HL.A_HL	1MHP.HL.A_A	SA35A	1.573389
1MHP.HL.A_HL	1MHP.HL.A_A	SA35Q	2.728342
1MHP.HL.A_HL	1MHP.HL.A_A	SA52M	2.076770
1MHP.HL.A_HL	1MHP.HL.A_A	TA33N	2.728342
1MHP.HL.A_HL	1MHP.HL.A_A	TA33V	0.434563
1MHP.HL.A_HL	1MHP.HL.A_A	TA50V	-0.131658
1MHP.HL.A_HL	1MHP.HL.A_A	WA308Q	2.076770
1MHP.HL.A_HL	1MHP.HL.A_A	YA58E	2.076770
1MHP.HL.A_HL	1MHP.HL.A_A	YA58Q	2.076770
1MHP.HL.A_HL	1MHP.HL.A_A	YA58W	0.821313
1MHP.HL.A_HL	1MHP.HL.A_A	YA59E	0.544251
1MI5.ABC.DE_ABC	1MI5.ABC.DE_DE	AB298G	1.231969
1MI5.ABC.DE_ABC	1MI5.ABC.DE_DE	AB91G	0.608305
1MI5.ABC.DE_ABC	1MI5.ABC.DE_DE	DB29A	1.231969
1MI5.ABC.DE_ABC	1MI5.ABC.DE_DE	EB251A	0.818938
1MI5.ABC.DE_ABC	1MI5.ABC.DE_DE	EB300A	0.119749
1MI5.ABC.DE_ABC	1MI5.ABC.DE_DE	GB227A	-0.289361
1MI5.ABC.DE_ABC	1MI5.ABC.DE_DE	GB296A	1.231969
1MI5.ABC.DE_ABC	1MI5.ABC.DE_DE	GB92A	0.764135
1MI5.ABC.DE_ABC	1MI5.ABC.DE_DE	GB93A	1.231969
1MI5.ABC.DE_ABC	1MI5.ABC.DE_DE	GB97A	1.231969
1MI5.ABC.DE_ABC	1MI5.ABC.DE_DE	HB32A	1.231969
1MI5.ABC.DE_ABC	1MI5.ABC.DE_DE	HB47A	1.117280
1MI5.ABC.DE_ABC	1MI5.ABC.DE_DE	KB98A	1.231969
1MI5.ABC.DE_ABC	1MI5.ABC.DE_DE	LB295A	0.115864
1MI5.ABC.DE_ABC	1MI5.ABC.DE_DE	LB49A	1.231969
1MI5.ABC.DE_ABC	1MI5.ABC.DE_DE	LB90A	1.231969
1MI5.ABC.DE_ABC	1MI5.ABC.DE_DE	NB250A	-0.432870
1MI5.ABC.DE_ABC	1MI5.ABC.DE_DE	NB52A	-0.019268
1MI5.ABC.DE_ABC	1MI5.ABC.DE_DE	PB89A	1.231969
1MI5.ABC.DE_ABC	1MI5.ABC.DE_DE	QB249A	-0.070374
1MI5.ABC.DE_ABC	1MI5.ABC.DE_DE	QB297A	1.231969
1MI5.ABC.DE_ABC	1MI5.ABC.DE_DE	QB301A	1.231969
1MI5.ABC.DE_ABC	1MI5.ABC.DE_DE	SB226A	0.032282
1MI5.ABC.DE_ABC	1MI5.ABC.DE_DE	SB230A	1.063897
1MI5.ABC.DE_ABC	1MI5.ABC.DE_DE	SB23A	0.100064
1MI5.ABC.DE_ABC	1MI5.ABC.DE_DE	SB26A	-0.039185
1MI5.ABC.DE_ABC	1MI5.ABC.DE_DE	SB293A	0.301691
1MI5.ABC.DE_ABC	1MI5.ABC.DE_DE	SB294A	-0.611899
1MI5.ABC.DE_ABC	1MI5.ABC.DE_DE	SB51A	0.482015
1MI5.ABC.DE_ABC	1MI5.ABC.DE_DE	SB95A	0.827208
1MI5.ABC.DE_ABC	1MI5.ABC.DE_DE	TB24A	0.260409
1MI5.ABC.DE_ABC	1MI5.ABC.DE_DE	TB28A	0.587576
1MI5.ABC.DE_ABC	1MI5.ABC.DE_DE	TB50A	-0.558466
1MI5.ABC.DE_ABC	1MI5.ABC.DE_DE	TB94A	0.942995
1MI5.ABC.DE_ABC	1MI5.ABC.DE_DE	VB229A	0.293084
1MI5.ABC.DE_ABC	1MI5.ABC.DE_DE	YB299A	1.231969
1MI5.ABC.DE_ABC	1MI5.ABC.DE_DE	YB302A	0.260409
1MI5.ABC.DE_ABC	1MI5.ABC.DE_DE	YB30A	0.449632
1MI5.ABC.DE_ABC	1MI5.ABC.DE_DE	YB96A	1.231969
1MLC.AB.E_AB	1MLC.AB.E_E	KA279D	0.018557
1MLC.AB.E_AB	1MLC.AB.E_E	NA32G	-0.877780
1MLC.AB.E_AB	1MLC.AB.E_E	NA32Y	0.000000
1MLC.AB.E_AB	1MLC.AB.E_E	NA92A	-1.253914
1MLC.AB.E_AB	1MLC.AB.E_E	SA271A	-0.379191
1MLC.AB.E_AB	1MLC.AB.E_E	SA271V	-0.494402
1MLC.AB.E_AB	1MLC.AB.E_E	TA242D	-0.151011
1MLC.AB.E_AB	1MLC.AB.E_E	TA245A	0.447207
1MLC.AB.E_AB	1MLC.AB.E_E	TA245V	0.526476
1MLC.AB.E_AB	1MLC.AB.E_E	TA245W	0.132202
1MLC.AB.E_AB	1MLC.AB.E_E	TA272D	-0.559933
1N8O.ABC.E_ABC	1N8O.ABC.E_E	MB80K	1.459715
1N8O.ABC.E_ABC	1N8O.ABC.E_E	MB80L	-0.062421
1N8O.ABC.E_ABC	1N8O.ABC.E_E	MB80R	1.349172
1N8Z.AB.C_AB	1N8Z.AB.C_C	DA316W	-0.685735
1N8Z.AB.C_AB	1N8Z.AB.C_C	FB539A	0.035119
1N8Z.AB.C_AB	1N8Z.AB.C_C	HA91F	0.032922
1N8Z.AB.C_AB	1N8Z.AB.C_C	LB509A	-0.023056
1N8Z.AB.C_AB	1N8Z.AB.C_C	NA30S	0.064111
1N8Z.AB.C_AB	1N8Z.AB.C_C	RA264A	2.927686
1N8Z.AB.C_AB	1N8Z.AB.C_C	RA273A	1.774828
1N8Z.AB.C_AB	1N8Z.AB.C_C	SB535A	0.030841
1N8Z.AB.C_AB	1N8Z.AB.C_C	TA94S	0.309372
1N8Z.AB.C_AB	1N8Z.AB.C_C	VB536A	0.008977
1N8Z.AB.C_AB	1N8Z.AB.C_C	YA319F	0.821313
1N8Z.AB.C_AB	1N8Z.AB.C_C	YA323V	0.223045
1NCA.N.LH_N	1NCA.N.LH_LH	DB315K	0.714480
1NCA.N.LH_N	1NCA.N.LH_LH	EB314D	0.410656
1NCA.N.LH_N	1NCA.N.LH_LH	NB245Q	0.000000
1NCA.N.LH_N	1NCA.N.LH_LH	NB316Q	0.542858
1NMB.N.LH_N	1NMB.N.LH_LH	DB166E	2.954951
1NMB.N.LH_N	1NMB.N.LH_LH	DB166N	2.954951
1NMB.N.LH_N	1NMB.N.LH_LH	LB94V	0.900424
1NMB.N.LH_N	1NMB.N.LH_LH	TB93F	-0.023914
1NMB.N.LH_N	1NMB.N.LH_LH	TB93W	0.184273
1NMB.N.LH_N	1NMB.N.LH_LH	YB212A	2.141579
1NMB.N.LH_N	1NMB.N.LH_LH	YB214F	1.420046
1NMB.N.LH_N	1NMB.N.LH_LH	YB32F	0.466531
1OGA.ABC.DE_ABC	1OGA.ABC.DE_DE	AA149G	0.122737
1OGA.ABC.DE_ABC	1OGA.ABC.DE_DE	AA150G	0.448543
1OGA.ABC.DE_ABC	1OGA.ABC.DE_DE	AA158G	0.132649
1OGA.ABC.DE_ABC	1OGA.ABC.DE_DE	AA69G	0.427191
1OGA.ABC.DE_ABC	1OGA.ABC.DE_DE	DA61A	0.118176
1OGA.ABC.DE_ABC	1OGA.ABC.DE_DE	DB228A	1.573201
1OGA.ABC.DE_ABC	1OGA.ABC.DE_DE	DB228S	2.162248
1OGA.ABC.DE_ABC	1OGA.ABC.DE_DE	DB252A	0.116412
1OGA.ABC.DE_ABC	1OGA.ABC.DE_DE	EA154A	0.612391
1OGA.ABC.DE_ABC	1OGA.ABC.DE_DE	EA58A	0.112656
1OGA.ABC.DE_ABC	1OGA.ABC.DE_DE	EA63A	-0.018161
1OGA.ABC.DE_ABC	1OGA.ABC.DE_DE	HA151A	0.000000
1OGA.ABC.DE_ABC	1OGA.ABC.DE_DE	HA70A	0.517741
1OGA.ABC.DE_ABC	1OGA.ABC.DE_DE	HA74A	0.604384
1OGA.ABC.DE_ABC	1OGA.ABC.DE_DE	IB249A	2.162248
1OGA.ABC.DE_ABC	1OGA.ABC.DE_DE	IB249G	2.162248
1OGA.ABC.DE_ABC	1OGA.ABC.DE_DE	IB249L	1.418563
1OGA.ABC.DE_ABC	1OGA.ABC.DE_DE	IB249N	2.162248
1OGA.ABC.DE_ABC	1OGA.ABC.DE_DE	IB249V	0.200721
1OGA.ABC.DE_ABC	1OGA.ABC.DE_DE	KA146A	1.931125
1OGA.ABC.DE_ABC	1OGA.ABC.DE_DE	KA66A	-0.023952
1OGA.ABC.DE_ABC	1OGA.ABC.DE_DE	KA68A	0.248360
1OGA.ABC.DE_ABC	1OGA.ABC.DE_DE	NB251A	1.115259
1OGA.ABC.DE_ABC	1OGA.ABC.DE_DE	NB251D	0.495437
1OGA.ABC.DE_ABC	1OGA.ABC.DE_DE	QA155A	0.489068
1OGA.ABC.DE_ABC	1OGA.ABC.DE_DE	QA43A	-0.023952
1OGA.ABC.DE_ABC	1OGA.ABC.DE_DE	QA72A	-0.459570
1OGA.ABC.DE_ABC	1OGA.ABC.DE_DE	QB248A	2.162248
1OGA.ABC.DE_ABC	1OGA.ABC.DE_DE	QB248E	2.162248
1OGA.ABC.DE_ABC	1OGA.ABC.DE_DE	QB254A	0.498063
1OGA.ABC.DE_ABC	1OGA.ABC.DE_DE	QB254E	0.000000
1OGA.ABC.DE_ABC	1OGA.ABC.DE_DE	QB32A	0.988579
1OGA.ABC.DE_ABC	1OGA.ABC.DE_DE	RA65A	-0.365475
1OGA.ABC.DE_ABC	1OGA.ABC.DE_DE	RA75A	0.711056
1OGA.ABC.DE_ABC	1OGA.ABC.DE_DE	RB294A	2.162248
1OGA.ABC.DE_ABC	1OGA.ABC.DE_DE	RB294H	2.162248
1OGA.ABC.DE_ABC	1OGA.ABC.DE_DE	SB295A	-0.017603
1OGA.ABC.DE_ABC	1OGA.ABC.DE_DE	SB29A	0.627639
1OGA.ABC.DE_ABC	1OGA.ABC.DE_DE	SB30A	1.019789
1OGA.ABC.DE_ABC	1OGA.ABC.DE_DE	TA163A	0.321561
1OGA.ABC.DE_ABC	1OGA.ABC.DE_DE	TA64A	0.186429
1OGA.ABC.DE_ABC	1OGA.ABC.DE_DE	TA73A	0.848620
1OGA.ABC.DE_ABC	1OGA.ABC.DE_DE	TA80A	0.195338
1OGA.ABC.DE_ABC	1OGA.ABC.DE_DE	VA152A	1.393609
1OGA.ABC.DE_ABC	1OGA.ABC.DE_DE	VA67A	-0.139230
1OGA.ABC.DE_ABC	1OGA.ABC.DE_DE	VA76A	0.872164
1OGA.ABC.DE_ABC	1OGA.ABC.DE_DE	YB297A	0.216524
1OGA.ABC.DE_ABC	1OGA.ABC.DE_DE	YB297F	0.498063
1PPF.E.I_E	1PPF.E.I_I	AB15C	-0.673707
1PPF.E.I_E	1PPF.E.I_I	AB15D	1.138229
1PPF.E.I_E	1PPF.E.I_I	AB15E	0.105604
1PPF.E.I_E	1PPF.E.I_I	AB15F	-0.072950
1PPF.E.I_E	1PPF.E.I_I	AB15G	1.138229
1PPF.E.I_E	1PPF.E.I_I	AB15H	0.552888
1PPF.E.I_E	1PPF.E.I_I	AB15I	0.329478
1PPF.E.I_E	1PPF.E.I_I	AB15K	1.127554
1PPF.E.I_E	1PPF.E.I_I	AB15L	0.017793
1PPF.E.I_E	1PPF.E.I_I	AB15M	-0.401338
1PPF.E.I_E	1PPF.E.I_I	AB15N	0.915471
1PPF.E.I_E	1PPF.E.I_I	AB15P	1.995459
1PPF.E.I_E	1PPF.E.I_I	AB15Q	0.249774
1PPF.E.I_E	1PPF.E.I_I	AB15R	-0.264178
1PPF.E.I_E	1PPF.E.I_I	AB15S	0.756479
1PPF.E.I_E	1PPF.E.I_I	AB15T	0.962834
1PPF.E.I_E	1PPF.E.I_I	AB15V	0.200324
1PPF.E.I_E	1PPF.E.I_I	AB15W	-0.640845
1PPF.E.I_E	1PPF.E.I_I	AB15Y	-0.185067
1PPF.E.I_E	1PPF.E.I_I	EB19A	1.203289
1PPF.E.I_E	1PPF.E.I_I	EB19C	1.402633
1PPF.E.I_E	1PPF.E.I_I	EB19D	0.577925
1PPF.E.I_E	1PPF.E.I_I	EB19F	1.364171
1PPF.E.I_E	1PPF.E.I_I	EB19G	2.120650
1PPF.E.I_E	1PPF.E.I_I	EB19H	0.690464
1PPF.E.I_E	1PPF.E.I_I	EB19I	0.723326
1PPF.E.I_E	1PPF.E.I_I	EB19K	2.120650
1PPF.E.I_E	1PPF.E.I_I	EB19L	1.071087
1PPF.E.I_E	1PPF.E.I_I	EB19M	1.148715
1PPF.E.I_E	1PPF.E.I_I	EB19N	1.212693
1PPF.E.I_E	1PPF.E.I_I	EB19P	3.210383
1PPF.E.I_E	1PPF.E.I_I	EB19Q	0.660431
1PPF.E.I_E	1PPF.E.I_I	EB19R	1.481744
1PPF.E.I_E	1PPF.E.I_I	EB19S	1.846212
1PPF.E.I_E	1PPF.E.I_I	EB19T	1.504980
1PPF.E.I_E	1PPF.E.I_I	EB19V	1.159019
1PPF.E.I_E	1PPF.E.I_I	EB19W	1.530076
1PPF.E.I_E	1PPF.E.I_I	EB19Y	1.248885
1PPF.E.I_E	1PPF.E.I_I	GB32A	0.257595
1PPF.E.I_E	1PPF.E.I_I	GB32C	1.179104
1PPF.E.I_E	1PPF.E.I_I	GB32D	2.497087
1PPF.E.I_E	1PPF.E.I_I	GB32E	1.457559
1PPF.E.I_E	1PPF.E.I_I	GB32F	1.481744
1PPF.E.I_E	1PPF.E.I_I	GB32H	1.504980
1PPF.E.I_E	1PPF.E.I_I	GB32I	4.372321
1PPF.E.I_E	1PPF.E.I_I	GB32K	3.306267
1PPF.E.I_E	1PPF.E.I_I	GB32L	3.129898
1PPF.E.I_E	1PPF.E.I_I	GB32M	2.195336
1PPF.E.I_E	1PPF.E.I_I	GB32N	1.613946
1PPF.E.I_E	1PPF.E.I_I	GB32P	0.263825
1PPF.E.I_E	1PPF.E.I_I	GB32Q	2.799726
1PPF.E.I_E	1PPF.E.I_I	GB32R	4.848992
1PPF.E.I_E	1PPF.E.I_I	GB32S	0.915471
1PPF.E.I_E	1PPF.E.I_I	GB32T	2.812400
1PPF.E.I_E	1PPF.E.I_I	GB32V	2.548172
1PPF.E.I_E	1PPF.E.I_I	GB32W	1.643979
1PPF.E.I_E	1PPF.E.I_I	GB32Y	1.203289
1PPF.E.I_E	1PPF.E.I_I	KB13A	0.756479
1PPF.E.I_E	1PPF.E.I_I	KB13C	0.962834
1PPF.E.I_E	1PPF.E.I_I	KB13D	0.631288
1PPF.E.I_E	1PPF.E.I_I	KB13E	1.132916
1PPF.E.I_E	1PPF.E.I_I	KB13F	0.962834
1PPF.E.I_E	1PPF.E.I_I	KB13G	1.248885
1PPF.E.I_E	1PPF.E.I_I	KB13H	1.014561
1PPF.E.I_E	1PPF.E.I_I	KB13I	0.631288
1PPF.E.I_E	1PPF.E.I_I	KB13L	0.401556
1PPF.E.I_E	1PPF.E.I_I	KB13M	0.208053
1PPF.E.I_E	1PPF.E.I_I	KB13N	0.660431
1PPF.E.I_E	1PPF.E.I_I	KB13P	1.266184
1PPF.E.I_E	1PPF.E.I_I	KB13Q	0.249774
1PPF.E.I_E	1PPF.E.I_I	KB13R	-0.640845
1PPF.E.I_E	1PPF.E.I_I	KB13S	0.460850
1PPF.E.I_E	1PPF.E.I_I	KB13T	0.165905
1PPF.E.I_E	1PPF.E.I_I	KB13V	0.871507
1PPF.E.I_E	1PPF.E.I_I	KB13W	0.831165
1PPF.E.I_E	1PPF.E.I_I	KB13Y	0.505585
1PPF.E.I_E	1PPF.E.I_I	LB18A	1.016960
1PPF.E.I_E	1PPF.E.I_I	LB18C	-0.089523
1PPF.E.I_E	1PPF.E.I_I	LB18D	7.613488
1PPF.E.I_E	1PPF.E.I_I	LB18E	7.063434
1PPF.E.I_E	1PPF.E.I_I	LB18F	5.169496
1PPF.E.I_E	1PPF.E.I_I	LB18G	3.332899
1PPF.E.I_E	1PPF.E.I_I	LB18H	6.471246
1PPF.E.I_E	1PPF.E.I_I	LB18I	-0.732883
1PPF.E.I_E	1PPF.E.I_I	LB18K	5.692886
1PPF.E.I_E	1PPF.E.I_I	LB18M	1.242062
1PPF.E.I_E	1PPF.E.I_I	LB18N	5.225429
1PPF.E.I_E	1PPF.E.I_I	LB18P	6.147149
1PPF.E.I_E	1PPF.E.I_I	LB18Q	3.347520
1PPF.E.I_E	1PPF.E.I_I	LB18R	7.184542
1PPF.E.I_E	1PPF.E.I_I	LB18S	3.092029
1PPF.E.I_E	1PPF.E.I_I	LB18T	0.915471
1PPF.E.I_E	1PPF.E.I_I	LB18V	-0.492664
1PPF.E.I_E	1PPF.E.I_I	LB18W	7.544181
1PPF.E.I_E	1PPF.E.I_I	LB18Y	6.635789
1PPF.E.I_E	1PPF.E.I_I	NB36A	-1.645523
1PPF.E.I_E	1PPF.E.I_I	NB36C	0.604556
1PPF.E.I_E	1PPF.E.I_I	NB36D	-3.077952
1PPF.E.I_E	1PPF.E.I_I	NB36E	-1.018349
1PPF.E.I_E	1PPF.E.I_I	NB36F	1.846212
1PPF.E.I_E	1PPF.E.I_I	NB36G	-0.571538
1PPF.E.I_E	1PPF.E.I_I	NB36H	-0.533006
1PPF.E.I_E	1PPF.E.I_I	NB36I	0.871507
1PPF.E.I_E	1PPF.E.I_I	NB36K	2.621769
1PPF.E.I_E	1PPF.E.I_I	NB36L	2.647163
1PPF.E.I_E	1PPF.E.I_I	NB36M	1.071087
1PPF.E.I_E	1PPF.E.I_I	NB36P	-2.959598
1PPF.E.I_E	1PPF.E.I_I	NB36Q	0.382923
1PPF.E.I_E	1PPF.E.I_I	NB36R	1.869756
1PPF.E.I_E	1PPF.E.I_I	NB36S	-1.346378
1PPF.E.I_E	1PPF.E.I_I	NB36T	0.552888
1PPF.E.I_E	1PPF.E.I_I	NB36V	0.345822
1PPF.E.I_E	1PPF.E.I_I	NB36W	1.721962
1PPF.E.I_E	1PPF.E.I_I	NB36Y	1.676840
1PPF.E.I_E	1PPF.E.I_I	PB14A	-0.124129
1PPF.E.I_E	1PPF.E.I_I	PB14C	-2.005016
1PPF.E.I_E	1PPF.E.I_I	PB14D	-0.492664
1PPF.E.I_E	1PPF.E.I_I	PB14E	-1.429005
1PPF.E.I_E	1PPF.E.I_I	PB14F	-1.856836
1PPF.E.I_E	1PPF.E.I_I	PB14G	0.093388
1PPF.E.I_E	1PPF.E.I_I	PB14H	-1.765509
1PPF.E.I_E	1PPF.E.I_I	PB14I	-1.651360
1PPF.E.I_E	1PPF.E.I_I	PB14K	-0.448700
1PPF.E.I_E	1PPF.E.I_I	PB14L	-2.923367
1PPF.E.I_E	1PPF.E.I_I	PB14M	-1.574453
1PPF.E.I_E	1PPF.E.I_I	PB14N	-0.640845
1PPF.E.I_E	1PPF.E.I_I	PB14Q	-0.811283
1PPF.E.I_E	1PPF.E.I_I	PB14R	-0.137646
1PPF.E.I_E	1PPF.E.I_I	PB14S	-0.571538
1PPF.E.I_E	1PPF.E.I_I	PB14T	-0.264178
1PPF.E.I_E	1PPF.E.I_I	PB14V	-1.525053
1PPF.E.I_E	1PPF.E.I_I	PB14W	-2.005016
1PPF.E.I_E	1PPF.E.I_I	PB14Y	-0.962616
1PPF.E.I_E	1PPF.E.I_I	RB21A	0.208053
1PPF.E.I_E	1PPF.E.I_I	RB21C	-0.081179
1PPF.E.I_E	1PPF.E.I_I	RB21D	0.208053
1PPF.E.I_E	1PPF.E.I_I	RB21E	0.460850
1PPF.E.I_E	1PPF.E.I_I	RB21F	-0.981248
1PPF.E.I_E	1PPF.E.I_I	RB21G	0.577925
1PPF.E.I_E	1PPF.E.I_I	RB21H	-0.492664
1PPF.E.I_E	1PPF.E.I_I	RB21I	-0.811283
1PPF.E.I_E	1PPF.E.I_I	RB21K	0.604556
1PPF.E.I_E	1PPF.E.I_I	RB21L	-0.858586
1PPF.E.I_E	1PPF.E.I_I	RB21M	-0.759615
1PPF.E.I_E	1PPF.E.I_I	RB21N	0.329478
1PPF.E.I_E	1PPF.E.I_I	RB21P	6.705569
1PPF.E.I_E	1PPF.E.I_I	RB21Q	-0.018344
1PPF.E.I_E	1PPF.E.I_I	RB21S	0.419620
1PPF.E.I_E	1PPF.E.I_I	RB21T	-0.018344
1PPF.E.I_E	1PPF.E.I_I	RB21V	-0.349610
1PPF.E.I_E	1PPF.E.I_I	RB21W	-0.533006
1PPF.E.I_E	1PPF.E.I_I	RB21Y	0.220632
1PPF.E.I_E	1PPF.E.I_I	TB17A	3.189534
1PPF.E.I_E	1PPF.E.I_I	TB17C	2.087497
1PPF.E.I_E	1PPF.E.I_I	TB17D	4.923678
1PPF.E.I_E	1PPF.E.I_I	TB17E	3.057588
1PPF.E.I_E	1PPF.E.I_I	TB17F	1.709993
1PPF.E.I_E	1PPF.E.I_I	TB17G	3.599849
1PPF.E.I_E	1PPF.E.I_I	TB17H	1.693649
1PPF.E.I_E	1PPF.E.I_I	TB17I	1.481744
1PPF.E.I_E	1PPF.E.I_I	TB17K	3.388773
1PPF.E.I_E	1PPF.E.I_I	TB17L	2.279642
1PPF.E.I_E	1PPF.E.I_I	TB17M	2.502400
1PPF.E.I_E	1PPF.E.I_I	TB17N	2.698713
1PPF.E.I_E	1PPF.E.I_I	TB17P	3.074164
1PPF.E.I_E	1PPF.E.I_I	TB17Q	1.968727
1PPF.E.I_E	1PPF.E.I_I	TB17R	3.451668
1PPF.E.I_E	1PPF.E.I_I	TB17S	1.530874
1PPF.E.I_E	1PPF.E.I_I	TB17V	1.512658
1PPF.E.I_E	1PPF.E.I_I	TB17W	2.195336
1PPF.E.I_E	1PPF.E.I_I	TB17Y	2.480854
1PPF.E.I_E	1PPF.E.I_I	YB20A	3.210383
1PPF.E.I_E	1PPF.E.I_I	YB20C	3.451668
1PPF.E.I_E	1PPF.E.I_I	YB20D	6.419518
1PPF.E.I_E	1PPF.E.I_I	YB20E	6.419518
1PPF.E.I_E	1PPF.E.I_I	YB20F	0.482041
1PPF.E.I_E	1PPF.E.I_I	YB20G	4.185901
1PPF.E.I_E	1PPF.E.I_I	YB20H	2.415752
1PPF.E.I_E	1PPF.E.I_I	YB20I	3.931631
1PPF.E.I_E	1PPF.E.I_I	YB20K	4.494069
1PPF.E.I_E	1PPF.E.I_I	YB20L	1.374911
1PPF.E.I_E	1PPF.E.I_I	YB20M	2.812400
1PPF.E.I_E	1PPF.E.I_I	YB20N	3.643814
1PPF.E.I_E	1PPF.E.I_I	YB20P	5.367161
1PPF.E.I_E	1PPF.E.I_I	YB20Q	4.697070
1PPF.E.I_E	1PPF.E.I_I	YB20R	4.372321
1PPF.E.I_E	1PPF.E.I_I	YB20S	3.643814
1PPF.E.I_E	1PPF.E.I_I	YB20T	5.055347
1PPF.E.I_E	1PPF.E.I_I	YB20V	4.185901
1PPF.E.I_E	1PPF.E.I_I	YB20W	0.235382
1QSE.ABC.DE_ABC	1QSE.ABC.DE_DE	RA381V	-1.225423
1R0R.E.I_E	1R0R.E.I_I	AB10C	-0.483468
1R0R.E.I_E	1R0R.E.I_I	AB10D	5.228435
1R0R.E.I_E	1R0R.E.I_I	AB10E	4.577856
1R0R.E.I_E	1R0R.E.I_I	AB10F	-2.242999
1R0R.E.I_E	1R0R.E.I_I	AB10G	1.111737
1R0R.E.I_E	1R0R.E.I_I	AB10H	1.774828
1R0R.E.I_E	1R0R.E.I_I	AB10I	-1.799517
1R0R.E.I_E	1R0R.E.I_I	AB10K	3.072984
1R0R.E.I_E	1R0R.E.I_I	AB10L	-1.755011
1R0R.E.I_E	1R0R.E.I_I	AB10M	-1.739622
1R0R.E.I_E	1R0R.E.I_I	AB10N	2.089436
1R0R.E.I_E	1R0R.E.I_I	AB10P	3.345354
1R0R.E.I_E	1R0R.E.I_I	AB10Q	1.810982
1R0R.E.I_E	1R0R.E.I_I	AB10R	5.530482
1R0R.E.I_E	1R0R.E.I_I	AB10S	1.741675
1R0R.E.I_E	1R0R.E.I_I	AB10T	1.268123
1R0R.E.I_E	1R0R.E.I_I	AB10V	-0.970091
1R0R.E.I_E	1R0R.E.I_I	AB10W	0.207066
1R0R.E.I_E	1R0R.E.I_I	AB10Y	-0.838487
1R0R.E.I_E	1R0R.E.I_I	EB14A	2.089436
1R0R.E.I_E	1R0R.E.I_I	EB14C	2.371582
1R0R.E.I_E	1R0R.E.I_I	EB14D	0.258734
1R0R.E.I_E	1R0R.E.I_I	EB14F	3.618091
1R0R.E.I_E	1R0R.E.I_I	EB14G	2.711998
1R0R.E.I_E	1R0R.E.I_I	EB14H	1.708813
1R0R.E.I_E	1R0R.E.I_I	EB14I	0.736997
1R0R.E.I_E	1R0R.E.I_I	EB14K	2.711998
1R0R.E.I_E	1R0R.E.I_I	EB14L	0.569649
1R0R.E.I_E	1R0R.E.I_I	EB14M	1.571237
1R0R.E.I_E	1R0R.E.I_I	EB14N	2.118342
1R0R.E.I_E	1R0R.E.I_I	EB14P	3.764484
1R0R.E.I_E	1R0R.E.I_I	EB14Q	1.282174
1R0R.E.I_E	1R0R.E.I_I	EB14R	2.089436
1R0R.E.I_E	1R0R.E.I_I	EB14S	3.175153
1R0R.E.I_E	1R0R.E.I_I	EB14T	4.252276
1R0R.E.I_E	1R0R.E.I_I	EB14V	0.094771
1R0R.E.I_E	1R0R.E.I_I	EB14W	1.849514
1R0R.E.I_E	1R0R.E.I_I	EB14Y	1.889856
1R0R.E.I_E	1R0R.E.I_I	GB27A	1.314587
1R0R.E.I_E	1R0R.E.I_I	GB27C	1.419905
1R0R.E.I_E	1R0R.E.I_I	GB27D	2.888105
1R0R.E.I_E	1R0R.E.I_I	GB27E	1.981183
1R0R.E.I_E	1R0R.E.I_I	GB27F	0.115028
1R0R.E.I_E	1R0R.E.I_I	GB27H	2.192495
1R0R.E.I_E	1R0R.E.I_I	GB27I	1.981183
1R0R.E.I_E	1R0R.E.I_I	GB27K	2.935408
1R0R.E.I_E	1R0R.E.I_I	GB27L	2.410737
1R0R.E.I_E	1R0R.E.I_I	GB27M	2.156578
1R0R.E.I_E	1R0R.E.I_I	GB27N	1.282174
1R0R.E.I_E	1R0R.E.I_I	GB27P	1.080047
1R0R.E.I_E	1R0R.E.I_I	GB27Q	2.032910
1R0R.E.I_E	1R0R.E.I_I	GB27R	3.471120
1R0R.E.I_E	1R0R.E.I_I	GB27S	0.911775
1R0R.E.I_E	1R0R.E.I_I	GB27T	1.678780
1R0R.E.I_E	1R0R.E.I_I	GB27V	1.957501
1R0R.E.I_E	1R0R.E.I_I	GB27W	1.401272
1R0R.E.I_E	1R0R.E.I_I	GB27Y	0.485343
1R0R.E.I_E	1R0R.E.I_I	KB8A	-0.610000
1R0R.E.I_E	1R0R.E.I_I	KB8C	-0.615670
1R0R.E.I_E	1R0R.E.I_I	KB8D	-0.593310
1R0R.E.I_E	1R0R.E.I_I	KB8E	-0.110440
1R0R.E.I_E	1R0R.E.I_I	KB8F	-0.794522
1R0R.E.I_E	1R0R.E.I_I	KB8G	-0.838487
1R0R.E.I_E	1R0R.E.I_I	KB8H	-0.593310
1R0R.E.I_E	1R0R.E.I_I	KB8I	1.123952
1R0R.E.I_E	1R0R.E.I_I	KB8L	-0.328029
1R0R.E.I_E	1R0R.E.I_I	KB8M	-0.561278
1R0R.E.I_E	1R0R.E.I_I	KB8N	-0.390840
1R0R.E.I_E	1R0R.E.I_I	KB8P	1.347827
1R0R.E.I_E	1R0R.E.I_I	KB8Q	-0.530889
1R0R.E.I_E	1R0R.E.I_I	KB8R	0.136218
1R0R.E.I_E	1R0R.E.I_I	KB8S	-0.307360
1R0R.E.I_E	1R0R.E.I_I	KB8T	0.889749
1R0R.E.I_E	1R0R.E.I_I	KB8V	0.410656
1R0R.E.I_E	1R0R.E.I_I	KB8W	-1.105437
1R0R.E.I_E	1R0R.E.I_I	KB8Y	-0.695432
1R0R.E.I_E	1R0R.E.I_I	LB13A	0.420147
1R0R.E.I_E	1R0R.E.I_I	LB13C	-1.346307
1R0R.E.I_E	1R0R.E.I_I	LB13D	4.539324
1R0R.E.I_E	1R0R.E.I_I	LB13E	2.150663
1R0R.E.I_E	1R0R.E.I_I	LB13F	0.617011
1R0R.E.I_E	1R0R.E.I_I	LB13G	2.352891
1R0R.E.I_E	1R0R.E.I_I	LB13H	0.569649
1R0R.E.I_E	1R0R.E.I_I	LB13I	3.254027
1R0R.E.I_E	1R0R.E.I_I	LB13K	3.094362
1R0R.E.I_E	1R0R.E.I_I	LB13M	-0.516260
1R0R.E.I_E	1R0R.E.I_I	LB13N	1.500390
1R0R.E.I_E	1R0R.E.I_I	LB13P	7.687727
1R0R.E.I_E	1R0R.E.I_I	LB13Q	0.593330
1R0R.E.I_E	1R0R.E.I_I	LB13R	2.935408
1R0R.E.I_E	1R0R.E.I_I	LB13S	1.571237
1R0R.E.I_E	1R0R.E.I_I	LB13T	0.159763
1R0R.E.I_E	1R0R.E.I_I	LB13V	2.156578
1R0R.E.I_E	1R0R.E.I_I	LB13W	1.523934
1R0R.E.I_E	1R0R.E.I_I	LB13Y	0.446811
1R0R.E.I_E	1R0R.E.I_I	NB23S	-0.066014
1R0R.E.I_E	1R0R.E.I_I	NB31A	-0.033153
1R0R.E.I_E	1R0R.E.I_I	NB31C	0.569649
1R0R.E.I_E	1R0R.E.I_I	NB31D	0.569649
1R0R.E.I_E	1R0R.E.I_I	NB31E	-0.205013
1R0R.E.I_E	1R0R.E.I_I	NB31F	-0.179917
1R0R.E.I_E	1R0R.E.I_I	NB31G	0.285466
1R0R.E.I_E	1R0R.E.I_I	NB31H	0.285466
1R0R.E.I_E	1R0R.E.I_I	NB31I	0.314609
1R0R.E.I_E	1R0R.E.I_I	NB31K	1.147654
1R0R.E.I_E	1R0R.E.I_I	NB31L	1.546578
1R0R.E.I_E	1R0R.E.I_I	NB31M	0.314609
1R0R.E.I_E	1R0R.E.I_I	NB31P	1.479199
1R0R.E.I_E	1R0R.E.I_I	NB31Q	-0.274438
1R0R.E.I_E	1R0R.E.I_I	NB31R	1.458942
1R0R.E.I_E	1R0R.E.I_I	NB31S	0.485343
1R0R.E.I_E	1R0R.E.I_I	NB31T	0.569649
1R0R.E.I_E	1R0R.E.I_I	NB31V	0.668739
1R0R.E.I_E	1R0R.E.I_I	NB31W	0.055733
1R0R.E.I_E	1R0R.E.I_I	NB31Y	0.182407
1R0R.E.I_E	1R0R.E.I_I	PB9A	-0.638906
1R0R.E.I_E	1R0R.E.I_I	PB9C	-0.986667
1R0R.E.I_E	1R0R.E.I_I	PB9D	-2.521276
1R0R.E.I_E	1R0R.E.I_I	PB9E	-2.242999
1R0R.E.I_E	1R0R.E.I_I	PB9F	1.382035
1R0R.E.I_E	1R0R.E.I_I	PB9G	-0.345822
1R0R.E.I_E	1R0R.E.I_I	PB9H	-0.216517
1R0R.E.I_E	1R0R.E.I_I	PB9I	1.741675
1R0R.E.I_E	1R0R.E.I_I	PB9K	0.344642
1R0R.E.I_E	1R0R.E.I_I	PB9L	1.184254
1R0R.E.I_E	1R0R.E.I_I	PB9M	-0.033153
1R0R.E.I_E	1R0R.E.I_I	PB9N	-0.917360
1R0R.E.I_E	1R0R.E.I_I	PB9Q	-1.414623
1R0R.E.I_E	1R0R.E.I_I	PB9R	1.102406
1R0R.E.I_E	1R0R.E.I_I	PB9S	0.136218
1R0R.E.I_E	1R0R.E.I_I	PB9T	1.197750
1R0R.E.I_E	1R0R.E.I_I	PB9V	1.331018
1R0R.E.I_E	1R0R.E.I_I	PB9W	0.485343
1R0R.E.I_E	1R0R.E.I_I	PB9Y	0.857467
1R0R.E.I_E	1R0R.E.I_I	RB16A	-0.096048
1R0R.E.I_E	1R0R.E.I_I	RB16C	0.115028
1R0R.E.I_E	1R0R.E.I_I	RB16D	-0.179917
1R0R.E.I_E	1R0R.E.I_I	RB16E	0.344642
1R0R.E.I_E	1R0R.E.I_I	RB16F	0.446811
1R0R.E.I_E	1R0R.E.I_I	RB16G	2.089436
1R0R.E.I_E	1R0R.E.I_I	RB16H	0.525685
1R0R.E.I_E	1R0R.E.I_I	RB16I	0.207066
1R0R.E.I_E	1R0R.E.I_I	RB16K	-0.096048
1R0R.E.I_E	1R0R.E.I_I	RB16L	0.232103
1R0R.E.I_E	1R0R.E.I_I	RB16M	0.446811
1R0R.E.I_E	1R0R.E.I_I	RB16N	-0.050452
1R0R.E.I_E	1R0R.E.I_I	RB16P	7.390505
1R0R.E.I_E	1R0R.E.I_I	RB16Q	0.182407
1R0R.E.I_E	1R0R.E.I_I	RB16S	-0.016345
1R0R.E.I_E	1R0R.E.I_I	RB16T	0.344642
1R0R.E.I_E	1R0R.E.I_I	RB16V	0.115028
1R0R.E.I_E	1R0R.E.I_I	RB16W	0.945399
1R0R.E.I_E	1R0R.E.I_I	RB16Y	0.823325
1R0R.E.I_E	1R0R.E.I_I	TB12A	0.980162
1R0R.E.I_E	1R0R.E.I_I	TB12C	0.813197
1R0R.E.I_E	1R0R.E.I_I	TB12D	2.888105
1R0R.E.I_E	1R0R.E.I_I	TB12E	3.018399
1R0R.E.I_E	1R0R.E.I_I	TB12F	-0.066014
1R0R.E.I_E	1R0R.E.I_I	TB12G	3.138999
1R0R.E.I_E	1R0R.E.I_I	TB12H	0.525685
1R0R.E.I_E	1R0R.E.I_I	TB12I	0.258734
1R0R.E.I_E	1R0R.E.I_I	TB12K	1.933820
1R0R.E.I_E	1R0R.E.I_I	TB12L	0.668739
1R0R.E.I_E	1R0R.E.I_I	TB12M	1.331018
1R0R.E.I_E	1R0R.E.I_I	TB12N	0.017864
1R0R.E.I_E	1R0R.E.I_I	TB12P	4.949980
1R0R.E.I_E	1R0R.E.I_I	TB12Q	2.221638
1R0R.E.I_E	1R0R.E.I_I	TB12R	3.345354
1R0R.E.I_E	1R0R.E.I_I	TB12S	0.859036
1R0R.E.I_E	1R0R.E.I_I	TB12V	1.008609
1R0R.E.I_E	1R0R.E.I_I	TB12W	2.935408
1R0R.E.I_E	1R0R.E.I_I	TB12Y	-0.878828
1R0R.E.I_E	1R0R.E.I_I	YB15A	5.474549
1R0R.E.I_E	1R0R.E.I_I	YB15C	3.254027
1R0R.E.I_E	1R0R.E.I_I	YB15D	5.622921
1R0R.E.I_E	1R0R.E.I_I	YB15E	4.618198
1R0R.E.I_E	1R0R.E.I_I	YB15F	0.617011
1R0R.E.I_E	1R0R.E.I_I	YB15G	6.402083
1R0R.E.I_E	1R0R.E.I_I	YB15H	3.257035
1R0R.E.I_E	1R0R.E.I_I	YB15I	2.864561
1R0R.E.I_E	1R0R.E.I_I	YB15K	5.512418
1R0R.E.I_E	1R0R.E.I_I	YB15L	2.575117
1R0R.E.I_E	1R0R.E.I_I	YB15M	3.138999
1R0R.E.I_E	1R0R.E.I_I	YB15N	5.616447
1R0R.E.I_E	1R0R.E.I_I	YB15P	6.654434
1R0R.E.I_E	1R0R.E.I_I	YB15Q	4.503170
1R0R.E.I_E	1R0R.E.I_I	YB15R	4.470017
1R0R.E.I_E	1R0R.E.I_I	YB15S	5.162713
1R0R.E.I_E	1R0R.E.I_I	YB15T	5.474549
1R0R.E.I_E	1R0R.E.I_I	YB15V	3.510074
1R0R.E.I_E	1R0R.E.I_I	YB15W	-0.364166
1SBB.A.B_A	1SBB.A.B_B	LB20T	-0.099672
1SBB.A.B_A	1SBB.A.B_B	VB26Y	-1.180796
1SBB.A.B_A	1SBB.A.B_B	YB91V	0.085219
1SBN.E.I_E	1SBN.E.I_I	RB38K	-0.309999
1SGD.E.I_E	1SGD.E.I_I	DB13L	-5.668659
1SGE.E.I_E	1SGE.E.I_I	EB13L	-5.982758
1SGN.E.I_E	1SGN.E.I_I	NB13L	-3.399817
1SGP.E.I_E	1SGP.E.I_I	AB13L	-2.989160
1SGQ.E.I_E	1SGQ.E.I_I	GB13L	-5.003496
1SGY.E.I_E	1SGY.E.I_I	YB13L	-1.676006
1SIB.E.I_E	1SIB.E.I_I	KB46R	-0.731527
1SMF.E.I_E	1SMF.E.I_I	EB8A	1.012809
1SMF.E.I_E	1SMF.E.I_I	IB5A	3.511419
1SMF.E.I_E	1SMF.E.I_I	KB3A	5.689056
1SMF.E.I_E	1SMF.E.I_I	SB4A	1.899972
1SMF.E.I_E	1SMF.E.I_I	TB2A	2.046052
1TM1.E.I_E	1TM1.E.I_I	EB41A	2.989437
1TM1.E.I_E	1TM1.E.I_I	EB41S	2.747769
1TM1.E.I_E	1TM1.E.I_I	MB40A	1.027668
1TM1.E.I_E	1TM1.E.I_I	MB40F	1.027668
1TM1.E.I_E	1TM1.E.I_I	MB40G	2.232905
1TM1.E.I_E	1TM1.E.I_I	MB40K	1.093564
1TM1.E.I_E	1TM1.E.I_I	MB40Y	0.056467
1TM1.E.I_E	1TM1.E.I_I	RB43A	1.256154
1TM1.E.I_E	1TM1.E.I_I	RB46A	3.417935
1TM1.E.I_E	1TM1.E.I_I	RB48A	3.010781
1TM1.E.I_E	1TM1.E.I_I	RB48C	3.235801
1TM1.E.I_E	1TM1.E.I_I	TB39A	2.650369
1TM1.E.I_E	1TM1.E.I_I	TB39D	2.099074
1TM1.E.I_E	1TM1.E.I_I	TB39P	3.756010
1TM1.E.I_E	1TM1.E.I_I	VB51A	0.024862
1TM1.E.I_E	1TM1.E.I_I	YB42A	2.580556
1TM1.E.I_E	1TM1.E.I_I	YB42G	4.680967
1TM3.E.I_E	1TM3.E.I_I	KB40M	-1.093564
1TM4.E.I_E	1TM4.E.I_I	GB40M	-2.232905
1TM5.E.I_E	1TM5.E.I_I	AB40M	-1.027668
1TM7.E.I_E	1TM7.E.I_I	YB40M	-0.056467
1TMG.E.I_E	1TMG.E.I_I	FB40M	-1.027668
1TO1.E.I_E	1TO1.E.I_I	AB42Y	-2.981582
1UUZ.A.D_A	1UUZ.A.D_D	CA64A	0.650875
1UUZ.A.D_A	1UUZ.A.D_D	HA62A	1.774828
1UUZ.A.D_A	1UUZ.A.D_D	HA62D	3.379217
1UUZ.A.D_A	1UUZ.A.D_D	HA62N	1.519609
1UUZ.A.D_A	1UUZ.A.D_D	HA62Q	1.519609
1VFB.AB.C_AB	1VFB.AB.C_C	DA161A	0.815476
1VFB.AB.C_AB	1VFB.AB.C_C	DA165A	-0.207096
1VFB.AB.C_AB	1VFB.AB.C_C	DA165E	0.078116
1VFB.AB.C_AB	1VFB.AB.C_C	DA165N	-0.128239
1VFB.AB.C_AB	1VFB.AB.C_C	DA207A	3.006347
1VFB.AB.C_AB	1VFB.AB.C_C	DB119A	0.953515
1VFB.AB.C_AB	1VFB.AB.C_C	DB18A	0.340283
1VFB.AB.C_AB	1VFB.AB.C_C	EA205A	1.157075
1VFB.AB.C_AB	1VFB.AB.C_C	GA138A	0.306603
1VFB.AB.C_AB	1VFB.AB.C_C	GA138E	-0.509990
1VFB.AB.C_AB	1VFB.AB.C_C	GA138W	0.003963
1VFB.AB.C_AB	1VFB.AB.C_C	HA30A	0.845261
1VFB.AB.C_AB	1VFB.AB.C_C	IB124A	1.231969
1VFB.AB.C_AB	1VFB.AB.C_C	KB116A	0.713770
1VFB.AB.C_AB	1VFB.AB.C_C	LA46D	5.631085
1VFB.AB.C_AB	1VFB.AB.C_C	LA46E	5.631085
1VFB.AB.C_AB	1VFB.AB.C_C	LB129A	0.171622
1VFB.AB.C_AB	1VFB.AB.C_C	NA163A	0.177798
1VFB.AB.C_AB	1VFB.AB.C_C	NA31W	0.174401
1VFB.AB.C_AB	1VFB.AB.C_C	NB19A	0.396264
1VFB.AB.C_AB	1VFB.AB.C_C	QB121A	2.878286
1VFB.AB.C_AB	1VFB.AB.C_C	RA206A	-0.099780
1VFB.AB.C_AB	1VFB.AB.C_C	RA206W	0.705290
1VFB.AB.C_AB	1VFB.AB.C_C	RA206Y	1.235932
1VFB.AB.C_AB	1VFB.AB.C_C	RB125A	1.837722
1VFB.AB.C_AB	1VFB.AB.C_C	SA135D	0.000000
1VFB.AB.C_AB	1VFB.AB.C_C	SA135E	-0.104054
1VFB.AB.C_AB	1VFB.AB.C_C	SA135N	0.144012
1VFB.AB.C_AB	1VFB.AB.C_C	SA135Q	0.078116
1VFB.AB.C_AB	1VFB.AB.C_C	SA93A	0.343278
1VFB.AB.C_AB	1VFB.AB.C_C	SB24A	0.851346
1VFB.AB.C_AB	1VFB.AB.C_C	TA137A	-0.055875
1VFB.AB.C_AB	1VFB.AB.C_C	TA52F	0.471086
1VFB.AB.C_AB	1VFB.AB.C_C	TA53R	1.646589
1VFB.AB.C_AB	1VFB.AB.C_C	TB118A	0.765438
1VFB.AB.C_AB	1VFB.AB.C_C	VB120A	0.917360
1VFB.AB.C_AB	1VFB.AB.C_C	WA159A	0.640914
1VFB.AB.C_AB	1VFB.AB.C_C	WA92A	3.039208
1VFB.AB.C_AB	1VFB.AB.C_C	YA139A	0.792034
1VFB.AB.C_AB	1VFB.AB.C_C	YA139E	1.903040
1VFB.AB.C_AB	1VFB.AB.C_C	YA208F	1.270133
1VFB.AB.C_AB	1VFB.AB.C_C	YA32A	1.528818
1VFB.AB.C_AB	1VFB.AB.C_C	YA32W	5.631085
1VFB.AB.C_AB	1VFB.AB.C_C	YA49A	0.797899
1VFB.AB.C_AB	1VFB.AB.C_C	YA50A	0.456290
1VFB.AB.C_AB	1VFB.AB.C_C	YA50K	1.716369
1VFB.AB.C_AB	1VFB.AB.C_C	YA50R	0.844702
1VFB.AB.C_AB	1VFB.AB.C_C	YB23A	0.410656
1XGP.AB.C_AB	1XGP.AB.C_C	AA248F	-4.062480
1XGP.AB.C_AB	1XGP.AB.C_C	AA248I	-2.261219
1XGP.AB.C_AB	1XGP.AB.C_C	AA248L	-2.199876
1XGP.AB.C_AB	1XGP.AB.C_C	AA248V	-1.153095
1XGQ.AB.C_AB	1XGQ.AB.C_C	VA248A	1.153095
1XGQ.AB.C_AB	1XGQ.AB.C_C	VA248F	-2.909385
1XGQ.AB.C_AB	1XGQ.AB.C_C	VA248I	-1.108124
1XGQ.AB.C_AB	1XGQ.AB.C_C	VA248L	-1.046781
1XGR.AB.C_AB	1XGR.AB.C_C	IA248A	2.261219
1XGR.AB.C_AB	1XGR.AB.C_C	IA248F	-1.801261
1XGR.AB.C_AB	1XGR.AB.C_C	IA248L	0.061343
1XGR.AB.C_AB	1XGR.AB.C_C	IA248V	1.108124
1XGT.AB.C_AB	1XGT.AB.C_C	LA248A	2.199876
1XGT.AB.C_AB	1XGT.AB.C_C	LA248F	-1.862604
1XGT.AB.C_AB	1XGT.AB.C_C	LA248I	-0.061343
1XGT.AB.C_AB	1XGT.AB.C_C	LA248V	1.046781
1XGU.AB.C_AB	1XGU.AB.C_C	FA247A	4.062480
1XGU.AB.C_AB	1XGU.AB.C_C	FA247I	1.801261
1XGU.AB.C_AB	1XGU.AB.C_C	FA247L	1.862604
1XGU.AB.C_AB	1XGU.AB.C_C	FA247V	2.909385
1Y1K.E.I_E	1Y1K.E.I_I	AB39T	-2.728342
1Y33.E.I_E	1Y33.E.I_I	PB39T	-3.756010
1Y34.E.I_E	1Y34.E.I_I	AB41E	-3.054218
1Y3B.E.I_E	1Y3B.E.I_I	SB41E	-2.747769
1Y3C.E.I_E	1Y3C.E.I_I	AB43R	-1.256154
1Y3D.E.I_E	1Y3D.E.I_I	AB48R	-3.098124
1Y48.E.I_E	1Y48.E.I_I	AB46R	-3.756010
1YQV.HL.Y_HL	1YQV.HL.Y_Y	RB45K	1.879186
1YY9.CD.A_CD	1YY9.CD.A_A	AA25P	0.072288
1YY9.CD.A_CD	1YY9.CD.A_A	AA309P	1.037692
1YY9.CD.A_CD	1YY9.CD.A_A	GA265P	0.268190
1YY9.CD.A_CD	1YY9.CD.A_A	LA240P	0.030841
1YY9.CD.A_CD	1YY9.CD.A_A	NA267A	-0.057072
1YY9.CD.A_CD	1YY9.CD.A_A	NA93A	-0.742202
1YY9.CD.A_CD	1YY9.CD.A_A	SA264P	0.817911
1YY9.CD.A_CD	1YY9.CD.A_A	SA26D	-0.199344
1YY9.CD.A_CD	1YY9.CD.A_A	SA26P	-0.009115
1YY9.CD.A_CD	1YY9.CD.A_A	SA28P	-0.222399
1YY9.CD.A_CD	1YY9.CD.A_A	SA54P	-0.018372
1YY9.CD.A_CD	1YY9.CD.A_A	TA272E	-0.057072
1YY9.CD.A_CD	1YY9.CD.A_A	TA31E	-0.519157
1YY9.CD.A_CD	1YY9.CD.A_A	TA96P	4.004943
1YY9.CD.A_CD	1YY9.CD.A_A	WA263P	1.478933
1YY9.CD.A_CD	1YY9.CD.A_A	YA312P	1.652159
2AK4.ABC.DE_ABC	2AK4.ABC.DE_DE	AA158G	0.873589
2AK4.ABC.DE_ABC	2AK4.ABC.DE_DE	EA154A	0.234915
2AK4.ABC.DE_ABC	2AK4.ABC.DE_DE	EA161A	0.465104
2AK4.ABC.DE_ABC	2AK4.ABC.DE_DE	EB301A	0.048639
2AK4.ABC.DE_ABC	2AK4.ABC.DE_DE	LA163A	0.140382
2AK4.ABC.DE_ABC	2AK4.ABC.DE_DE	LA380A	1.403989
2AK4.ABC.DE_ABC	2AK4.ABC.DE_DE	LA385A	0.513636
2AK4.ABC.DE_ABC	2AK4.ABC.DE_DE	LB298A	0.838487
2AK4.ABC.DE_ABC	2AK4.ABC.DE_DE	NB230A	0.208773
2AK4.ABC.DE_ABC	2AK4.ABC.DE_DE	NB232A	0.822895
2AK4.ABC.DE_ABC	2AK4.ABC.DE_DE	NB267A	-0.042688
2AK4.ABC.DE_ABC	2AK4.ABC.DE_DE	NB51A	1.403989
2AK4.ABC.DE_ABC	2AK4.ABC.DE_DE	NB98A	1.403989
2AK4.ABC.DE_ABC	2AK4.ABC.DE_DE	PA379A	1.096392
2AK4.ABC.DE_ABC	2AK4.ABC.DE_DE	PA381A	1.403989
2AK4.ABC.DE_ABC	2AK4.ABC.DE_DE	QA155A	0.929594
2AK4.ABC.DE_ABC	2AK4.ABC.DE_DE	QA382A	1.403989
2AK4.ABC.DE_ABC	2AK4.ABC.DE_DE	QA384A	0.065896
2AK4.ABC.DE_ABC	2AK4.ABC.DE_DE	QA65A	-0.257905
2AK4.ABC.DE_ABC	2AK4.ABC.DE_DE	QA72A	0.239162
2AK4.ABC.DE_ABC	2AK4.ABC.DE_DE	RA151A	1.367331
2AK4.ABC.DE_ABC	2AK4.ABC.DE_DE	RA157A	1.403989
2AK4.ABC.DE_ABC	2AK4.ABC.DE_DE	SB233G	1.403989
2AK4.ABC.DE_ABC	2AK4.ABC.DE_DE	SB253A	-0.314372
2AK4.ABC.DE_ABC	2AK4.ABC.DE_DE	SB94A	1.403989
2AK4.ABC.DE_ABC	2AK4.ABC.DE_DE	TA69A	-0.341933
2AK4.ABC.DE_ABC	2AK4.ABC.DE_DE	TB30A	-0.126683
2AK4.ABC.DE_ABC	2AK4.ABC.DE_DE	YB32A	0.098972
2AK4.ABC.DE_ABC	2AK4.ABC.DE_DE	YB97A	1.403989
2B2X.HL.A_HL	2B2X.HL.A_A	EA64K	-0.033449
2B2X.HL.A_HL	2B2X.HL.A_A	VA50T	0.024065
2B2X.HL.A_HL	2B2X.HL.A_A	YA262E	-0.224205
2BDN.HL.A_HL	2BDN.HL.A_A	DA31E	1.085717
2BDN.HL.A_HL	2BDN.HL.A_A	LA27K	0.874404
2BDN.HL.A_HL	2BDN.HL.A_A	LA27R	0.650875
2BDN.HL.A_HL	2BDN.HL.A_A	NA248K	3.491334
2BDN.HL.A_HL	2BDN.HL.A_A	NA248R	-0.917598
2BDN.HL.A_HL	2BDN.HL.A_A	NA28D	0.132202
2BDN.HL.A_HL	2BDN.HL.A_A	NA28Q	1.400088
2BDN.HL.A_HL	2BDN.HL.A_A	SA270D	-0.160645
2BDN.HL.A_HL	2BDN.HL.A_A	SA270E	-0.851702
2BDN.HL.A_HL	2BDN.HL.A_A	TA273D	-0.425656
2BDN.HL.A_HL	2BDN.HL.A_A	TA273E	-0.689111
2BDN.HL.A_HL	2BDN.HL.A_A	YA247K	0.675060
2BNQ.ABC.DE_ABC	2BNQ.ABC.DE_DE	VA385C	0.501983
2BNR.ABC.DE_ABC	2BNR.ABC.DE_DE	AA149G	0.018231
2BNR.ABC.DE_ABC	2BNR.ABC.DE_DE	AA150G	0.736888
2BNR.ABC.DE_ABC	2BNR.ABC.DE_DE	AA69G	1.855210
2BNR.ABC.DE_ABC	2BNR.ABC.DE_DE	CA385V	-0.501983
2BNR.ABC.DE_ABC	2BNR.ABC.DE_DE	DA61A	-0.089786
2BNR.ABC.DE_ABC	2BNR.ABC.DE_DE	EA154A	0.018231
2BNR.ABC.DE_ABC	2BNR.ABC.DE_DE	EA58A	0.000000
2BNR.ABC.DE_ABC	2BNR.ABC.DE_DE	EA63A	0.334711
2BNR.ABC.DE_ABC	2BNR.ABC.DE_DE	HA151A	0.533152
2BNR.ABC.DE_ABC	2BNR.ABC.DE_DE	HA70A	1.695717
2BNR.ABC.DE_ABC	2BNR.ABC.DE_DE	HA74A	0.975325
2BNR.ABC.DE_ABC	2BNR.ABC.DE_DE	KA146A	0.624371
2BNR.ABC.DE_ABC	2BNR.ABC.DE_DE	KA66A	1.689335
2BNR.ABC.DE_ABC	2BNR.ABC.DE_DE	KA68A	0.005528
2BNR.ABC.DE_ABC	2BNR.ABC.DE_DE	QA155A	0.232766
2BNR.ABC.DE_ABC	2BNR.ABC.DE_DE	QA43A	0.082802
2BNR.ABC.DE_ABC	2BNR.ABC.DE_DE	QA72A	-0.096285
2BNR.ABC.DE_ABC	2BNR.ABC.DE_DE	RA65A	1.806372
2BNR.ABC.DE_ABC	2BNR.ABC.DE_DE	RA75A	0.530889
2BNR.ABC.DE_ABC	2BNR.ABC.DE_DE	TA163A	0.458647
2BNR.ABC.DE_ABC	2BNR.ABC.DE_DE	TA64A	0.271471
2BNR.ABC.DE_ABC	2BNR.ABC.DE_DE	TA73A	1.285060
2BNR.ABC.DE_ABC	2BNR.ABC.DE_DE	TA80A	0.535406
2BNR.ABC.DE_ABC	2BNR.ABC.DE_DE	VA152A	0.903310
2BNR.ABC.DE_ABC	2BNR.ABC.DE_DE	VA67A	0.392802
2BNR.ABC.DE_ABC	2BNR.ABC.DE_DE	VA76A	0.672090
2FTL.E.I_E	2FTL.E.I_I	FB33A	4.092513
2FTL.E.I_E	2FTL.E.I_I	GB12A	4.392778
2FTL.E.I_E	2FTL.E.I_I	GB36A	4.942732
2FTL.E.I_E	2FTL.E.I_I	GB37A	4.092513
2FTL.E.I_E	2FTL.E.I_I	IB18A	5.021843
2FTL.E.I_E	2FTL.E.I_I	IB19A	4.092513
2FTL.E.I_E	2FTL.E.I_I	KB15A	10.399064
2FTL.E.I_E	2FTL.E.I_I	KB15D	11.502718
2FTL.E.I_E	2FTL.E.I_I	KB15E	9.424007
2FTL.E.I_E	2FTL.E.I_I	KB15F	7.027211
2FTL.E.I_E	2FTL.E.I_I	KB15G	12.352226
2FTL.E.I_E	2FTL.E.I_I	KB15H	8.781781
2FTL.E.I_E	2FTL.E.I_I	KB15I	11.171452
2FTL.E.I_E	2FTL.E.I_I	KB15L	8.864103
2FTL.E.I_E	2FTL.E.I_I	KB15M	7.692373
2FTL.E.I_E	2FTL.E.I_I	KB15N	8.033104
2FTL.E.I_E	2FTL.E.I_I	KB15Q	9.370644
2FTL.E.I_E	2FTL.E.I_I	KB15R	-0.582439
2FTL.E.I_E	2FTL.E.I_I	KB15S	7.723918
2FTL.E.I_E	2FTL.E.I_I	KB15T	10.597484
2FTL.E.I_E	2FTL.E.I_I	KB15V	11.756444
2FTL.E.I_E	2FTL.E.I_I	KB15W	8.664119
2FTL.E.I_E	2FTL.E.I_I	KB15Y	6.857010
2FTL.E.I_E	2FTL.E.I_I	KB46A	4.092513
2FTL.E.I_E	2FTL.E.I_I	PB13A	4.092513
2FTL.E.I_E	2FTL.E.I_I	RB17A	4.092513
2FTL.E.I_E	2FTL.E.I_I	RB20A	4.092513
2FTL.E.I_E	2FTL.E.I_I	RB39A	4.092513
2FTL.E.I_E	2FTL.E.I_I	TB11A	4.092513
2FTL.E.I_E	2FTL.E.I_I	VB34A	4.092513
2FTL.E.I_E	2FTL.E.I_I	YB35A	4.092513
2GYK.A.B_A	2GYK.A.B_B	AA49D	-5.918129
2I26.N.L_N	2I26.N.L_L	AA29V	0.030389
2I26.N.L_N	2I26.N.L_L	SA60R	-0.626441
2J8U.ABC.EF_ABC	2J8U.ABC.EF_EF	AA66K	-0.940625
2JCC.ABC.EF_ABC	2JCC.ABC.EF_EF	AA167W	-0.298805
2JEL.LH.P_LH	2JEL.LH.P_P	AB82S	0.000000
2JEL.LH.P_LH	2JEL.LH.P_P	DB69E	0.953515
2JEL.LH.P_LH	2JEL.LH.P_P	EB5D	0.410656
2JEL.LH.P_LH	2JEL.LH.P_P	EB5Q	0.713296
2JEL.LH.P_LH	2JEL.LH.P_P	EB66K	4.092513
2JEL.LH.P_LH	2JEL.LH.P_P	EB68A	0.410656
2JEL.LH.P_LH	2JEL.LH.P_P	EB70A	2.728342
2JEL.LH.P_LH	2JEL.LH.P_P	EB70K	4.092513
2JEL.LH.P_LH	2JEL.LH.P_P	EB75R	2.728342
2JEL.LH.P_LH	2JEL.LH.P_P	EB83A	0.000000
2JEL.LH.P_LH	2JEL.LH.P_P	EB85A	0.000000
2JEL.LH.P_LH	2JEL.LH.P_P	EB85D	0.000000
2JEL.LH.P_LH	2JEL.LH.P_P	EB85K	0.000000
2JEL.LH.P_LH	2JEL.LH.P_P	EB85Q	0.000000
2JEL.LH.P_LH	2JEL.LH.P_P	FB2W	2.620325
2JEL.LH.P_LH	2JEL.LH.P_P	FB2Y	0.000000
2JEL.LH.P_LH	2JEL.LH.P_P	HB76A	-0.410656
2JEL.LH.P_LH	2JEL.LH.P_P	HB76D	-0.650875
2JEL.LH.P_LH	2JEL.LH.P_P	KB24E	0.000000
2JEL.LH.P_LH	2JEL.LH.P_P	KB27E	0.000000
2JEL.LH.P_LH	2JEL.LH.P_P	KB72E	0.410656
2JEL.LH.P_LH	2JEL.LH.P_P	KB72R	0.000000
2JEL.LH.P_LH	2JEL.LH.P_P	KB79E	0.410656
2JEL.LH.P_LH	2JEL.LH.P_P	NB12D	0.000000
2JEL.LH.P_LH	2JEL.LH.P_P	NB38T	0.000000
2JEL.LH.P_LH	2JEL.LH.P_P	PB11E	0.000000
2JEL.LH.P_LH	2JEL.LH.P_P	QB3K	4.092513
2JEL.LH.P_LH	2JEL.LH.P_P	QB4K	1.364171
2JEL.LH.P_LH	2JEL.LH.P_P	QB57E	-0.410656
2JEL.LH.P_LH	2JEL.LH.P_P	QB71E	2.728342
2JEL.LH.P_LH	2JEL.LH.P_P	RB17G	0.000000
2JEL.LH.P_LH	2JEL.LH.P_P	RB17K	0.000000
2JEL.LH.P_LH	2JEL.LH.P_P	SB41C	1.496373
2JEL.LH.P_LH	2JEL.LH.P_P	SB43C	0.000000
2JEL.LH.P_LH	2JEL.LH.P_P	SB46C	0.000000
2JEL.LH.P_LH	2JEL.LH.P_P	SB64T	4.092513
2JEL.LH.P_LH	2JEL.LH.P_P	TB34N	6.820856
2JEL.LH.P_LH	2JEL.LH.P_P	TB34Q	0.000000
2JEL.LH.P_LH	2JEL.LH.P_P	TB36Q	0.410656
2JEL.LH.P_LH	2JEL.LH.P_P	TB62A	0.000000
2JEL.LH.P_LH	2JEL.LH.P_P	TB62N	0.000000
2JEL.LH.P_LH	2JEL.LH.P_P	TB7N	0.410656
2JEL.LH.P_LH	2JEL.LH.P_P	TB7S	0.000000
2JEL.LH.P_LH	2JEL.LH.P_P	VB6F	0.000000
2NU0.E.I_E	2NU0.E.I_I	WB13L	-1.865208
2NU1.E.I_E	2NU1.E.I_I	HB13L	-1.713876
2NU2.E.I_E	2NU2.E.I_I	RB13L	-3.366955
2NU4.E.I_E	2NU4.E.I_I	KB13L	-3.182076
2NYY.DC.A_DC	2NYY.DC.A_A	DA247Y	0.645757
2NYY.DC.A_DC	2NYY.DC.A_A	EA5Q	-0.249774
2NYY.DC.A_DC	2NYY.DC.A_A	EB892A	2.859595
2NYY.DC.A_DC	2NYY.DC.A_A	FB889A	0.422389
2NYY.DC.A_DC	2NYY.DC.A_A	FB925A	4.087755
2NYY.DC.A_DC	2NYY.DC.A_A	HA251R	0.101612
2NYY.DC.A_DC	2NYY.DC.A_A	IB928A	-0.009556
2NYY.DC.A_DC	2NYY.DC.A_A	KA29R	0.071900
2NYY.DC.A_DC	2NYY.DC.A_A	KB875A	0.293084
2NYY.DC.A_DC	2NYY.DC.A_A	KB895A	-0.141156
2NYY.DC.A_DC	2NYY.DC.A_A	LB891A	2.607872
2NYY.DC.A_DC	2NYY.DC.A_A	MA33Q	-0.060301
2NYY.DC.A_DC	2NYY.DC.A_A	NB890A	0.896858
2NYY.DC.A_DC	2NYY.DC.A_A	NB926A	0.100064
2NYY.DC.A_DC	2NYY.DC.A_A	QB887A	0.524568
2NYY.DC.A_DC	2NYY.DC.A_A	SA245Q	0.416362
2NYY.DC.A_DC	2NYY.DC.A_A	SA248N	-0.355930
2NYY.DC.A_DC	2NYY.DC.A_A	SB874A	-0.231982
2NYY.DC.A_DC	2NYY.DC.A_A	SB927A	0.000000
2NYY.DC.A_DC	2NYY.DC.A_A	VA36I	-0.214708
2NYY.DC.A_DC	2NYY.DC.A_A	YA30D	0.065091
2NYY.DC.A_DC	2NYY.DC.A_A	YA30Q	0.129904
2NYY.DC.A_DC	2NYY.DC.A_A	YA56Q	0.523432
2NZ9.DC.A_DC	2NZ9.DC.A_A	EB892A	2.790327
2NZ9.DC.A_DC	2NZ9.DC.A_A	FB889A	-0.049968
2NZ9.DC.A_DC	2NZ9.DC.A_A	FB925A	3.364515
2NZ9.DC.A_DC	2NZ9.DC.A_A	IB928A	0.069781
2NZ9.DC.A_DC	2NZ9.DC.A_A	KB875A	0.544598
2NZ9.DC.A_DC	2NZ9.DC.A_A	KB895A	-0.301914
2NZ9.DC.A_DC	2NZ9.DC.A_A	LB891A	2.296398
2NZ9.DC.A_DC	2NZ9.DC.A_A	NB890A	2.175600
2NZ9.DC.A_DC	2NZ9.DC.A_A	NB926A	-0.153264
2NZ9.DC.A_DC	2NZ9.DC.A_A	QB887A	0.099976
2NZ9.DC.A_DC	2NZ9.DC.A_A	SB874A	-0.120342
2NZ9.DC.A_DC	2NZ9.DC.A_A	SB927A	-0.079111
2P5E.ABC.DE_ABC	2P5E.ABC.DE_DE	YB32D	7.607647
2SGP.E.I_E	2SGP.E.I_I	PB13L	-8.445845
2SGQ.E.I_E	2SGQ.E.I_I	QB13L	-2.603541
2SIC.E.I_E	2SIC.E.I_I	MB67A	0.217859
2SIC.E.I_E	2SIC.E.I_I	MB67D	0.751532
2SIC.E.I_E	2SIC.E.I_I	MB67E	0.796098
2SIC.E.I_E	2SIC.E.I_I	MB67G	0.145223
2SIC.E.I_E	2SIC.E.I_I	MB67H	0.217859
2SIC.E.I_E	2SIC.E.I_I	MB67I	1.604390
2SIC.E.I_E	2SIC.E.I_I	MB67K	0.000000
2SIC.E.I_E	2SIC.E.I_I	MB67L	-0.240219
2SIC.E.I_E	2SIC.E.I_I	MB67R	0.000000
2SIC.E.I_E	2SIC.E.I_I	MB67V	0.713296
2UWE.ABC.EF_ABC	2UWE.ABC.EF_EF	AA163T	0.404320
2VLN.A.B_A	2VLN.A.B_B	AB75N	-2.335586
2VLO.A.B_A	2VLO.A.B_B	AB95K	-1.960515
2VLP.A.B_A	2VLP.A.B_B	AB54R	-1.666447
2VLQ.A.B_A	2VLQ.A.B_B	AB86F	-3.880681
2VLR.ABC.DE_ABC	2VLR.ABC.DE_DE	AB294S	0.017603
2WPT.A.B_A	2WPT.A.B_B	DA30A	-0.776203
2WPT.A.B_A	2WPT.A.B_B	DA30L	-3.403402
2WPT.A.B_A	2WPT.A.B_B	DA48A	5.216466
2WPT.A.B_A	2WPT.A.B_B	EA27A	1.733953
2WPT.A.B_A	2WPT.A.B_B	EA36H	0.038236
2WPT.A.B_A	2WPT.A.B_B	EA38A	4.503170
2WPT.A.B_A	2WPT.A.B_B	FB79A	1.594689
2WPT.A.B_A	2WPT.A.B_B	KB90A	0.649318
2WPT.A.B_A	2WPT.A.B_B	NA31A	-0.259215
2WPT.A.B_A	2WPT.A.B_B	NA31V	-0.897048
2WPT.A.B_A	2WPT.A.B_B	NB65A	0.701317
2WPT.A.B_A	2WPT.A.B_B	NB68A	1.251599
2WPT.A.B_A	2WPT.A.B_B	PA53A	2.927686
2WPT.A.B_A	2WPT.A.B_B	QB85A	0.383969
2WPT.A.B_A	2WPT.A.B_B	RA35A	-1.110931
2WPT.A.B_A	2WPT.A.B_B	RA35T	-1.038295
2WPT.A.B_A	2WPT.A.B_B	RA39A	-0.240219
2WPT.A.B_A	2WPT.A.B_B	RA39E	-0.372420
2WPT.A.B_A	2WPT.A.B_B	RB47A	0.872171
2WPT.A.B_A	2WPT.A.B_B	SA47A	2.425703
2WPT.A.B_A	2WPT.A.B_B	SB67A	-0.134107
2WPT.A.B_A	2WPT.A.B_B	SB70A	-0.457141
2WPT.A.B_A	2WPT.A.B_B	SB71A	-0.095209
2WPT.A.B_A	2WPT.A.B_B	SB77A	-0.073552
2WPT.A.B_A	2WPT.A.B_B	TB80A	0.376562
2WPT.A.B_A	2WPT.A.B_B	VA34A	3.809300
2WPT.A.B_A	2WPT.A.B_B	VB91A	0.264979
2WPT.A.B_A	2WPT.A.B_B	YA51A	5.216466
2WPT.A.B_A	2WPT.A.B_B	YA52A	5.216466
3BN9.B.CD_B	3BN9.B.CD_CD	DA214A	0.566465
3BN9.B.CD_B	3BN9.B.CD_CD	DA46A	0.422577
3BN9.B.CD_B	3BN9.B.CD_CD	DA47A	0.311247
3BN9.B.CD_B	3BN9.B.CD_CD	DA91A	6.698210
3BN9.B.CD_B	3BN9.B.CD_CD	EA163A	0.373383
3BN9.B.CD_B	3BN9.B.CD_CD	FA50A	-0.045018
3BN9.B.CD_B	3BN9.B.CD_CD	FA89A	0.639528
3BN9.B.CD_B	3BN9.B.CD_CD	FA92A	6.698210
3BN9.B.CD_B	3BN9.B.CD_CD	HA138A	0.085101
3BN9.B.CD_B	3BN9.B.CD_CD	IA26A	0.000000
3BN9.B.CD_B	3BN9.B.CD_CD	IA45A	0.835589
3BN9.B.CD_B	3BN9.B.CD_CD	KA221A	0.785320
3BN9.B.CD_B	3BN9.B.CD_CD	LA147A	0.336343
3BN9.B.CD_B	3BN9.B.CD_CD	NA90A	0.773691
3BN9.B.CD_B	3BN9.B.CD_CD	PB314H	2.428342
3BN9.B.CD_B	3BN9.B.CD_CD	QA140A	0.133164
3BN9.B.CD_B	3BN9.B.CD_CD	QA168A	-0.034714
3BN9.B.CD_B	3BN9.B.CD_CD	QA169A	2.510108
3BN9.B.CD_B	3BN9.B.CD_CD	QA218A	0.706027
3BN9.B.CD_B	3BN9.B.CD_CD	QA23A	-0.415493
3BN9.B.CD_B	3BN9.B.CD_CD	QB315V	1.224651
3BN9.B.CD_B	3BN9.B.CD_CD	RA219A	-0.093740
3BN9.B.CD_B	3BN9.B.CD_CD	RA48A	-0.045018
3BN9.B.CD_B	3BN9.B.CD_CD	RA51A	-0.071590
3BN9.B.CD_B	3BN9.B.CD_CD	RA82A	-0.159304
3BN9.B.CD_B	3BN9.B.CD_CD	SB240G	1.186638
3BN9.B.CD_B	3BN9.B.CD_CD	SB240N	1.146018
3BN9.B.CD_B	3BN9.B.CD_CD	TA144A	0.290965
3BN9.B.CD_B	3BN9.B.CD_CD	TA93A	1.132560
3BN9.B.CD_B	3BN9.B.CD_CD	TB238R	0.333055
3BN9.B.CD_B	3BN9.B.CD_CD	TB312Q	-0.021546
3BN9.B.CD_B	3BN9.B.CD_CD	TB312R	-0.058321
3BN9.B.CD_B	3BN9.B.CD_CD	YA141A	1.085138
3BN9.B.CD_B	3BN9.B.CD_CD	YA52A	0.018960
3BN9.B.CD_B	3BN9.B.CD_CD	YB313S	0.458891
3BTD.E.I_E	3BTD.E.I_I	DB13K	-11.502718
3BTE.E.I_E	3BTE.E.I_I	EB13K	-9.424007
3BTF.E.I_E	3BTF.E.I_I	FB13K	-7.027211
3BTG.E.I_E	3BTG.E.I_I	GB13K	-12.352226
3BTH.E.I_E	3BTH.E.I_I	HB13K	-8.781781
3BTM.E.I_E	3BTM.E.I_I	MB13K	-7.692373
3BTQ.E.I_E	3BTQ.E.I_I	QB13K	-9.370644
3BTT.E.I_E	3BTT.E.I_I	TB13K	-10.597484
3BTW.E.I_E	3BTW.E.I_I	WB13K	-8.664119
3BX1.A.C_A	3BX1.A.C_C	AB86T	1.837249
3BX1.A.C_A	3BX1.A.C_C	FB84V	0.410656
3BX1.A.C_A	3BX1.A.C_C	RB85G	0.355505
3BX1.A.C_A	3BX1.A.C_C	TB88V	2.838549
3BX1.A.C_A	3BX1.A.C_C	TB89A	0.170438
3BX1.A.C_A	3BX1.A.C_C	YB87A	1.298817
3BX1.A.C_A	3BX1.A.C_C	YB87I	1.782025
3C60.CD.AB_CD	3C60.CD.AB_AB	DA195A	0.047421
3C60.CD.AB_CD	3C60.CD.AB_AB	DA268A	0.047421
3C60.CD.AB_CD	3C60.CD.AB_AB	DA56A	0.698296
3C60.CD.AB_CD	3C60.CD.AB_AB	EA184A	0.047421
3C60.CD.AB_CD	3C60.CD.AB_AB	EA251A	0.047421
3C60.CD.AB_CD	3C60.CD.AB_AB	EA258A	0.000000
3C60.CD.AB_CD	3C60.CD.AB_AB	EA261A	0.047421
3C60.CD.AB_CD	3C60.CD.AB_AB	EA276A	0.000000
3C60.CD.AB_CD	3C60.CD.AB_AB	FA183A	0.000000
3C60.CD.AB_CD	3C60.CD.AB_AB	HA273A	1.085717
3C60.CD.AB_CD	3C60.CD.AB_AB	HA69A	0.359106
3C60.CD.AB_CD	3C60.CD.AB_AB	IA259A	0.047421
3C60.CD.AB_CD	3C60.CD.AB_AB	KA187A	1.152858
3C60.CD.AB_CD	3C60.CD.AB_AB	KA189A	2.151185
3C60.CD.AB_CD	3C60.CD.AB_AB	KA192A	0.000000
3C60.CD.AB_CD	3C60.CD.AB_AB	KA40A	1.594432
3C60.CD.AB_CD	3C60.CD.AB_AB	KA68A	0.562285
3C60.CD.AB_CD	3C60.CD.AB_AB	KA76A	0.047421
3C60.CD.AB_CD	3C60.CD.AB_AB	LA61A	0.943557
3C60.CD.AB_CD	3C60.CD.AB_AB	NA191A	0.000000
3C60.CD.AB_CD	3C60.CD.AB_AB	NA63A	0.953515
3C60.CD.AB_CD	3C60.CD.AB_AB	PA257A	0.000000
3C60.CD.AB_CD	3C60.CD.AB_AB	QA186A	1.166799
3C60.CD.AB_CD	3C60.CD.AB_AB	QA256A	0.000000
3C60.CD.AB_CD	3C60.CD.AB_AB	QA58A	0.963308
3C60.CD.AB_CD	3C60.CD.AB_AB	QA62A	0.868734
3C60.CD.AB_CD	3C60.CD.AB_AB	RA262A	2.026455
3C60.CD.AB_CD	3C60.CD.AB_AB	RA264A	0.000000
3C60.CD.AB_CD	3C60.CD.AB_AB	RA272A	0.047421
3C60.CD.AB_CD	3C60.CD.AB_AB	SA255A	0.000000
3C60.CD.AB_CD	3C60.CD.AB_AB	TA269A	1.166799
3C60.CD.AB_CD	3C60.CD.AB_AB	VA194A	0.000000
3C60.CD.AB_CD	3C60.CD.AB_AB	VA66A	1.250200
3C60.CD.AB_CD	3C60.CD.AB_AB	VA73A	0.000000
3C60.CD.AB_CD	3C60.CD.AB_AB	YA252A	0.000000
3D3V.ABC.DE_ABC	3D3V.ABC.DE_DE	EB230A	2.672690
3D3V.ABC.DE_ABC	3D3V.ABC.DE_DE	LB297A	2.617166
3D3V.ABC.DE_ABC	3D3V.ABC.DE_DE	YA383A	3.413588
3D3V.ABC.DE_ABC	3D3V.ABC.DE_DE	YA383F	0.927475
3G6D.LH.A_LH	3G6D.LH.A_A	HA314A	-0.953515
3G6D.LH.A_LH	3G6D.LH.A_A	WA315A	-1.497178
3H9S.ABC.DE_ABC	3H9S.ABC.DE_DE	AA150P	0.163168
3HFM.HL.Y_HL	3HFM.HL.Y_Y	DA32A	1.899077
3HFM.HL.Y_HL	3HFM.HL.Y_Y	DA32N	0.170438
3HFM.HL.Y_HL	3HFM.HL.Y_Y	DB101A	1.232285
3HFM.HL.Y_HL	3HFM.HL.Y_Y	DB101E	2.133836
3HFM.HL.Y_HL	3HFM.HL.Y_Y	DB101F	2.329304
3HFM.HL.Y_HL	3HFM.HL.Y_Y	DB101G	0.359008
3HFM.HL.Y_HL	3HFM.HL.Y_Y	DB101K	2.125491
3HFM.HL.Y_HL	3HFM.HL.Y_Y	DB101N	1.491780
3HFM.HL.Y_HL	3HFM.HL.Y_Y	DB101Q	2.086108
3HFM.HL.Y_HL	3HFM.HL.Y_Y	DB101R	2.280893
3HFM.HL.Y_HL	3HFM.HL.Y_Y	DB101S	1.870237
3HFM.HL.Y_HL	3HFM.HL.Y_Y	GB102V	0.395462
3HFM.HL.Y_HL	3HFM.HL.Y_Y	HB15A	-0.445517
3HFM.HL.Y_HL	3HFM.HL.Y_Y	IB98A	0.000000
3HFM.HL.Y_HL	3HFM.HL.Y_Y	KB96A	6.740302
3HFM.HL.Y_HL	3HFM.HL.Y_Y	KB96M	6.779981
3HFM.HL.Y_HL	3HFM.HL.Y_Y	KB96R	5.355400
3HFM.HL.Y_HL	3HFM.HL.Y_Y	KB97A	5.864031
3HFM.HL.Y_HL	3HFM.HL.Y_Y	KB97D	6.771456
3HFM.HL.Y_HL	3HFM.HL.Y_Y	KB97E	3.606122
3HFM.HL.Y_HL	3HFM.HL.Y_Y	KB97G	6.433435
3HFM.HL.Y_HL	3HFM.HL.Y_Y	KB97M	0.947396
3HFM.HL.Y_HL	3HFM.HL.Y_Y	KB97R	3.054218
3HFM.HL.Y_HL	3HFM.HL.Y_Y	LB75A	0.704771
3HFM.HL.Y_HL	3HFM.HL.Y_Y	NA246A	5.216466
3HFM.HL.Y_HL	3HFM.HL.Y_Y	NA246D	1.344086
3HFM.HL.Y_HL	3HFM.HL.Y_Y	NA246E	5.709924
3HFM.HL.Y_HL	3HFM.HL.Y_Y	NA247A	5.109633
3HFM.HL.Y_HL	3HFM.HL.Y_Y	NB19D	0.410656
3HFM.HL.Y_HL	3HFM.HL.Y_Y	NB19K	0.240219
3HFM.HL.Y_HL	3HFM.HL.Y_Y	NB19Q	-0.042505
3HFM.HL.Y_HL	3HFM.HL.Y_Y	NB93A	0.211313
3HFM.HL.Y_HL	3HFM.HL.Y_Y	QA268A	0.953515
3HFM.HL.Y_HL	3HFM.HL.Y_Y	RB21A	0.903723
3HFM.HL.Y_HL	3HFM.HL.Y_Y	RB21E	2.454534
3HFM.HL.Y_HL	3HFM.HL.Y_Y	RB21G	2.423160
3HFM.HL.Y_HL	3HFM.HL.Y_Y	RB21H	2.170290
3HFM.HL.Y_HL	3HFM.HL.Y_Y	RB21K	1.767133
3HFM.HL.Y_HL	3HFM.HL.Y_Y	RB21M	2.050808
3HFM.HL.Y_HL	3HFM.HL.Y_Y	RB21N	2.329304
3HFM.HL.Y_HL	3HFM.HL.Y_Y	RB21Q	2.398608
3HFM.HL.Y_HL	3HFM.HL.Y_Y	RB21W	2.133836
3HFM.HL.Y_HL	3HFM.HL.Y_Y	RB73A	-0.331545
3HFM.HL.Y_HL	3HFM.HL.Y_Y	SA31A	0.170438
3HFM.HL.Y_HL	3HFM.HL.Y_Y	SB100A	0.267779
3HFM.HL.Y_HL	3HFM.HL.Y_Y	TB89A	0.000000
3HFM.HL.Y_HL	3HFM.HL.Y_Y	WA98A	5.513151
3HFM.HL.Y_HL	3HFM.HL.Y_Y	WA98F	3.247015
3HFM.HL.Y_HL	3HFM.HL.Y_Y	WB63A	0.319330
3HFM.HL.Y_HL	3HFM.HL.Y_Y	YA265A	4.559636
3HFM.HL.Y_HL	3HFM.HL.Y_Y	YA265F	2.355922
3HFM.HL.Y_HL	3HFM.HL.Y_Y	YA265L	4.395153
3HFM.HL.Y_HL	3HFM.HL.Y_Y	YA311A	2.708257
3HFM.HL.Y_HL	3HFM.HL.Y_Y	YA311F	1.402407
3HFM.HL.Y_HL	3HFM.HL.Y_Y	YA33A	6.037779
3HFM.HL.Y_HL	3HFM.HL.Y_Y	YA33F	1.054016
3HFM.HL.Y_HL	3HFM.HL.Y_Y	YA33L	1.974704
3HFM.HL.Y_HL	3HFM.HL.Y_Y	YA33W	1.721464
3HFM.HL.Y_HL	3HFM.HL.Y_Y	YA50A	7.322839
3HFM.HL.Y_HL	3HFM.HL.Y_Y	YA50F	1.584133
3HFM.HL.Y_HL	3HFM.HL.Y_Y	YA50L	2.803081
3HFM.HL.Y_HL	3HFM.HL.Y_Y	YA53A	3.198175
3HFM.HL.Y_HL	3HFM.HL.Y_Y	YA53F	0.610533
3HFM.HL.Y_HL	3HFM.HL.Y_Y	YA53L	0.793930
3HFM.HL.Y_HL	3HFM.HL.Y_Y	YA53W	0.694840
3HFM.HL.Y_HL	3HFM.HL.Y_Y	YA58A	1.649124
3HFM.HL.Y_HL	3HFM.HL.Y_Y	YA58F	0.357293
3HFM.HL.Y_HL	3HFM.HL.Y_Y	YA58L	1.489362
3HFM.HL.Y_HL	3HFM.HL.Y_Y	YB20A	4.575827
3HFM.HL.Y_HL	3HFM.HL.Y_Y	YB20F	-0.484185
3HFM.HL.Y_HL	3HFM.HL.Y_Y	YB20L	2.185484
3KUD.A.B_A	3KUD.A.B_B	KB30A	1.953914
3KUD.A.B_A	3KUD.A.B_B	NB16R	-0.798076
3KUD.A.B_A	3KUD.A.B_B	TA35A	1.991345
3L5X.A.HL_A	3L5X.A.HL_HL	YB318A	-0.829223
3LB6.A.C_A	3LB6.A.C_C	FA103A	5.117307
3LB6.A.C_A	3LB6.A.C_C	IA10A	3.723132
3LB6.A.C_A	3LB6.A.C_C	KA100A	5.814426
3LB6.A.C_A	3LB6.A.C_C	KA101A	2.545272
3MZW.A.B_A	3MZW.A.B_B	NB18A	0.025215
3MZW.A.B_A	3MZW.A.B_B	NB18G	0.072636
3MZW.A.B_A	3MZW.A.B_B	NB18T	-0.145223
3N85.A.LH_A	3N85.A.LH_LH	SB246A	-0.134080
3N85.A.LH_A	3N85.A.LH_LH	SB246Y	0.057148
3N85.A.LH_A	3N85.A.LH_LH	SB264G	0.487890
3N85.A.LH_A	3N85.A.LH_LH	SB266Y	-0.784955
3N85.A.LH_A	3N85.A.LH_LH	WB244K	-0.784955
3N85.A.LH_A	3N85.A.LH_LH	WB244R	-0.554216
3N85.A.LH_A	3N85.A.LH_LH	WB314F	-0.015192
3N85.A.LH_A	3N85.A.LH_LH	WB91F	0.139654
3N85.A.LH_A	3N85.A.LH_LH	WB94Y	-0.038736
3NGB.HL.G_HL	3NGB.HL.G_G	AA57G	-0.056055
3NGB.HL.G_HL	3NGB.HL.G_G	DA103A	0.058910
3NGB.HL.G_HL	3NGB.HL.G_G	EA312A	1.298750
3NGB.HL.G_HL	3NGB.HL.G_G	FA313A	0.845067
3NGB.HL.G_HL	3NGB.HL.G_G	GA55A	-1.256154
3NGB.HL.G_HL	3NGB.HL.G_G	GA55S	0.743376
3NGB.HL.G_HL	3NGB.HL.G_G	GA56A	1.245283
3NGB.HL.G_HL	3NGB.HL.G_G	IA30A	-0.002699
3NGB.HL.G_HL	3NGB.HL.G_G	IA30T	0.073427
3NGB.HL.G_HL	3NGB.HL.G_G	KA52A	0.612878
3NGB.HL.G_HL	3NGB.HL.G_G	KA52N	0.175048
3NGB.HL.G_HL	3NGB.HL.G_G	MA70A	0.522030
3NGB.HL.G_HL	3NGB.HL.G_G	NA105A	1.100608
3NGB.HL.G_HL	3NGB.HL.G_G	NA59A	1.738742
3NGB.HL.G_HL	3NGB.HL.G_G	PA63A	-0.041838
3NGB.HL.G_HL	3NGB.HL.G_G	PA63K	0.232627
3NGB.HL.G_HL	3NGB.HL.G_G	QA249A	-0.226905
3NGB.HL.G_HL	3NGB.HL.G_G	QA65A	-0.334921
3NGB.HL.G_HL	3NGB.HL.G_G	RA54A	-0.255218
3NGB.HL.G_HL	3NGB.HL.G_G	RA54N	0.046471
3NGB.HL.G_HL	3NGB.HL.G_G	RA62A	0.979850
3NGB.HL.G_HL	3NGB.HL.G_G	RA62Q	0.096593
3NGB.HL.G_HL	3NGB.HL.G_G	RA72A	1.616825
3NGB.HL.G_HL	3NGB.HL.G_G	SA252A	-0.142388
3NGB.HL.G_HL	3NGB.HL.G_G	TA33A	0.695805
3NGB.HL.G_HL	3NGB.HL.G_G	TA33Y	0.084232
3NGB.HL.G_HL	3NGB.HL.G_G	VA225A	-0.760942
3NGB.HL.G_HL	3NGB.HL.G_G	VA58A	1.336610
3NGB.HL.G_HL	3NGB.HL.G_G	VA58T	0.137934
3NGB.HL.G_HL	3NGB.HL.G_G	VA74A	1.070441
3NGB.HL.G_HL	3NGB.HL.G_G	VA74T	0.165013
3NGB.HL.G_HL	3NGB.HL.G_G	WA106A	4.390828
3NGB.HL.G_HL	3NGB.HL.G_G	WA47A	1.182862
3NGB.HL.G_HL	3NGB.HL.G_G	WA50A	1.271046
3NGB.HL.G_HL	3NGB.HL.G_G	YA104A	1.400722
3NGB.HL.G_HL	3NGB.HL.G_G	YA250A	0.969456
3NGB.HL.G_HL	3NGB.HL.G_G	YA250S	0.651560
3NGB.HL.G_HL	3NGB.HL.G_G	YA311A	1.990300
3NGB.HL.G_HL	3NGB.HL.G_G	YA60A	0.539618
3NGB.HL.G_HL	3NGB.HL.G_G	YA75A	-0.196121
3NGB.HL.G_HL	3NGB.HL.G_G	YA75S	0.332720
3NPS.A.BC_A	3NPS.A.BC_BC	DA214A	1.467400
3NPS.A.BC_A	3NPS.A.BC_BC	DA46A	0.340139
3NPS.A.BC_A	3NPS.A.BC_BC	DA47A	1.067948
3NPS.A.BC_A	3NPS.A.BC_BC	DA91A	1.507709
3NPS.A.BC_A	3NPS.A.BC_BC	EA163A	0.615624
3NPS.A.BC_A	3NPS.A.BC_BC	FA50A	0.219669
3NPS.A.BC_A	3NPS.A.BC_BC	FA89A	1.572108
3NPS.A.BC_A	3NPS.A.BC_BC	FA92A	0.463747
3NPS.A.BC_A	3NPS.A.BC_BC	HA138A	1.875931
3NPS.A.BC_A	3NPS.A.BC_BC	IA26A	0.641830
3NPS.A.BC_A	3NPS.A.BC_BC	IA45A	-0.331966
3NPS.A.BC_A	3NPS.A.BC_BC	KA221A	-0.103657
3NPS.A.BC_A	3NPS.A.BC_BC	LA147A	0.295869
3NPS.A.BC_A	3NPS.A.BC_BC	NA90A	0.253533
3NPS.A.BC_A	3NPS.A.BC_BC	QA140A	0.295869
3NPS.A.BC_A	3NPS.A.BC_BC	QA168A	-0.059250
3NPS.A.BC_A	3NPS.A.BC_BC	QA169A	0.741239
3NPS.A.BC_A	3NPS.A.BC_BC	QA218A	-0.040935
3NPS.A.BC_A	3NPS.A.BC_BC	QA23A	0.026336
3NPS.A.BC_A	3NPS.A.BC_BC	RA219A	-0.083939
3NPS.A.BC_A	3NPS.A.BC_BC	RA48A	-1.063217
3NPS.A.BC_A	3NPS.A.BC_BC	RA51A	0.138230
3NPS.A.BC_A	3NPS.A.BC_BC	RA82A	-0.151663
3NPS.A.BC_A	3NPS.A.BC_BC	TA144A	0.175048
3NPS.A.BC_A	3NPS.A.BC_BC	TA93A	0.724136
3NPS.A.BC_A	3NPS.A.BC_BC	YA141A	1.775668
3NPS.A.BC_A	3NPS.A.BC_BC	YA52A	0.452092
3PWP.ABC.DE_ABC	3PWP.ABC.DE_DE	GA377L	-0.634185
3QDG.ABC.DE_ABC	3QDG.ABC.DE_DE	AB251P	-0.065896
3QDG.ABC.DE_ABC	3QDG.ABC.DE_DE	DB26W	-1.562269
3QDG.ABC.DE_ABC	3QDG.ABC.DE_DE	DB26Y	-1.793838
3QDG.ABC.DE_ABC	3QDG.ABC.DE_DE	FB296W	0.934504
3QDG.ABC.DE_ABC	3QDG.ABC.DE_DE	FB296Y	1.394560
3QDG.ABC.DE_ABC	3QDG.ABC.DE_DE	GB28I	0.866331
3QDG.ABC.DE_ABC	3QDG.ABC.DE_DE	GB28L	1.388606
3QDG.ABC.DE_ABC	3QDG.ABC.DE_DE	GB28N	0.851702
3QDG.ABC.DE_ABC	3QDG.ABC.DE_DE	GB28P	1.091920
3QDG.ABC.DE_ABC	3QDG.ABC.DE_DE	GB28Y	1.502577
3QDG.ABC.DE_ABC	3QDG.ABC.DE_DE	LB294W	-0.702992
3QDG.ABC.DE_ABC	3QDG.ABC.DE_DE	RB27P	0.138406
3QDG.ABC.DE_ABC	3QDG.ABC.DE_DE	RB27W	0.596483
3QDG.ABC.DE_ABC	3QDG.ABC.DE_DE	TB298F	-0.038652
3QDJ.ABC.DE_ABC	3QDJ.ABC.DE_DE	AA377L	2.299999
3QDJ.ABC.DE_ABC	3QDJ.ABC.DE_DE	AB251P	0.207165
3QDJ.ABC.DE_ABC	3QDJ.ABC.DE_DE	DB26W	-2.171864
3QDJ.ABC.DE_ABC	3QDJ.ABC.DE_DE	DB26Y	-1.337237
3QDJ.ABC.DE_ABC	3QDJ.ABC.DE_DE	FB296W	0.389620
3QDJ.ABC.DE_ABC	3QDJ.ABC.DE_DE	FB296Y	0.778466
3QDJ.ABC.DE_ABC	3QDJ.ABC.DE_DE	GB28I	-0.105268
3QDJ.ABC.DE_ABC	3QDJ.ABC.DE_DE	GB28L	0.655450
3QDJ.ABC.DE_ABC	3QDJ.ABC.DE_DE	GB28N	0.410656
3QDJ.ABC.DE_ABC	3QDJ.ABC.DE_DE	GB28P	1.225040
3QDJ.ABC.DE_ABC	3QDJ.ABC.DE_DE	GB28Y	0.556478
3QDJ.ABC.DE_ABC	3QDJ.ABC.DE_DE	LB294W	-0.807693
3QDJ.ABC.DE_ABC	3QDJ.ABC.DE_DE	RB27P	0.039956
3QDJ.ABC.DE_ABC	3QDJ.ABC.DE_DE	RB27W	0.216798
3QDJ.ABC.DE_ABC	3QDJ.ABC.DE_DE	TB298F	-0.275705
3QFJ.ABC.DE_ABC	3QFJ.ABC.DE_DE	FA380Y	-0.170438
3QIB.ABP.CD_ABP	3QIB.ABP.CD_CD	AA251G	2.204041
3QIB.ABP.CD_ABP	3QIB.ABP.CD_CD	AA61G	0.892289
3QIB.ABP.CD_ABP	3QIB.ABP.CD_CD	AA64G	0.610000
3QIB.ABP.CD_ABP	3QIB.ABP.CD_CD	AA68G	0.845067
3QIB.ABP.CD_ABP	3QIB.ABP.CD_CD	DA254A	0.862905
3QIB.ABP.CD_ABP	3QIB.ABP.CD_CD	EA237A	0.000000
3QIB.ABP.CD_ABP	3QIB.ABP.CD_CD	EA244A	1.212812
3QIB.ABP.CD_ABP	3QIB.ABP.CD_CD	EA247A	1.821420
3QIB.ABP.CD_ABP	3QIB.ABP.CD_CD	EA75A	0.000000
3QIB.ABP.CD_ABP	3QIB.ABP.CD_CD	HA259A	0.051550
3QIB.ABP.CD_ABP	3QIB.ABP.CD_CD	KA353A	3.138999
3QIB.ABP.CD_ABP	3QIB.ABP.CD_CD	KA353R	2.237034
3QIB.ABP.CD_ABP	3QIB.ABP.CD_CD	KA67A	0.566095
3QIB.ABP.CD_ABP	3QIB.ABP.CD_CD	LB289P	-0.369724
3QIB.ABP.CD_ABP	3QIB.ABP.CD_CD	NB94P	0.786813
3QIB.ABP.CD_ABP	3QIB.ABP.CD_CD	QA242A	1.763957
3QIB.ABP.CD_ABP	3QIB.ABP.CD_CD	QA57A	0.264834
3QIB.ABP.CD_ABP	3QIB.ABP.CD_CD	RB89P	-0.119368
3QIB.ABP.CD_ABP	3QIB.ABP.CD_CD	SA241A	0.026336
3QIB.ABP.CD_ABP	3QIB.ABP.CD_CD	TA255A	0.749847
3QIB.ABP.CD_ABP	3QIB.ABP.CD_CD	TA356A	3.138999
3QIB.ABP.CD_ABP	3QIB.ABP.CD_CD	TA356N	1.223835
3QIB.ABP.CD_ABP	3QIB.ABP.CD_CD	TA356S	1.075723
3QIB.ABP.CD_ABP	3QIB.ABP.CD_CD	YA351A	3.138999
3QIB.ABP.CD_ABP	3QIB.ABP.CD_CD	YA351F	0.108017
3SE8.HL.G_HL	3SE8.HL.G_G	DA110A	-0.383096
3SE8.HL.G_HL	3SE8.HL.G_G	DA114A	-0.240219
3SE8.HL.G_HL	3SE8.HL.G_G	DA276A	0.842103
3SE8.HL.G_HL	3SE8.HL.G_G	EA228A	-0.547579
3SE8.HL.G_HL	3SE8.HL.G_G	EA318A	1.489182
3SE8.HL.G_HL	3SE8.HL.G_G	FA115A	1.050457
3SE8.HL.G_HL	3SE8.HL.G_G	FA317A	-0.850219
3SE8.HL.G_HL	3SE8.HL.G_G	FA319A	0.818957
3SE8.HL.G_HL	3SE8.HL.G_G	GA56A	0.351362
3SE8.HL.G_HL	3SE8.HL.G_G	KA52A	1.093564
3SE8.HL.G_HL	3SE8.HL.G_G	LA54A	0.053896
3SE8.HL.G_HL	3SE8.HL.G_G	NA257A	0.191228
3SE8.HL.G_HL	3SE8.HL.G_G	PA78A	0.018516
3SE8.HL.G_HL	3SE8.HL.G_G	PA81A	-0.069781
3SE8.HL.G_HL	3SE8.HL.G_G	QA254A	-0.212658
3SE8.HL.G_HL	3SE8.HL.G_G	QA63A	1.096526
3SE8.HL.G_HL	3SE8.HL.G_G	QA65A	0.540974
3SE8.HL.G_HL	3SE8.HL.G_G	QA76A	0.095344
3SE8.HL.G_HL	3SE8.HL.G_G	RA30A	-0.038863
3SE8.HL.G_HL	3SE8.HL.G_G	RA62A	1.186797
3SE8.HL.G_HL	3SE8.HL.G_G	RA72A	2.601989
3SE8.HL.G_HL	3SE8.HL.G_G	SA59A	1.132356
3SE8.HL.G_HL	3SE8.HL.G_G	VA58A	1.229614
3SE8.HL.G_HL	3SE8.HL.G_G	WA47A	1.451454
3SE8.HL.G_HL	3SE8.HL.G_G	WA50A	1.312108
3SE8.HL.G_HL	3SE8.HL.G_G	WA55A	0.748881
3SE8.HL.G_HL	3SE8.HL.G_G	YA111A	0.816592
3SE8.HL.G_HL	3SE8.HL.G_G	YA60A	0.842103
3SE9.HL.G_HL	3SE9.HL.G_G	DA77A	-0.754171
3SE9.HL.G_HL	3SE9.HL.G_G	EA315A	0.410656
3SE9.HL.G_HL	3SE9.HL.G_G	FA316A	0.023236
3SE9.HL.G_HL	3SE9.HL.G_G	GA106A	-0.302640
3SE9.HL.G_HL	3SE9.HL.G_G	GA107A	-0.605279
3SE9.HL.G_HL	3SE9.HL.G_G	GA109A	0.182170
3SE9.HL.G_HL	3SE9.HL.G_G	GA254A	0.456252
3SE9.HL.G_HL	3SE9.HL.G_G	GA57A	0.445178
3SE9.HL.G_HL	3SE9.HL.G_G	GA62A	0.045596
3SE9.HL.G_HL	3SE9.HL.G_G	LA314A	0.948756
3SE9.HL.G_HL	3SE9.HL.G_G	LA34A	0.556909
3SE9.HL.G_HL	3SE9.HL.G_G	NA60A	1.497320
3SE9.HL.G_HL	3SE9.HL.G_G	PA64A	-0.434841
3SE9.HL.G_HL	3SE9.HL.G_G	RA67A	1.445942
3SE9.HL.G_HL	3SE9.HL.G_G	RA74A	2.636225
3SE9.HL.G_HL	3SE9.HL.G_G	RA76A	-0.228487
3SE9.HL.G_HL	3SE9.HL.G_G	TA105A	-0.434841
3SE9.HL.G_HL	3SE9.HL.G_G	TA56A	-0.845498
3SE9.HL.G_HL	3SE9.HL.G_G	VA228A	-0.486392
3SE9.HL.G_HL	3SE9.HL.G_G	VA55A	-0.845498
3SE9.HL.G_HL	3SE9.HL.G_G	VA59A	0.967566
3SE9.HL.G_HL	3SE9.HL.G_G	WA48A	1.041446
3SE9.HL.G_HL	3SE9.HL.G_G	WA51A	1.255206
3SE9.HL.G_HL	3SE9.HL.G_G	YA104A	0.456252
3SE9.HL.G_HL	3SE9.HL.G_G	YA253A	1.099767
3SGB.E.I_E	3SGB.E.I_I	AB9C	0.041537
3SGB.E.I_E	3SGB.E.I_I	AB9D	0.476378
3SGB.E.I_E	3SGB.E.I_I	AB9E	0.671475
3SGB.E.I_E	3SGB.E.I_I	AB9F	-1.180640
3SGB.E.I_E	3SGB.E.I_I	AB9G	2.486466
3SGB.E.I_E	3SGB.E.I_I	AB9H	-0.453189
3SGB.E.I_E	3SGB.E.I_I	AB9I	-0.453189
3SGB.E.I_E	3SGB.E.I_I	AB9K	2.491424
3SGB.E.I_E	3SGB.E.I_I	AB9L	0.168781
3SGB.E.I_E	3SGB.E.I_I	AB9M	0.088958
3SGB.E.I_E	3SGB.E.I_I	AB9N	-0.089124
3SGB.E.I_E	3SGB.E.I_I	AB9P	0.552705
3SGB.E.I_E	3SGB.E.I_I	AB9Q	0.430190
3SGB.E.I_E	3SGB.E.I_I	AB9R	2.035646
3SGB.E.I_E	3SGB.E.I_I	AB9S	0.910983
3SGB.E.I_E	3SGB.E.I_I	AB9T	0.331072
3SGB.E.I_E	3SGB.E.I_I	AB9V	-0.722139
3SGB.E.I_E	3SGB.E.I_I	AB9W	-1.553668
3SGB.E.I_E	3SGB.E.I_I	AB9Y	-1.647278
3SGB.E.I_E	3SGB.E.I_I	EB13A	1.019236
3SGB.E.I_E	3SGB.E.I_I	EB13C	1.174675
3SGB.E.I_E	3SGB.E.I_I	EB13D	0.552705
3SGB.E.I_E	3SGB.E.I_I	EB13F	1.943608
3SGB.E.I_E	3SGB.E.I_I	EB13G	2.104953
3SGB.E.I_E	3SGB.E.I_I	EB13H	0.526074
3SGB.E.I_E	3SGB.E.I_I	EB13I	-0.623389
3SGB.E.I_E	3SGB.E.I_I	EB13K	0.168781
3SGB.E.I_E	3SGB.E.I_I	EB13L	0.779314
3SGB.E.I_E	3SGB.E.I_I	EB13M	-0.189497
3SGB.E.I_E	3SGB.E.I_I	EB13N	1.102039
3SGB.E.I_E	3SGB.E.I_I	EB13P	2.275154
3SGB.E.I_E	3SGB.E.I_I	EB13Q	0.183531
3SGB.E.I_E	3SGB.E.I_I	EB13R	1.275047
3SGB.E.I_E	3SGB.E.I_I	EB13S	1.943608
3SGB.E.I_E	3SGB.E.I_I	EB13T	2.143485
3SGB.E.I_E	3SGB.E.I_I	EB13V	0.127550
3SGB.E.I_E	3SGB.E.I_I	EB13W	1.547702
3SGB.E.I_E	3SGB.E.I_I	EB13Y	0.779314
3SGB.E.I_E	3SGB.E.I_I	GB26A	1.293484
3SGB.E.I_E	3SGB.E.I_I	GB26C	2.611657
3SGB.E.I_E	3SGB.E.I_I	GB26D	1.624989
3SGB.E.I_E	3SGB.E.I_I	GB26E	1.972751
3SGB.E.I_E	3SGB.E.I_I	GB26F	3.022313
3SGB.E.I_E	3SGB.E.I_I	GB26H	2.738189
3SGB.E.I_E	3SGB.E.I_I	GB26I	4.092513
3SGB.E.I_E	3SGB.E.I_I	GB26K	2.525013
3SGB.E.I_E	3SGB.E.I_I	GB26L	2.658148
3SGB.E.I_E	3SGB.E.I_I	GB26M	2.794064
3SGB.E.I_E	3SGB.E.I_I	GB26N	2.275154
3SGB.E.I_E	3SGB.E.I_I	GB26P	1.096864
3SGB.E.I_E	3SGB.E.I_I	GB26Q	2.956299
3SGB.E.I_E	3SGB.E.I_I	GB26R	3.507656
3SGB.E.I_E	3SGB.E.I_I	GB26S	1.607690
3SGB.E.I_E	3SGB.E.I_I	GB26T	3.034282
3SGB.E.I_E	3SGB.E.I_I	GB26V	2.827304
3SGB.E.I_E	3SGB.E.I_I	GB26W	3.912062
3SGB.E.I_E	3SGB.E.I_I	GB26Y	3.096111
3SGB.E.I_E	3SGB.E.I_I	KB7A	-2.572141
3SGB.E.I_E	3SGB.E.I_I	KB7C	-0.584857
3SGB.E.I_E	3SGB.E.I_I	KB7D	-0.623389
3SGB.E.I_E	3SGB.E.I_I	KB7E	0.032206
3SGB.E.I_E	3SGB.E.I_I	KB7F	-0.725558
3SGB.E.I_E	3SGB.E.I_I	KB7G	-0.725558
3SGB.E.I_E	3SGB.E.I_I	KB7H	-0.401461
3SGB.E.I_E	3SGB.E.I_I	KB7I	-1.344638
3SGB.E.I_E	3SGB.E.I_I	KB7L	-1.817360
3SGB.E.I_E	3SGB.E.I_I	KB7M	-1.166248
3SGB.E.I_E	3SGB.E.I_I	KB7N	-0.659544
3SGB.E.I_E	3SGB.E.I_I	KB7P	0.000000
3SGB.E.I_E	3SGB.E.I_I	KB7Q	-0.623389
3SGB.E.I_E	3SGB.E.I_I	KB7R	-0.692696
3SGB.E.I_E	3SGB.E.I_I	KB7S	-2.587597
3SGB.E.I_E	3SGB.E.I_I	KB7T	-1.949028
3SGB.E.I_E	3SGB.E.I_I	KB7V	-0.955172
3SGB.E.I_E	3SGB.E.I_I	KB7W	-0.013389
3SGB.E.I_E	3SGB.E.I_I	KB7Y	-0.584857
3SGB.E.I_E	3SGB.E.I_I	LB12A	2.972730
3SGB.E.I_E	3SGB.E.I_I	LB12C	-0.013389
3SGB.E.I_E	3SGB.E.I_I	LB12D	5.668659
3SGB.E.I_E	3SGB.E.I_I	LB12E	6.175213
3SGB.E.I_E	3SGB.E.I_I	LB12F	1.374018
3SGB.E.I_E	3SGB.E.I_I	LB12G	5.003496
3SGB.E.I_E	3SGB.E.I_I	LB12H	1.713876
3SGB.E.I_E	3SGB.E.I_I	LB12I	4.481256
3SGB.E.I_E	3SGB.E.I_I	LB12K	3.182076
3SGB.E.I_E	3SGB.E.I_I	LB12M	0.453284
3SGB.E.I_E	3SGB.E.I_I	LB12N	3.399817
3SGB.E.I_E	3SGB.E.I_I	LB12P	8.445845
3SGB.E.I_E	3SGB.E.I_I	LB12Q	2.545004
3SGB.E.I_E	3SGB.E.I_I	LB12R	3.366955
3SGB.E.I_E	3SGB.E.I_I	LB12S	4.158235
3SGB.E.I_E	3SGB.E.I_I	LB12T	3.204720
3SGB.E.I_E	3SGB.E.I_I	LB12V	3.034282
3SGB.E.I_E	3SGB.E.I_I	LB12W	1.865208
3SGB.E.I_E	3SGB.E.I_I	LB12Y	1.676006
3SGB.E.I_E	3SGB.E.I_I	NB22S	0.009847
3SGB.E.I_E	3SGB.E.I_I	NB30A	0.331072
3SGB.E.I_E	3SGB.E.I_I	NB30C	0.349705
3SGB.E.I_E	3SGB.E.I_I	NB30D	0.910983
3SGB.E.I_E	3SGB.E.I_I	NB30E	0.962710
3SGB.E.I_E	3SGB.E.I_I	NB30F	-0.141374
3SGB.E.I_E	3SGB.E.I_I	NB30G	0.311835
3SGB.E.I_E	3SGB.E.I_I	NB30H	-0.124801
3SGB.E.I_E	3SGB.E.I_I	NB30I	0.197923
3SGB.E.I_E	3SGB.E.I_I	NB30K	0.579437
3SGB.E.I_E	3SGB.E.I_I	NB30L	0.740782
3SGB.E.I_E	3SGB.E.I_I	NB30M	0.140745
3SGB.E.I_E	3SGB.E.I_I	NB30P	0.579437
3SGB.E.I_E	3SGB.E.I_I	NB30Q	0.243519
3SGB.E.I_E	3SGB.E.I_I	NB30R	0.579437
3SGB.E.I_E	3SGB.E.I_I	NB30S	0.408999
3SGB.E.I_E	3SGB.E.I_I	NB30T	0.009847
3SGB.E.I_E	3SGB.E.I_I	NB30V	-0.241876
3SGB.E.I_E	3SGB.E.I_I	NB30W	0.526074
3SGB.E.I_E	3SGB.E.I_I	NB30Y	-0.108679
3SGB.E.I_E	3SGB.E.I_I	PB8A	-0.189497
3SGB.E.I_E	3SGB.E.I_I	PB8C	-0.327423
3SGB.E.I_E	3SGB.E.I_I	PB8D	-1.033099
3SGB.E.I_E	3SGB.E.I_I	PB8E	-0.623389
3SGB.E.I_E	3SGB.E.I_I	PB8F	-0.344935
3SGB.E.I_E	3SGB.E.I_I	PB8G	0.053752
3SGB.E.I_E	3SGB.E.I_I	PB8H	0.277627
3SGB.E.I_E	3SGB.E.I_I	PB8I	-0.023634
3SGB.E.I_E	3SGB.E.I_I	PB8K	0.114054
3SGB.E.I_E	3SGB.E.I_I	PB8L	-0.141374
3SGB.E.I_E	3SGB.E.I_I	PB8M	-0.500551
3SGB.E.I_E	3SGB.E.I_I	PB8N	-0.124801
3SGB.E.I_E	3SGB.E.I_I	PB8Q	-0.316029
3SGB.E.I_E	3SGB.E.I_I	PB8R	0.311835
3SGB.E.I_E	3SGB.E.I_I	PB8S	0.065722
3SGB.E.I_E	3SGB.E.I_I	PB8T	-0.108679
3SGB.E.I_E	3SGB.E.I_I	PB8V	-0.310413
3SGB.E.I_E	3SGB.E.I_I	PB8W	-0.500551
3SGB.E.I_E	3SGB.E.I_I	PB8Y	-0.401461
3SGB.E.I_E	3SGB.E.I_I	RB15A	0.053752
3SGB.E.I_E	3SGB.E.I_I	RB15C	0.552705
3SGB.E.I_E	3SGB.E.I_I	RB15D	0.638613
3SGB.E.I_E	3SGB.E.I_I	RB15E	0.671475
3SGB.E.I_E	3SGB.E.I_I	RB15F	0.227957
3SGB.E.I_E	3SGB.E.I_I	RB15G	1.107168
3SGB.E.I_E	3SGB.E.I_I	RB15H	0.453734
3SGB.E.I_E	3SGB.E.I_I	RB15I	0.243519
3SGB.E.I_E	3SGB.E.I_I	RB15K	-0.277793
3SGB.E.I_E	3SGB.E.I_I	RB15L	0.227957
3SGB.E.I_E	3SGB.E.I_I	RB15M	0.127550
3SGB.E.I_E	3SGB.E.I_I	RB15N	0.331072
3SGB.E.I_E	3SGB.E.I_I	RB15P	7.684476
3SGB.E.I_E	3SGB.E.I_I	RB15Q	0.041537
3SGB.E.I_E	3SGB.E.I_I	RB15S	0.277627
3SGB.E.I_E	3SGB.E.I_I	RB15T	0.453734
3SGB.E.I_E	3SGB.E.I_I	RB15V	-0.023634
3SGB.E.I_E	3SGB.E.I_I	RB15W	0.311835
3SGB.E.I_E	3SGB.E.I_I	RB15Y	0.293971
3SGB.E.I_E	3SGB.E.I_I	TB11A	3.410671
3SGB.E.I_E	3SGB.E.I_I	TB11C	2.926266
3SGB.E.I_E	3SGB.E.I_I	TB11D	4.956134
3SGB.E.I_E	3SGB.E.I_I	TB11E	4.628711
3SGB.E.I_E	3SGB.E.I_I	TB11F	3.639325
3SGB.E.I_E	3SGB.E.I_I	TB11G	5.584234
3SGB.E.I_E	3SGB.E.I_I	TB11H	3.507656
3SGB.E.I_E	3SGB.E.I_I	TB11I	1.752914
3SGB.E.I_E	3SGB.E.I_I	TB11K	2.035646
3SGB.E.I_E	3SGB.E.I_I	TB11L	2.471339
3SGB.E.I_E	3SGB.E.I_I	TB11M	2.035646
3SGB.E.I_E	3SGB.E.I_I	TB11N	3.254416
3SGB.E.I_E	3SGB.E.I_I	TB11P	3.182076
3SGB.E.I_E	3SGB.E.I_I	TB11Q	2.940317
3SGB.E.I_E	3SGB.E.I_I	TB11R	1.972751
3SGB.E.I_E	3SGB.E.I_I	TB11S	2.502528
3SGB.E.I_E	3SGB.E.I_I	TB11V	2.260321
3SGB.E.I_E	3SGB.E.I_I	TB11W	3.034282
3SGB.E.I_E	3SGB.E.I_I	TB11Y	3.366955
3SGB.E.I_E	3SGB.E.I_I	YB14A	1.943608
3SGB.E.I_E	3SGB.E.I_I	YB14C	1.695244
3SGB.E.I_E	3SGB.E.I_I	YB14D	2.864587
3SGB.E.I_E	3SGB.E.I_I	YB14E	2.035646
3SGB.E.I_E	3SGB.E.I_I	YB14F	0.168781
3SGB.E.I_E	3SGB.E.I_I	YB14G	2.842396
3SGB.E.I_E	3SGB.E.I_I	YB14H	1.559792
3SGB.E.I_E	3SGB.E.I_I	YB14I	3.591963
3SGB.E.I_E	3SGB.E.I_I	YB14K	3.432970
3SGB.E.I_E	3SGB.E.I_I	YB14L	1.576145
3SGB.E.I_E	3SGB.E.I_I	YB14M	2.002784
3SGB.E.I_E	3SGB.E.I_I	YB14N	3.158532
3SGB.E.I_E	3SGB.E.I_I	YB14P	6.276340
3SGB.E.I_E	3SGB.E.I_I	YB14Q	3.281048
3SGB.E.I_E	3SGB.E.I_I	YB14R	2.760549
3SGB.E.I_E	3SGB.E.I_I	YB14S	2.035646
3SGB.E.I_E	3SGB.E.I_I	YB14T	4.871827
3SGB.E.I_E	3SGB.E.I_I	YB14V	4.421690
3SGB.E.I_E	3SGB.E.I_I	YB14W	0.388742
3TGK.E.I_E	3TGK.E.I_I	NA170D	-0.170438
3W2D.A.HL_A	3W2D.A.HL_HL	KA67N	4.624008
3W2D.A.HL_A	3W2D.A.HL_HL	KA67R	-0.428312
3W2D.A.HL_A	3W2D.A.HL_HL	YA45F	0.878337
3W2D.A.HL_A	3W2D.A.HL_HL	YA45L	2.365815
4FTV.ABC.DE_ABC	4FTV.ABC.DE_DE	DB93A	0.896945
4FTV.ABC.DE_ABC	4FTV.ABC.DE_DE	KB66A	-1.579571
4FTV.ABC.DE_ABC	4FTV.ABC.DE_DE	QB301E	0.056467
4FTV.ABC.DE_ABC	4FTV.ABC.DE_DE	QB301R	0.410656
4FTV.ABC.DE_ABC	4FTV.ABC.DE_DE	RA65A	3.507599
4FTV.ABC.DE_ABC	4FTV.ABC.DE_DE	TA163A	0.361119
4G0N.A.B_A	4G0N.A.B_B	AB32K	-1.108953
4G0N.A.B_A	4G0N.A.B_B	DA33A	0.877040
4G0N.A.B_A	4G0N.A.B_B	DA38A	2.864766
4G0N.A.B_A	4G0N.A.B_B	EA31A	0.936812
4G0N.A.B_A	4G0N.A.B_B	EA37A	1.742959
4G0N.A.B_A	4G0N.A.B_B	FB8W	0.603454
4G0N.A.B_A	4G0N.A.B_B	HA27A	-0.290695
4G0N.A.B_A	4G0N.A.B_B	IA21A	0.871229
4G0N.A.B_A	4G0N.A.B_B	IA36A	1.742959
4G0N.A.B_A	4G0N.A.B_B	KB12A	1.832206
4G0N.A.B_A	4G0N.A.B_B	KB12E	1.916987
4G0N.A.B_A	4G0N.A.B_B	KB12M	1.322578
4G0N.A.B_A	4G0N.A.B_B	KB31A	2.584261
4G0N.A.B_A	4G0N.A.B_B	KB31E	5.065778
4G0N.A.B_A	4G0N.A.B_B	NB11A	0.679854
4G0N.A.B_A	4G0N.A.B_B	NB11D	1.808970
4G0N.A.B_A	4G0N.A.B_B	NB18R	-0.698296
4G0N.A.B_A	4G0N.A.B_B	QB13A	2.215739
4G0N.A.B_A	4G0N.A.B_B	RA41A	-0.344161
4G0N.A.B_A	4G0N.A.B_B	RB14A	1.920429
4G0N.A.B_A	4G0N.A.B_B	RB36L	5.358625
4G0N.A.B_A	4G0N.A.B_B	RB6A	2.141096
4G0N.A.B_A	4G0N.A.B_B	SA39A	0.290701
4G0N.A.B_A	4G0N.A.B_B	TA35A	2.786873
4G0N.A.B_A	4G0N.A.B_B	TA35S	2.214390
4G0N.A.B_A	4G0N.A.B_B	TB15A	1.804871
4G0N.A.B_A	4G0N.A.B_B	VA45A	-0.290695
4G0N.A.B_A	4G0N.A.B_B	VB16A	1.155396
4G0N.A.B_A	4G0N.A.B_B	VB35A	-0.005257
4G0N.A.B_A	4G0N.A.B_B	VB35I	0.551904
4I77.HL.Z_HL	4I77.HL.Z_Z	DA54A	2.560145
4I77.HL.Z_HL	4I77.HL.Z_Z	NA314A	1.360655
4I77.HL.Z_HL	4I77.HL.Z_Z	WA52A	2.512644
4I77.HL.Z_HL	4I77.HL.Z_Z	WA52F	2.460461
4I77.HL.Z_HL	4I77.HL.Z_Z	YA100A	0.000000
4I77.HL.Z_HL	4I77.HL.Z_Z	YA100F	0.000000
4I77.HL.Z_HL	4I77.HL.Z_Z	YA101A	1.608755
4I77.HL.Z_HL	4I77.HL.Z_Z	YA101F	0.000000
4I77.HL.Z_HL	4I77.HL.Z_Z	YA103A	2.146077
4I77.HL.Z_HL	4I77.HL.Z_Z	YA103F	0.315395
4I77.HL.Z_HL	4I77.HL.Z_Z	YA251A	0.783866
4I77.HL.Z_HL	4I77.HL.Z_Z	YA251F	0.000000
4JFD.ABC.DE_ABC	4JFD.ABC.DE_DE	AA380G	-6.518216
4JFE.ABC.DE_ABC	4JFE.ABC.DE_DE	AA383I	-6.429626
4JFF.ABC.DE_ABC	4JFF.ABC.DE_DE	EA377A	7.322839
4JFF.ABC.DE_ABC	4JFF.ABC.DE_DE	GA380A	6.518216
4JFF.ABC.DE_ABC	4JFF.ABC.DE_DE	GA382A	6.595266
4JFF.ABC.DE_ABC	4JFF.ABC.DE_DE	IA383A	6.429626
4JFF.ABC.DE_ABC	4JFF.ABC.DE_DE	LA384A	6.198886
4JFF.ABC.DE_ABC	4JFF.ABC.DE_DE	TA385A	6.534448
4JPK.HL.A_HL	4JPK.HL.A_A	DB141R	3.859050
4JPK.HL.A_HL	4JPK.HL.A_A	FB144I	1.388139
4JPK.HL.A_HL	4JPK.HL.A_A	FB63L	1.167809
4JPK.HL.A_HL	4JPK.HL.A_A	RB130K	0.230169
4JPK.HL.A_HL	4JPK.HL.A_A	RB81T	0.759043
4JPK.HL.A_HL	4JPK.HL.A_A	SB41G	2.152659
4JPK.HL.A_HL	4JPK.HL.A_A	TB35S	-0.032108
4JPK.HL.A_HL	4JPK.HL.A_A	VB30N	0.594861
4KRL.A.B_A	4KRL.A.B_B	DB112A	0.649973
4KRL.A.B_A	4KRL.A.B_B	RB30A	1.721060
4KRO.A.B_A	4KRO.A.B_B	DB92A	1.504898
4KRO.A.B_A	4KRO.A.B_B	RB15A	1.584009
4KRP.A.B_A	4KRP.A.B_B	EB105A	1.606764
4L3E.ABC.DE_ABC	4L3E.ABC.DE_DE	EA166A	1.217519
4L3E.ABC.DE_ABC	4L3E.ABC.DE_DE	NB52A	-0.459746
4L3E.ABC.DE_ABC	4L3E.ABC.DE_DE	QA155A	1.259037
4L3E.ABC.DE_ABC	4L3E.ABC.DE_DE	RA65A	1.301750
4L3E.ABC.DE_ABC	4L3E.ABC.DE_DE	YB247A	2.228330
4L3E.ABC.DE_ABC	4L3E.ABC.DE_DE	YB26A	2.784809
4L3E.ABC.DE_ABC	4L3E.ABC.DE_DE	YB50A	0.467998
4MNQ.ABC.DE_ABC	4MNQ.ABC.DE_DE	KA380A	4.935637
4MNQ.ABC.DE_ABC	4MNQ.ABC.DE_DE	LA382A	4.148980
4N8V.G.ABC_G	4N8V.G.ABC_ABC	KA38A	0.588058
4N8V.G.ABC_G	4N8V.G.ABC_ABC	PA10A	-0.216674
4N8V.G.ABC_G	4N8V.G.ABC_ABC	YA124A	0.120342
4N8V.G.ABC_G	4N8V.G.ABC_ABC	YA39F	0.515551
4NM8.ABCDEF.HL_ABCDEF	4NM8.ABCDEF.HL_HL	DA337N	0.650875
4NM8.ABCDEF.HL_ABCDEF	4NM8.ABCDEF.HL_HL	IA336M	0.108017
4NM8.ABCDEF.HL_ABCDEF	4NM8.ABCDEF.HL_HL	LA356Y	-0.605279
4NM8.ABCDEF.HL_ABCDEF	4NM8.ABCDEF.HL_HL	QA352R	2.927686
4NM8.ABCDEF.HL_ABCDEF	4NM8.ABCDEF.HL_HL	QA352T	2.293501
4NM8.ABCDEF.HL_ABCDEF	4NM8.ABCDEF.HL_HL	RA343M	3.387064
4NM8.ABCDEF.HL_ABCDEF	4NM8.ABCDEF.HL_HL	TA350E	-0.542858
4NM8.ABCDEF.HL_ABCDEF	4NM8.ABCDEF.HL_HL	TA350I	-0.049400
4NM8.ABCDEF.HL_ABCDEF	4NM8.ABCDEF.HL_HL	TA350R	1.201580
4OZG.ABJ.GH_ABJ	4OZG.ABJ.GH_GH	DB292A	1.650078
4OZG.ABJ.GH_ABJ	4OZG.ABJ.GH_GH	FB288A	1.434785
4OZG.ABJ.GH_ABJ	4OZG.ABJ.GH_GH	FB290A	0.883546
4OZG.ABJ.GH_ABJ	4OZG.ABJ.GH_GH	LB50A	1.186186
4OZG.ABJ.GH_ABJ	4OZG.ABJ.GH_GH	NB244A	-0.111024
4OZG.ABJ.GH_ABJ	4OZG.ABJ.GH_GH	NB29A	-0.071659
4OZG.ABJ.GH_ABJ	4OZG.ABJ.GH_GH	QB242A	0.805158
4OZG.ABJ.GH_ABJ	4OZG.ABJ.GH_GH	RB289A	1.744044
4OZG.ABJ.GH_ABJ	4OZG.ABJ.GH_GH	YB240F	-0.647137
4OZG.ABJ.GH_ABJ	4OZG.ABJ.GH_GH	YB295F	0.533790
4OZG.ABJ.GH_ABJ	4OZG.ABJ.GH_GH	YB31A	1.744044
4OZG.ABJ.GH_ABJ	4OZG.ABJ.GH_GH	YB33F	1.744044
4P23.CD.AB_CD	4P23.CD.AB_AB	DA192A	0.170438
4P23.CD.AB_CD	4P23.CD.AB_AB	DA264A	0.091327
4P23.CD.AB_CD	4P23.CD.AB_AB	DA56A	0.991751
4P23.CD.AB_CD	4P23.CD.AB_AB	EA181A	1.166799
4P23.CD.AB_CD	4P23.CD.AB_AB	EA247A	0.091327
4P23.CD.AB_CD	4P23.CD.AB_AB	EA254A	0.170438
4P23.CD.AB_CD	4P23.CD.AB_AB	EA257A	0.170438
4P23.CD.AB_CD	4P23.CD.AB_AB	EA272A	0.091327
4P23.CD.AB_CD	4P23.CD.AB_AB	FA180A	0.000000
4P23.CD.AB_CD	4P23.CD.AB_AB	HA269A	0.170438
4P23.CD.AB_CD	4P23.CD.AB_AB	HA69A	0.617011
4P23.CD.AB_CD	4P23.CD.AB_AB	IA255A	0.170438
4P23.CD.AB_CD	4P23.CD.AB_AB	KA184A	2.230622
4P23.CD.AB_CD	4P23.CD.AB_AB	KA186A	2.568344
4P23.CD.AB_CD	4P23.CD.AB_AB	KA189A	0.091327
4P23.CD.AB_CD	4P23.CD.AB_AB	KA40A	1.193733
4P23.CD.AB_CD	4P23.CD.AB_AB	KA68A	0.682907
4P23.CD.AB_CD	4P23.CD.AB_AB	KA76A	0.170438
4P23.CD.AB_CD	4P23.CD.AB_AB	LA61A	0.953515
4P23.CD.AB_CD	4P23.CD.AB_AB	NA188A	0.000000
4P23.CD.AB_CD	4P23.CD.AB_AB	NA63A	1.511965
4P23.CD.AB_CD	4P23.CD.AB_AB	PA253A	0.091327
4P23.CD.AB_CD	4P23.CD.AB_AB	QA183A	0.682907
4P23.CD.AB_CD	4P23.CD.AB_AB	QA252A	0.170438
4P23.CD.AB_CD	4P23.CD.AB_AB	QA58A	0.972941
4P23.CD.AB_CD	4P23.CD.AB_AB	QA62A	1.910966
4P23.CD.AB_CD	4P23.CD.AB_AB	RA258A	2.071513
4P23.CD.AB_CD	4P23.CD.AB_AB	RA260A	0.091327
4P23.CD.AB_CD	4P23.CD.AB_AB	RA268A	0.091327
4P23.CD.AB_CD	4P23.CD.AB_AB	SA251A	0.000000
4P23.CD.AB_CD	4P23.CD.AB_AB	TA265A	0.000000
4P23.CD.AB_CD	4P23.CD.AB_AB	VA191A	0.000000
4P23.CD.AB_CD	4P23.CD.AB_AB	VA66A	1.166799
4P23.CD.AB_CD	4P23.CD.AB_AB	VA73A	0.000000
4P23.CD.AB_CD	4P23.CD.AB_AB	YA248A	0.240219
4P5T.CD.AB_CD	4P5T.CD.AB_AB	DA192A	0.000000
4P5T.CD.AB_CD	4P5T.CD.AB_AB	DA263A	0.000000
4P5T.CD.AB_CD	4P5T.CD.AB_AB	DA56A	0.617011
4P5T.CD.AB_CD	4P5T.CD.AB_AB	EA181A	1.061531
4P5T.CD.AB_CD	4P5T.CD.AB_AB	EA246A	0.240219
4P5T.CD.AB_CD	4P5T.CD.AB_AB	EA253A	0.617011
4P5T.CD.AB_CD	4P5T.CD.AB_AB	EA256A	1.009981
4P5T.CD.AB_CD	4P5T.CD.AB_AB	EA271A	0.000000
4P5T.CD.AB_CD	4P5T.CD.AB_AB	FA180A	0.000000
4P5T.CD.AB_CD	4P5T.CD.AB_AB	HA268A	0.796098
4P5T.CD.AB_CD	4P5T.CD.AB_AB	HA69A	1.009981
4P5T.CD.AB_CD	4P5T.CD.AB_AB	IA254A	0.091327
4P5T.CD.AB_CD	4P5T.CD.AB_AB	KA184A	1.991546
4P5T.CD.AB_CD	4P5T.CD.AB_AB	KA186A	1.549238
4P5T.CD.AB_CD	4P5T.CD.AB_AB	KA189A	0.240219
4P5T.CD.AB_CD	4P5T.CD.AB_AB	KA40A	1.138582
4P5T.CD.AB_CD	4P5T.CD.AB_AB	KA68A	0.991751
4P5T.CD.AB_CD	4P5T.CD.AB_AB	KA76A	0.359106
4P5T.CD.AB_CD	4P5T.CD.AB_AB	LA61A	1.009981
4P5T.CD.AB_CD	4P5T.CD.AB_AB	NA188A	0.000000
4P5T.CD.AB_CD	4P5T.CD.AB_AB	NA63A	1.496373
4P5T.CD.AB_CD	4P5T.CD.AB_AB	PA252A	0.000000
4P5T.CD.AB_CD	4P5T.CD.AB_AB	QA183A	1.654842
4P5T.CD.AB_CD	4P5T.CD.AB_AB	QA251A	0.000000
4P5T.CD.AB_CD	4P5T.CD.AB_AB	QA58A	0.000000
4P5T.CD.AB_CD	4P5T.CD.AB_AB	QA62A	0.000000
4P5T.CD.AB_CD	4P5T.CD.AB_AB	RA257A	2.074497
4P5T.CD.AB_CD	4P5T.CD.AB_AB	RA259A	0.000000
4P5T.CD.AB_CD	4P5T.CD.AB_AB	RA267A	0.000000
4P5T.CD.AB_CD	4P5T.CD.AB_AB	SA250A	0.000000
4P5T.CD.AB_CD	4P5T.CD.AB_AB	TA264A	0.821313
4P5T.CD.AB_CD	4P5T.CD.AB_AB	VA191A	0.091327
4P5T.CD.AB_CD	4P5T.CD.AB_AB	VA66A	0.868734
4P5T.CD.AB_CD	4P5T.CD.AB_AB	VA73A	0.000000
4P5T.CD.AB_CD	4P5T.CD.AB_AB	YA247A	0.170438
4U6H.AB.E_AB	4U6H.AB.E_E	NB21A	-0.348235
4U6H.AB.E_AB	4U6H.AB.E_E	QB25A	0.118888
4ZS6.HL.A_HL	4ZS6.HL.A_A	EB156A	3.040027
4ZS6.HL.A_HL	4ZS6.HL.A_A	YB160A	-0.110300
5E9D.AB.CDE_AB	5E9D.AB.CDE_CDE	AB218Y	-0.899806
5E9D.AB.CDE_AB	5E9D.AB.CDE_CDE	GB37E	-0.479357
5E9D.AB.CDE_AB	5E9D.AB.CDE_CDE	KB106Q	0.187488
5E9D.AB.CDE_AB	5E9D.AB.CDE_CDE	NB147G	0.275202
5E9D.AB.CDE_AB	5E9D.AB.CDE_CDE	SB60G	-0.035647
5E9D.AB.CDE_AB	5E9D.AB.CDE_CDE	TB100Q	-0.573930
5E9D.AB.CDE_AB	5E9D.AB.CDE_CDE	VB169D	-0.432683
5E9D.AB.CDE_AB	5E9D.AB.CDE_CDE	YB59W	-0.349101
5TAR.A.B_A	5TAR.A.B_B	EB86A	1.126523
5TAR.A.B_A	5TAR.A.B_B	FB131A	0.248743
5TAR.A.B_A	5TAR.A.B_B	FB13A	0.231570
5TAR.A.B_A	5TAR.A.B_B	IB127A	-0.026336
5TAR.A.B_A	5TAR.A.B_B	MB18A	-0.215004
5TAR.A.B_A	5TAR.A.B_B	QB114A	0.157416
5TAR.A.B_A	5TAR.A.B_B	WB30A	0.659400
5TAR.A.B_A	5TAR.A.B_B	WB88A	0.384321
5UFE.A.B_A	5UFE.A.B_B	GA12C	-0.396380
5UFE.A.B_A	5UFE.A.B_B	GA12D	-1.273908
5UFE.A.B_A	5UFE.A.B_B	GA12V	-0.727925
5UFE.A.B_A	5UFE.A.B_B	QB25R	0.292423
5UFQ.A.C_A	5UFQ.A.C_C	DA12C	0.982421
5UFQ.A.C_A	5UFQ.A.C_C	DA12G	1.273908
5UFQ.A.C_A	5UFQ.A.C_C	DA12V	0.650875
5XCO.A.B_A	5XCO.A.B_B	DA13C	0.811243
5XCO.A.B_A	5XCO.A.B_B	DA13G	1.110487
5XCO.A.B_A	5XCO.A.B_B	DB12A	2.797383
5XCO.A.B_A	5XCO.A.B_B	IB9A	2.797383
5XCO.A.B_A	5XCO.A.B_B	LB7A	2.747983
5XCO.A.B_A	5XCO.A.B_B	PB13A	0.635135
5XCO.A.B_A	5XCO.A.B_B	PB6A	1.079022
5XCO.A.B_A	5XCO.A.B_B	SB10A	1.286010
5XCO.A.B_A	5XCO.A.B_B	VB14A	0.000000
5XCO.A.B_A	5XCO.A.B_B	YB11A	1.900335
5XCO.A.B_A	5XCO.A.B_B	YB8A	1.364171
