1ACB_A	1ACB_B	LB38S	4.950962020246454
1ACB_A	1ACB_B	LB38P	6.852342536090567
1ACB_A	1ACB_B	LB38G	6.0329104263395
1ACB_A	1ACB_B	LB38E	6.553915374192577
1ACB_A	1ACB_B	LB38I	4.23043510099434
1ACB_A	1ACB_B	LB38D	6.771166322627187
1CSE_A	1CSE_B	LB38D	4.350433681449669
1CSE_A	1CSE_B	LB38G	2.2488334837936126
1CSE_A	1CSE_B	LB38I	2.9409875695104866
1CSE_A	1CSE_B	LB38E	2.349579985314381
1CSE_A	1CSE_B	LB38S	1.1722287392442985
1CSE_A	1CSE_B	LB38P	6.67127645335119
1CSO_A	1CSO_B	IB13L	-4.4188804360352485
1CT0_A	1CT0_B	SB13L	-4.100355769895383
1CT2_A	1CT2_B	TB13L	-3.1601132172258635
1CT4_A	1CT4_B	VB13L	-2.997860793780033
1EAW_A	1EAW_B	TA144A	0.0894056741917026
1EAW_A	1EAW_B	DA214A	2.2280123870440565
1EAW_A	1EAW_B	FA92A	0.8915712901218367
1EAW_A	1EAW_B	YA141A	0.5019009328018527
1EAW_A	1EAW_B	FA89A	0.7282270437769274
1EAW_A	1EAW_B	DA91A	0.6541111980754817
1EAW_A	1EAW_B	RA48A	0.5873189040934879
1EAW_A	1EAW_B	IA45A	-0.1942602619391777
1EAW_A	1EAW_B	FA50A	-0.4285969168341221
1EAW_A	1EAW_B	YA52A	-0.0789009539196516
1EAW_A	1EAW_B	QA169A	-0.1330295959181544
1EAW_A	1EAW_B	IA26A	-0.8220922966245396
1EAW_A	1EAW_B	DA47A	1.5020192808795692
1EAW_A	1EAW_B	HA138A	-0.0144729139862604
1EAW_A	1EAW_B	QA23A	-0.5186505836683111
1GL0_A	1GL0_B	MB28K	-0.5693033910682619
1GL1_A	1GL1_B	LB29V	4.257093855643765
1IAR_A	1IAR_B	RA53Q	0.8353431343614393
1IAR_A	1IAR_B	QA8A	-0.0223480831455837
1IAR_A	1IAR_B	FA82D	-0.5803147176938648
1IAR_A	1IAR_B	WA91D	1.3059488937465673
1IAR_A	1IAR_B	QA78A	0.124779284655542
1IAR_A	1IAR_B	TA6D	1.3920278517745128
1IAR_A	1IAR_B	RA85E	1.223993415770776
1IAR_A	1IAR_B	RA88A	3.7528288874815807
1IAR_A	1IAR_B	WA91A	0.7291616252477553
1IAR_A	1IAR_B	QA78E	0.2449515008942047
1IAR_A	1IAR_B	IA5R	0.7956977972881756
1IAR_A	1IAR_B	KA84A	0.3448021010125046
1IAR_A	1IAR_B	KA12E	0.1394011119884162
1IAR_A	1IAR_B	IA5A	1.1707846382719451
1IAR_A	1IAR_B	KA84D	1.8791492136960457
1IAR_A	1IAR_B	QA8R	0.0389017052793203
1IAR_A	1IAR_B	TA13A	0.9780844882983252
1IAR_A	1IAR_B	FA82A	-0.0864271814544448
1IAR_A	1IAR_B	KA12S	-0.0148046190983937
1IAR_A	1IAR_B	RA85A	0.4266742298545552
1IAR_A	1IAR_B	TA6A	-0.1035922650362177
1IAR_A	1IAR_B	RA81A	0.4793826660310998
1IAR_A	1IAR_B	RA81E	1.4609989742393452
1IAR_A	1IAR_B	NA89A	1.5580097591384998
1IAR_A	1IAR_B	TA13D	-0.2185625100196091
1IAR_A	1IAR_B	EA9Q	3.111263236322809
1IAR_A	1IAR_B	RA88Q	2.827575957081772
1JTG_A	1JTG_B	QA74A	0.4293857000092753
1JTG_A	1JTG_B	VA78A	1.9097825126251613
1JTG_A	1JTG_B	MA104A	0.7384493296917629
1JTG_A	1JTG_B	VA190A	-0.4067372439725005
1JTG_A	1JTG_B	GA212S	-1.6311295509134285
1JTG_A	1JTG_B	EA79K	4.233259421962298
1JTG_A	1JTG_B	SA209A	1.2384592701602788
1JTG_A	1JTG_B	PA82A	-0.3825643399076011
1JTG_A	1JTG_B	EA143A	-0.0725454735794386
1JTG_A	1JTG_B	YA80A	-0.1682866516901349
1JTG_A	1JTG_B	NA75A	-0.4555758620072812
1JTG_A	1JTG_B	EA85A	4.059884794410223
1JTG_A	1JTG_B	TB140K	-0.0143850131246843
1JTG_A	1JTG_B	WB112A	3.0089966437403977
1JTG_A	1JTG_B	YB143A	0.3818377849685177
1JTG_A	1JTG_B	YB50A	-0.4067372439725005
1JTG_A	1JTG_B	DB163A	-1.3402600892186527
1JTG_A	1JTG_B	HB148A	2.746506323142203
1JTG_A	1JTG_B	RB160A	2.2210862582653434
1JTG_A	1JTG_B	DB163K	-1.9817669687114847
1JTG_A	1JTG_B	SB113A	-0.1682866516901349
1JTG_A	1JTG_B	WB150A	4.251421862409736
1JTG_A	1JTG_B	SB71A	0.3579091184487169
1JTG_A	1JTG_B	WB162A	2.3396489546293378
1JTG_A	1JTG_B	YB53A	2.076422003532233
1JTG_A	1JTG_B	FB36A	3.1998090387123685
1JTG_A	1JTG_B	HB41A	3.2480654583719684
1PPF_A	1PPF_B	NB36H	-0.525587222200782
1PPF_A	1PPF_B	AB15G	1.1223859378254897
1PPF_A	1PPF_B	LB18V	-0.4858069628552393
1PPF_A	1PPF_B	EB19Q	0.6512382651313118
1PPF_A	1PPF_B	NB36I	0.8593760161521313
1PPF_A	1PPF_B	KB13V	0.8593760161521313
1PPF_A	1PPF_B	RB21P	6.612233374468008
1PPF_A	1PPF_B	TB17P	3.031374527610504
1PPF_A	1PPF_B	KB13G	1.231501458438531
1PPF_A	1PPF_B	EB19C	1.3831093378131278
1PPF_A	1PPF_B	LB18F	5.097540666949608
1PPF_A	1PPF_B	GB32P	0.2601531651498519
1PPF_A	1PPF_B	NB36M	1.0790916495695375
1PPF_A	1PPF_B	NB36V	0.3410085695957665
1PPF_A	1PPF_B	LB18H	6.381171448492668
1PPF_A	1PPF_B	TB17Q	1.9413244222451755
1PPF_A	1PPF_B	AB15M	-0.3957512809449515
1PPF_A	1PPF_B	KB13R	-0.6319253388219295
1PPF_A	1PPF_B	EB19Y	1.231501458438531
1PPF_A	1PPF_B	TB17M	2.4675689168328567
1PPF_A	1PPF_B	RB21C	-0.0800488939137569
1PPF_A	1PPF_B	YB20N	3.593094703431716
1PPF_A	1PPF_B	AB15T	0.9494316980624192
1PPF_A	1PPF_B	NB36S	-1.3276379503571842
1PPF_A	1PPF_B	AB15S	0.745948995933615
1PPF_A	1PPF_B	YB20C	3.403623598200179
1PPF_A	1PPF_B	EB19G	2.0911319749409856
1PPF_A	1PPF_B	NB36W	1.7038071206990306
1PPF_A	1PPF_B	LB18R	7.084539036728509
1PPF_A	1PPF_B	GB32R	4.781497932955725
1PPF_A	1PPF_B	LB18I	-0.7226819272889191
1PPF_A	1PPF_B	GB32I	4.311461974288624
1PPF_A	1PPF_B	PB14A	-0.1224011681871513
1PPF_A	1PPF_B	NB36E	-1.004174409411604
1PPF_A	1PPF_B	KB13D	0.6225010517184497
1PPF_A	1PPF_B	EB19N	1.195813690056745
1PPF_A	1PPF_B	PB14F	-1.8309899418626097
1PPF_A	1PPF_B	KB13N	0.6512382651313118
1PPF_A	1PPF_B	YB20P	5.29245463897787
1PPF_A	1PPF_B	TB17G	3.549741974166869
1PPF_A	1PPF_B	RB21H	-0.4858069628552393
1PPF_A	1PPF_B	EB19D	0.5698805931962312
1PPF_A	1PPF_B	AB15F	-0.071934797575297
1PPF_A	1PPF_B	AB15N	0.902728745416976
1PPF_A	1PPF_B	EB19A	1.186540391462982
1PPF_A	1PPF_B	NB36C	0.5961414432378067
1PPF_A	1PPF_B	EB19F	1.3451829790073706
1PPF_A	1PPF_B	EB19K	2.0911319749409856
1PPF_A	1PPF_B	YB20V	4.12763664026779
1PPF_A	1PPF_B	YB20S	3.593094703431716
1PPF_A	1PPF_B	KB13H	1.00043953246319
1PPF_A	1PPF_B	RB21Q	-0.0180883038813046
1PPF_A	1PPF_B	TB17D	4.855144693828697
1PPF_A	1PPF_B	NB36F	1.8205139793267249
1PPF_A	1PPF_B	YB20I	3.8769063494777214
1PPF_A	1PPF_B	AB15R	-0.2605008030922313
1PPF_A	1PPF_B	RB21V	-0.3447434465441788
1PPF_A	1PPF_B	RB21A	0.2051566446635693
1PPF_A	1PPF_B	GB32Y	1.186540391462982
1PPF_A	1PPF_B	NB36P	-2.9184025459312224
1PPF_A	1PPF_B	YB20G	4.12763664026779
1PPF_A	1PPF_B	LB18P	6.061585379633843
1PPF_A	1PPF_B	GB32M	2.1647787358139574
1PPF_A	1PPF_B	GB32L	3.086332236383951
1PPF_A	1PPF_B	KB13C	0.9494316980624192
1PPF_A	1PPF_B	PB14V	-1.5038255665517577
1PPF_A	1PPF_B	NB36Y	1.653500192854958
1PPF_A	1PPF_B	GB32N	1.5914808178008322
1PPF_A	1PPF_B	AB15P	1.9676840307258203
1PPF_A	1PPF_B	YB20K	4.431515215391321
1PPF_A	1PPF_B	GB32E	1.4372706822530503
1PPF_A	1PPF_B	YB20T	4.984980635084527
1PPF_A	1PPF_B	TB17W	2.1647787358139574
1PPF_A	1PPF_B	KB13M	0.2051566446635693
1PPF_A	1PPF_B	KB13W	0.8195957568065886
1PPF_A	1PPF_B	KB13A	0.745948995933615
1PPF_A	1PPF_B	RB21T	-0.0180883038813046
1PPF_A	1PPF_B	KB13E	1.117146391090886
1PPF_A	1PPF_B	KB13S	0.4544355898142811
1PPF_A	1PPF_B	RB21F	-0.9675894583346132
1PPF_A	1PPF_B	TB17C	2.058440619192808
1PPF_A	1PPF_B	PB14L	-2.882675792827865
1PPF_A	1PPF_B	KB13F	0.9494316980624192
1PPF_A	1PPF_B	GB32D	2.462329370098253
1PPF_A	1PPF_B	RB21E	0.4544355898142811
1PPF_A	1PPF_B	NB36K	2.585275850295563
1PPF_A	1PPF_B	RB21L	-0.8466354583335054
1PPF_A	1PPF_B	EB19S	1.8205139793267249
1PPF_A	1PPF_B	LB18Y	6.543423871938499
1PPF_A	1PPF_B	RB21D	0.2051566446635693
1PPF_A	1PPF_B	PB14D	-0.4858069628552393
1PPF_A	1PPF_B	TB17Y	2.44632273745208
1PPF_A	1PPF_B	PB14T	-0.2605008030922313
1PPF_A	1PPF_B	EB19W	1.508778598563552
1PPF_A	1PPF_B	RB21G	0.5698805931962312
1PPF_A	1PPF_B	AB15Y	-0.1824910230983487
1PPF_A	1PPF_B	AB15K	1.111859426999418
1PPF_A	1PPF_B	GB32H	1.4840320759073862
1PPF_A	1PPF_B	GB32W	1.621096016273885
1PPF_A	1PPF_B	KB13Y	0.4985475206738652
1PPF_A	1PPF_B	YB20R	4.311461974288624
1PPF_A	1PPF_B	YB20W	0.232105913093271
1PPF_A	1PPF_B	KB13P	1.2485597665171095
1PPF_A	1PPF_B	PB14G	0.0920877032456797
1PPF_A	1PPF_B	YB20M	2.773253383796048
1PPF_A	1PPF_B	RB21K	0.5961414432378067
1PPF_A	1PPF_B	YB20F	0.4753310003193558
1PPF_A	1PPF_B	YB20A	3.165696958334093
1PPF_A	1PPF_B	LB18C	-0.088277277051608
1PPF_A	1PPF_B	LB18N	5.152695328112994
1PPF_A	1PPF_B	KB13L	0.3959662783692117
1PPF_A	1PPF_B	TB17N	2.661149593010588
1PPF_A	1PPF_B	EB19V	1.1428864814382518
1PPF_A	1PPF_B	AB15E	0.1041336051620867
1PPF_A	1PPF_B	YB20Q	4.631690380259915
1PPF_A	1PPF_B	NB36G	-0.5635830138822371
1PPF_A	1PPF_B	PB14M	-1.5525375648393942
1PPF_A	1PPF_B	TB17I	1.4726879224776823
1PPF_A	1PPF_B	TB17L	2.2479117244243447
1PPF_A	1PPF_B	PB14H	-1.7409342599523203
1PPF_A	1PPF_B	EB19R	1.4493165841694555
1PPF_A	1PPF_B	RB21Y	0.2175606253806012
1PPF_A	1PPF_B	PB14I	-1.6283742280872389
1PPF_A	1PPF_B	RB21M	-0.7490415357695621
1PPF_A	1PPF_B	AB15W	-0.6319253388219295
1PPF_A	1PPF_B	PB14K	-0.4424542335903929
1PPF_A	1PPF_B	LB18S	3.0489900997063994
1PPF_A	1PPF_B	GB32S	0.902728745416976
1PPF_A	1PPF_B	KB13T	0.1635956195561831
1PPF_A	1PPF_B	LB18D	7.507514860161978
1PPF_A	1PPF_B	GB32Q	2.760756531996245
1PPF_A	1PPF_B	AB15C	-0.664329515403006
1PPF_A	1PPF_B	EB19H	0.6808534636043628
1PPF_A	1PPF_B	PB14N	-0.6319253388219295
1PPF_A	1PPF_B	AB15I	0.3248915324240951
1PPF_A	1PPF_B	YB20E	6.330163614091897
1PPF_A	1PPF_B	PB14Y	-0.9492167006381572
1PPF_A	1PPF_B	NB36Q	0.3775935206727574
1PPF_A	1PPF_B	AB15Q	0.2462978387934616
1PPF_A	1PPF_B	AB15L	0.0175450286501863
1PPF_A	1PPF_B	PB14Q	-0.7999908007261016
1PPF_A	1PPF_B	TB17H	1.670074511431462
1PPF_A	1PPF_B	PB14E	-1.4091148357494525
1PPF_A	1PPF_B	TB17K	3.341604223146051
1PPF_A	1PPF_B	AB15H	0.545192178281269
1PPF_A	1PPF_B	RB21I	-0.7999908007261016
1PPF_A	1PPF_B	TB17F	1.6861915486031354
1PPF_A	1PPF_B	PB14C	-1.9771083178293
1PPF_A	1PPF_B	YB20D	6.330163614091897
1PPF_A	1PPF_B	LB18G	3.286507401252546
1PPF_A	1PPF_B	NB36L	2.6103170641009843
1PPF_A	1PPF_B	EB19L	1.056178691469162
1PPF_A	1PPF_B	KB13Q	0.2462978387934616
1PPF_A	1PPF_B	RB21S	0.4137788028550453
1PPF_A	1PPF_B	RB21W	-0.525587222200782
1PPF_A	1PPF_B	NB36R	1.843730499681236
1PPF_A	1PPF_B	EB19I	0.7132576401854376
1PPF_A	1PPF_B	LB18W	7.439172535222286
1PPF_A	1PPF_B	PB14W	-1.9771083178293
1PPF_A	1PPF_B	RB21N	0.3248915324240951
1PPF_A	1PPF_B	LB18T	0.902728745416976
1PPF_A	1PPF_B	TB17R	3.403623598200179
1PPF_A	1PPF_B	EB19M	1.132726128909928
1PPF_A	1PPF_B	GB32F	1.4611191178070104
1PPF_A	1PPF_B	PB14S	-0.5635830138822371
1PPF_A	1PPF_B	EB19P	3.165696958334093
1PPF_A	1PPF_B	NB36T	0.545192178281269
1PPF_A	1PPF_B	NB36D	-3.0351094045589195
1PPF_A	1PPF_B	GB32K	3.2602465512109724
1PPF_A	1PPF_B	GB32C	1.162691955909022
1PPF_A	1PPF_B	PB14R	-0.1357296294440111
1PPF_A	1PPF_B	EB19T	1.4840320759073862
1PPF_A	1PPF_B	KB13I	0.6225010517184497
1PPF_A	1PPF_B	NB36A	-1.622618461874907
1PPF_A	1PPF_B	YB20L	1.3557730976014764
1PPF_A	1PPF_B	AB15D	1.1223859378254897
1PPF_A	1PPF_B	GB32T	2.773253383796048
1R0R_A	1R0R_B	NB31V	0.6594309628674253
1R0R_A	1R0R_B	NB31A	-0.0326913557481756
1R0R_A	1R0R_B	EB14A	2.060353100880766
1R0R_A	1R0R_B	EB14C	2.338571748937099
1R0R_A	1R0R_B	KB8D	-0.5850517901584239
1R0R_A	1R0R_B	PB9L	1.1677700289677873
1R0R_A	1R0R_B	GB27D	2.84790490909284
1R0R_A	1R0R_B	YB15M	3.0953063843525896
1R0R_A	1R0R_B	TB12L	0.6594309628674253
1R0R_A	1R0R_B	LB13H	0.5617201758212111
1R0R_A	1R0R_B	LB13N	1.47950540973096
1R0R_A	1R0R_B	RB16C	0.1134270202185145
1R0R_A	1R0R_B	KB8P	1.3290659418356991
1R0R_A	1R0R_B	RB16H	0.5183674465563648
1R0R_A	1R0R_B	RB16Y	0.8118645745984789
1R0R_A	1R0R_B	RB16T	0.3398448940085981
1R0R_A	1R0R_B	AB10C	-0.4767381990397759
1R0R_A	1R0R_B	EB14S	3.1309573535441046
1R0R_A	1R0R_B	EB14N	2.088856585326744
1R0R_A	1R0R_B	GB27C	1.4001406877808158
1R0R_A	1R0R_B	KB8Y	-0.6857520161399435
1R0R_A	1R0R_B	PB9V	1.3124916232591932
1R0R_A	1R0R_B	PB9E	-2.2117787708039143
1R0R_A	1R0R_B	EB14K	2.6742489208430658
1R0R_A	1R0R_B	AB10Q	1.7857743745367376
1R0R_A	1R0R_B	KB8R	0.1343224307235893
1R0R_A	1R0R_B	KB8T	0.8773641218435113
1R0R_A	1R0R_B	RB16I	0.2041836086855024
1R0R_A	1R0R_B	PB9H	-0.213503626125453
1R0R_A	1R0R_B	AB10G	1.0962621126572838
1R0R_A	1R0R_B	TB12F	-0.0650955323292521
1R0R_A	1R0R_B	LB13F	0.6084231284666526
1R0R_A	1R0R_B	GB27W	1.3817679300843615
1R0R_A	1R0R_B	NB31T	0.5617201758212111
1R0R_A	1R0R_B	EB14W	1.8237701662181929
1R0R_A	1R0R_B	YB15A	5.398347488125372
1R0R_A	1R0R_B	TB12G	3.0953063843525896
1R0R_A	1R0R_B	RB16Q	0.1798679955417252
1R0R_A	1R0R_B	TB12D	2.84790490909284
1R0R_A	1R0R_B	RB16A	-0.0947107308023032
1R0R_A	1R0R_B	EB14M	1.5493665876928733
1R0R_A	1R0R_B	LB13P	7.580720015497826
1R0R_A	1R0R_B	PB9S	0.1343224307235893
1R0R_A	1R0R_B	LB13S	1.5493665876928733
1R0R_A	1R0R_B	GB27S	0.8990843016924277
1R0R_A	1R0R_B	KB8W	-1.0900501053653286
1R0R_A	1R0R_B	GB27Y	0.4785871872108221
1R0R_A	1R0R_B	YB15L	2.539273024063462
1R0R_A	1R0R_B	RB16D	-0.1774129500395815
1R0R_A	1R0R_B	TB12C	0.8018779118424888
1R0R_A	1R0R_B	PB9Q	-1.3949326428341244
1R0R_A	1R0R_B	EB14V	0.0934522353437419
1R0R_A	1R0R_B	NB31R	1.4386352143511107
1R0R_A	1R0R_B	AB10E	4.51413612423293
1R0R_A	1R0R_B	GB27R	3.422804496059225
1R0R_A	1R0R_B	KB8V	0.404940426337852
1R0R_A	1R0R_B	AB10F	-2.2117787708039143
1R0R_A	1R0R_B	EB14D	0.255132873642042
1R0R_A	1R0R_B	AB10M	-1.7154079136072866
1R0R_A	1R0R_B	LB13C	-1.3275674069114751
1R0R_A	1R0R_B	YB15K	5.435689624802924
1R0R_A	1R0R_B	TB12M	1.3124916232591932
1R0R_A	1R0R_B	NB31P	1.4586099992258852
1R0R_A	1R0R_B	TB12P	4.8810807588893255
1R0R_A	1R0R_B	AB10S	1.7174320495970417
1R0R_A	1R0R_B	AB10N	2.0661661393391064
1R0R_A	1R0R_B	GB27H	2.161977587461724
1R0R_A	1R0R_B	KB8I	1.1083080145736908
1R0R_A	1R0R_B	RB16N	-0.0497496638267538
1R0R_A	1R0R_B	RB16M	0.440591395529367
1R0R_A	1R0R_B	PB9N	-0.9045915834780036
1R0R_A	1R0R_B	KB8A	-0.6015093726879961
1R0R_A	1R0R_B	LB13V	2.1265603472370938
1R0R_A	1R0R_B	NB31G	0.2814924821226849
1R0R_A	1R0R_B	AB10T	1.2504722482050656
1R0R_A	1R0R_B	NB31F	-0.1774129500395815
1R0R_A	1R0R_B	KB8G	-0.8268155324510058
1R0R_A	1R0R_B	AB10R	5.453502149288758
1R0R_A	1R0R_B	PB9Y	0.8455318218672154
1R0R_A	1R0R_B	TB12R	3.2987890864813925
1R0R_A	1R0R_B	YB15P	6.561810163862448
1R0R_A	1R0R_B	RB16L	0.2288720236004682
1R0R_A	1R0R_B	NB31H	0.2814924821226849
1R0R_A	1R0R_B	AB10H	1.750123405345219
1R0R_A	1R0R_B	LB13Y	0.440591395529367
1R0R_A	1R0R_B	LB13T	0.1575389510780986
1R0R_A	1R0R_B	EB14F	3.567730079858249
1R0R_A	1R0R_B	AB10L	-1.7305829367964058
1R0R_A	1R0R_B	GB27I	1.9536061074740232
1R0R_A	1R0R_B	PB9R	1.0870618351929124
1R0R_A	1R0R_B	AB10K	3.030210852023337
1R0R_A	1R0R_B	KB8L	-0.3234635409455801
1R0R_A	1R0R_B	AB10Y	-0.8268155324510058
1R0R_A	1R0R_B	LB13W	1.5027219300854693
1R0R_A	1R0R_B	EB14T	4.193087888100207
1R0R_A	1R0R_B	NB31L	1.525050974549096
1R0R_A	1R0R_B	GB27L	2.3771819587328427
1R0R_A	1R0R_B	NB31S	0.4785871872108221
1R0R_A	1R0R_B	EB14I	0.7267389265440674
1R0R_A	1R0R_B	GB27E	1.9536061074740232
1R0R_A	1R0R_B	RB16S	-0.0161170371716714
1R0R_A	1R0R_B	RB16W	0.9322396118363072
1R0R_A	1R0R_B	RB16F	0.440591395529367
1R0R_A	1R0R_B	YB15F	0.6084231284666526
1R0R_A	1R0R_B	YB15T	5.398347488125372
1R0R_A	1R0R_B	TB12I	0.255132873642042
1R0R_A	1R0R_B	EB14H	1.685027873015967
1R0R_A	1R0R_B	NB31M	0.3102296955355469
1R0R_A	1R0R_B	KB8C	-0.6070998990335958
1R0R_A	1R0R_B	GB27F	0.1134270202185145
1R0R_A	1R0R_B	PB9T	1.1810782478329696
1R0R_A	1R0R_B	PB9A	-0.6300128571339751
1R0R_A	1R0R_B	TB12N	0.0176155720958952
1R0R_A	1R0R_B	TB12K	1.90690315482858
1R0R_A	1R0R_B	YB15E	4.553916383578473
1R0R_A	1R0R_B	LB13I	3.208733404571104
1R0R_A	1R0R_B	AB10I	-1.7744688256547416
1R0R_A	1R0R_B	YB15N	5.5382708671075775
1R0R_A	1R0R_B	YB15W	-0.3590968734770712
1R0R_A	1R0R_B	NB31D	0.5617201758212111
1R0R_A	1R0R_B	GB27Q	2.004613941874794
1R0R_A	1R0R_B	YB15R	4.407798007611783
1R0R_A	1R0R_B	EB14Q	1.264327574561456
1R0R_A	1R0R_B	GB27P	1.0650137263177406
1R0R_A	1R0R_B	NB31W	0.0549577087734469
1R0R_A	1R0R_B	NB31Q	-0.2706179956142591
1R0R_A	1R0R_B	TB12H	0.5183674465563648
1R0R_A	1R0R_B	KB8E	-0.1089026565024937
1R0R_A	1R0R_B	EB14P	3.712085396076529
1R0R_A	1R0R_B	PB9D	-2.4861823493292365
1R0R_A	1R0R_B	KB8Q	-0.5234995926941153
1R0R_A	1R0R_B	EB14Y	1.863550425563736
1R0R_A	1R0R_B	EB14G	2.6742489208430658
1R0R_A	1R0R_B	YB15C	3.208733404571104
1R0R_A	1R0R_B	KB8M	-0.5534654196932056
1R0R_A	1R0R_B	KB8S	-0.3030822107900057
1R0R_A	1R0R_B	NB31K	1.1316793528819176
1R0R_A	1R0R_B	NB31I	0.3102296955355469
1R0R_A	1R0R_B	NB31E	-0.2021594726957474
1R0R_A	1R0R_B	LB13G	2.3201410234148216
1R0R_A	1R0R_B	AB10W	0.2041836086855024
1R0R_A	1R0R_B	PB9C	-0.972933908417696
1R0R_A	1R0R_B	KB8N	-0.3853999577890352
1R0R_A	1R0R_B	LB13R	2.894549566700244
1R0R_A	1R0R_B	KB8H	-0.5850517901584239
1R0R_A	1R0R_B	TB12Q	2.1907148008745856
1R0R_A	1R0R_B	PB9M	-0.0326913557481756
1R0R_A	1R0R_B	YB15V	3.4612168154183887
1R0R_A	1R0R_B	EB14R	2.0661661393391064
1R0R_A	1R0R_B	LB13D	4.476140332551474
1R0R_A	1R0R_B	PB9K	0.3398448940085981
1R0R_A	1R0R_B	RB16G	2.060353100880766
1R0R_A	1R0R_B	YB15S	5.0908526523600806
1R0R_A	1R0R_B	PB9I	1.7174320495970417
1R0R_A	1R0R_B	YB15G	6.312971527865785
1R0R_A	1R0R_B	GB27T	1.655412674542916
1R0R_A	1R0R_B	PB9F	1.362798551103266
1R0R_A	1R0R_B	AB10P	3.2987890864813925
1R0R_A	1R0R_B	GB27N	1.264327574561456
1R0R_A	1R0R_B	KB8F	-0.7834628031861595
1R0R_A	1R0R_B	NB31Y	0.1798679955417252
1R0R_A	1R0R_B	RB16E	0.3398448940085981
1R0R_A	1R0R_B	TB12W	2.894549566700244
1R0R_A	1R0R_B	PB9G	-0.3410085695957647
1R0R_A	1R0R_B	GB27K	2.894549566700244
1R0R_A	1R0R_B	RB16K	-0.0947107308023032
1R0R_A	1R0R_B	AB10D	5.155659485233353
1R0R_A	1R0R_B	YB15Q	4.440489363359959
1R0R_A	1R0R_B	PB9W	0.4785871872108221
1R0R_A	1R0R_B	GB27M	2.1265603472370938
1R0R_A	1R0R_B	NB31C	0.5617201758212111
1R0R_A	1R0R_B	RB16V	0.1134270202185145
1R0R_A	1R0R_B	EB14L	0.5617201758212111
1R0R_A	1R0R_B	RB16P	7.287635070858058
1R0R_A	1R0R_B	YB15I	2.8246883887383287
1R0R_A	1R0R_B	TB12Y	-0.8665957917965468
1S0W_A	1S0W_B	AB142F	-2.1019341179373274
1SBN_A	1SBN_B	RB38K	-0.3098434393028242
1SGD_A	1SGD_B	DB13L	-5.589755775252961
1SGE_A	1SGE_B	EB13L	-5.899483203299344
1SGN_A	1SGN_B	NB13L	-3.3524942922738106
1SGP_A	1SGP_B	AB13L	-2.9475538659359604
1SGQ_A	1SGQ_B	GB13L	-4.933851329158159
1SGY_A	1SGY_B	YB13L	-1.6526778147726642
1SIB_A	1SIB_B	KB46R	-0.7311587735816741
1TM1_A	1TM1_B	MB40A	1.0271508140535437
1TM1_A	1TM1_B	MB40F	1.0271508140535437
1TM1_A	1TM1_B	TB39D	2.0980176673647684
1TM1_A	1TM1_B	RB48C	3.234173525639145
1TM1_A	1TM1_B	MB40K	1.093013509854524
1TM1_A	1TM1_B	YB42G	4.678612295367822
1TM1_A	1TM1_B	EB41S	2.74638619860184
1TM1_A	1TM1_B	MB40Y	0.0564382965578786
1TM1_A	1TM1_B	TB39P	3.754120390544673
1TM1_A	1TM1_B	RB43A	1.2555223637452997
1TM1_A	1TM1_B	MB40G	2.231782031124311
1TM3_A	1TM3_B	KB40M	-1.093013509854524
1TM4_A	1TM4_B	GB40M	-2.231782031124311
1TM5_A	1TM5_B	AB40M	-1.0271508140535437
1TM7_A	1TM7_B	YB40M	-0.0564382965578786
1TMG_A	1TMG_B	FB40M	-1.0271508140535437
1TO1_A	1TO1_B	AB42Y	-2.980082225320676
1Y1K_A	1Y1K_B	AB39T	-2.726969576491131
1Y33_A	1Y33_B	PB39T	-3.754120390544673
1Y34_A	1Y34_B	AB41E	-3.0526816709112428
1Y3B_A	1Y3B_B	SB41E	-2.74638619860184
2FTL_A	2FTL_B	KB15D	11.38118981571144
2FTL_A	2FTL_B	GB36A	2.190994415843768
2FTL_A	2FTL_B	KB15S	7.64231393280437
2FTL_A	2FTL_B	KB15G	12.221723141911871
2FTL_A	2FTL_B	KB15N	7.948233485706734
2FTL_A	2FTL_B	KB15H	8.689000456471591
2FTL_A	2FTL_B	KB15E	9.324441184036544
2FTL_A	2FTL_B	KB15Q	9.271641744362888
2FTL_A	2FTL_B	IB18A	4.968786397859223
2FTL_A	2FTL_B	KB15M	7.611102390346371
2FTL_A	2FTL_B	KB15Y	6.7845643875760775
2FTL_A	2FTL_B	KB15F	6.952966976747844
2FTL_A	2FTL_B	KB15I	11.053423601134748
2FTL_A	2FTL_B	KB15L	8.770452779504572
2FTL_A	2FTL_B	GB12A	4.346368041583864
2FTL_A	2FTL_B	KB15T	10.4855197758984
2FTL_A	2FTL_B	KB15V	11.632235033424028
2FTL_A	2FTL_B	KB15W	8.572581166725215
2G2U_A	2G2U_B	DA79K	-0.4526592630612107
2G2U_A	2G2U_B	RB160A	0.6694568519687198
2G2U_A	2G2U_B	GB48A	-0.4263831736089845
2G2U_A	2G2U_B	FB142A	0.2756885272923011
2G2U_A	2G2U_B	EB31A	0.6505475729588968
2G2U_A	2G2U_B	WB112A	0.9582522172533592
2G2U_A	2G2U_B	HB148A	1.1183877055633626
2G2U_A	2G2U_B	SB39A	-0.9556609323880992
2G2U_A	2G2U_B	EB73M	-3.5342558829494286
2G2U_A	2G2U_B	HB41A	1.7161847851985126
2G2U_A	2G2U_B	YB143A	-1.846306258412426
2G2U_A	2G2U_B	KB74A	-0.2172258716374013
2G2U_A	2G2U_B	FB36A	2.762560350718
2G2U_A	2G2U_B	YB50A	-2.0746778081041817
2G2U_A	2G2U_B	WB162A	0.5309427839523906
2G2U_A	2G2U_B	SB35A	-0.9504205980140484
2G2U_A	2G2U_B	GB141A	-0.4136023770452688
2G2U_A	2G2U_B	SB113A	-0.6120034064766262
2G2U_A	2G2U_B	YB51A	-0.6284324378571107
2G2U_A	2G2U_B	SB71A	-0.5119496660751359
2G2U_A	2G2U_B	YB53A	2.3005864028821463
2G2U_A	2G2U_B	RB144A	-0.3422199365820422
2G2U_A	2G2U_B	WB150A	1.7843235398671444
2G2U_A	2G2U_B	EB73A	-1.978441586977592
2G2W_A	2G2W_B	KA79D	0.4526592630612107
2NU0_A	2NU0_B	WB13L	-1.839245851362272
2NU1_A	2NU1_B	HB13L	-1.690019951450214
2NU2_A	2NU2_B	RB13L	-3.3200901156927367
2NU4_A	2NU4_B	KB13L	-3.137784172762238
2SGP_A	2SGP_B	PB13L	-8.328285781965437
2SGQ_A	2SGQ_B	QB13L	-2.567301854513074
2SIC_A	2SIC_B	MB67K	0.0
2SIC_A	2SIC_B	MB67L	-0.2400977530654327
2SIC_A	2SIC_B	MB67V	0.7129372152866669
2SIC_A	2SIC_B	MB67G	0.1451502243292779
2SIC_A	2SIC_B	MB67E	0.7956977972881719
2SIC_A	2SIC_B	MB67I	1.6035825413109936
2SIC_A	2SIC_B	MB67A	0.2177496699198453
2SIC_A	2SIC_B	MB67H	0.2177496699198453
2SIC_A	2SIC_B	MB67D	0.7511539535495384
2SIC_A	2SIC_B	MB67R	0.0
3BTD_A	3BTD_B	DB13K	-11.38118981571144
3BTE_A	3BTE_B	EB13K	-9.324441184036544
3BTF_A	3BTF_B	FB13K	-6.952966976747844
3BTG_A	3BTG_B	GB13K	-12.221723141911871
3BTH_A	3BTH_B	HB13K	-8.689000456471591
3BTM_A	3BTM_B	MB13K	-7.611102390346371
3BTQ_A	3BTQ_B	QB13K	-9.271641744362888
3BTT_A	3BTT_B	TB13K	-10.4855197758984
3BTW_A	3BTW_B	WB13K	-8.572581166725215
3SGB_A	3SGB_B	NB30T	0.0097100109797683
3SGB_A	3SGB_B	YB14F	0.166431319454233
3SGB_A	3SGB_B	LB12H	1.690019951450214
3SGB_A	3SGB_B	NB30S	0.4033062838879129
3SGB_A	3SGB_B	NB30E	0.9493102265368236
3SGB_A	3SGB_B	GB26T	2.997860793780033
3SGB_A	3SGB_B	AB9E	0.6621283342590729
3SGB_A	3SGB_B	TB11Q	2.899389817238223
3SGB_A	3SGB_B	LB12G	4.933851329158159
3SGB_A	3SGB_B	GB26Q	2.9151496893548874
3SGB_A	3SGB_B	YB14R	2.7221240778696814
3SGB_A	3SGB_B	LB12K	3.137784172762238
3SGB_A	3SGB_B	AB9Y	-1.62434887285022
3SGB_A	3SGB_B	NB30I	0.1951685328670951
3SGB_A	3SGB_B	TB11N	3.209117245284604
3SGB_A	3SGB_B	YB14K	3.3851856480219884
3SGB_A	3SGB_B	LB12V	2.997860793780033
3SGB_A	3SGB_B	EB13S	1.916554724799452
3SGB_A	3SGB_B	RB15W	0.3074948357652936
3SGB_A	3SGB_B	YB14Q	3.235378095326178
3SGB_A	3SGB_B	AB9L	0.166431319454233
3SGB_A	3SGB_B	LB12R	3.3200901156927367
3SGB_A	3SGB_B	KB7T	-1.9218995071345155
3SGB_A	3SGB_B	TB11K	2.00731131326644
3SGB_A	3SGB_B	LB12I	4.4188804360352485
3SGB_A	3SGB_B	YB14S	2.00731131326644
3SGB_A	3SGB_B	RB15L	0.2247837313401461
3SGB_A	3SGB_B	AB9F	-1.1642063718404645
3SGB_A	3SGB_B	YB14T	4.804015387902329
3SGB_A	3SGB_B	EB13P	2.243485371143421
3SGB_A	3SGB_B	LB12P	8.328285781965437
3SGB_A	3SGB_B	PB8M	-0.4935835395167612
3SGB_A	3SGB_B	KB7Q	-0.6147123198086053
3SGB_A	3SGB_B	YB14P	6.18897862625524
3SGB_A	3SGB_B	EB13D	0.5450121373114403
3SGB_A	3SGB_B	NB30K	0.5713717457920833
3SGB_A	3SGB_B	GB26W	3.8576093435276473
3SGB_A	3SGB_B	PB8K	0.1124663136298167
3SGB_A	3SGB_B	KB7H	-0.3958727524705452
3SGB_A	3SGB_B	KB7C	-0.5767165281271485
3SGB_A	3SGB_B	AB9I	-0.4468805868713179
3SGB_A	3SGB_B	NB30M	0.1387863297181226
3SGB_A	3SGB_B	KB7F	-0.7154588213293724
3SGB_A	3SGB_B	LB12F	1.3548929899871391
3SGB_A	3SGB_B	EB13A	1.0050493855427938
3SGB_A	3SGB_B	RB15T	0.447418214747497
3SGB_A	3SGB_B	GB26S	1.5853125788500115
3SGB_A	3SGB_B	EB13M	-0.1868589353703776
3SGB_A	3SGB_B	EB13L	0.7684664508802204
3SGB_A	3SGB_B	KB7V	-0.941876695119456
3SGB_A	3SGB_B	PB8V	-0.3060925742413527
3SGB_A	3SGB_B	AB9P	0.5450121373114403
3SGB_A	3SGB_B	AB9Q	0.4242016943929876
3SGB_A	3SGB_B	EB13R	1.2572990674231974
3SGB_A	3SGB_B	GB26N	2.243485371143421
3SGB_A	3SGB_B	KB7I	-1.3259217109522314
3SGB_A	3SGB_B	YB14G	2.8028322716445544
3SGB_A	3SGB_B	YB14A	1.916554724799452
3SGB_A	3SGB_B	AB9D	0.4697472592111236
3SGB_A	3SGB_B	RB15A	0.0530042992357202
3SGB_A	3SGB_B	RB15S	0.2737622264977269
3SGB_A	3SGB_B	NB30D	0.8983023921360509
3SGB_A	3SGB_B	RB15V	-0.0233047356125002
3SGB_A	3SGB_B	PB8D	-1.0187187642609796
3SGB_A	3SGB_B	AB9W	-1.5320419143777482
3SGB_A	3SGB_B	PB8N	-0.1230641035016635
3SGB_A	3SGB_B	YB14C	1.6716471937537598
3SGB_A	3SGB_B	PB8L	-0.1394065829779744
3SGB_A	3SGB_B	GB26P	1.0815968229835615
3SGB_A	3SGB_B	EB13V	0.125774532494999
3SGB_A	3SGB_B	YB14L	1.5542068382308545
3SGB_A	3SGB_B	KB7R	-0.6830546447482977
3SGB_A	3SGB_B	KB7L	-1.7920635658786883
3SGB_A	3SGB_B	TB11P	3.137784172762238
3SGB_A	3SGB_B	YB14N	3.114567652407727
3SGB_A	3SGB_B	EB13I	-0.6147123198086053
3SGB_A	3SGB_B	LB12T	3.1601132172258635
3SGB_A	3SGB_B	LB12N	3.3524942922738106
3SGB_A	3SGB_B	GB26K	2.489867363137748
3SGB_A	3SGB_B	GB26I	4.035548937022108
3SGB_A	3SGB_B	GB26Y	3.0530154549434165
3SGB_A	3SGB_B	AB9K	2.456745628990024
3SGB_A	3SGB_B	PB8I	-0.0233047356125002
3SGB_A	3SGB_B	EB13W	1.5261595861742734
3SGB_A	3SGB_B	AB9M	0.0877197909736509
3SGB_A	3SGB_B	RB15H	0.447418214747497
3SGB_A	3SGB_B	RB15Y	0.2898792636693983
3SGB_A	3SGB_B	RB15D	0.6297241576779964
3SGB_A	3SGB_B	TB11H	3.45883240889496
3SGB_A	3SGB_B	NB30H	-0.1230641035016635
3SGB_A	3SGB_B	RB15C	0.5450121373114403
3SGB_A	3SGB_B	NB30P	0.5713717457920833
3SGB_A	3SGB_B	TB11I	1.7285144780205088
3SGB_A	3SGB_B	TB11D	4.887148376512718
3SGB_A	3SGB_B	YB14I	3.5419653975053467
3SGB_A	3SGB_B	NB30V	-0.2385091068836153
3SGB_A	3SGB_B	EB13G	2.075653638206136
3SGB_A	3SGB_B	PB8S	0.0648068328732751
3SGB_A	3SGB_B	KB7S	-2.5515796282966186
3SGB_A	3SGB_B	RB15P	7.577514334527455
3SGB_A	3SGB_B	TB11C	2.8855344908818346
3SGB_A	3SGB_B	PB8Y	-0.3958727524705452
3SGB_A	3SGB_B	TB11R	1.9452919382123144
3SGB_A	3SGB_B	RB15E	0.6621283342590729
3SGB_A	3SGB_B	NB30L	0.7304706591987653
3SGB_A	3SGB_B	RB15G	1.0917571755118871
3SGB_A	3SGB_B	PB8T	-0.1071663729985825
3SGB_A	3SGB_B	PB8Q	-0.3116301090185978
3SGB_A	3SGB_B	KB7N	-0.6503632890001203
3SGB_A	3SGB_B	GB26C	2.5753047953462893
3SGB_A	3SGB_B	AB9G	2.4518568511311223
3SGB_A	3SGB_B	AB9T	0.3264642147463892
3SGB_A	3SGB_B	GB26M	2.7667415955586847
3SGB_A	3SGB_B	AB9H	-0.4468805868713179
3SGB_A	3SGB_B	GB26F	2.9802452216841377
3SGB_A	3SGB_B	AB9S	0.8983023921360509
3SGB_A	3SGB_B	RB15F	0.2247837313401461
3SGB_A	3SGB_B	PB8C	-0.3228651772934849
3SGB_A	3SGB_B	TB11Y	3.3200901156927367
3SGB_A	3SGB_B	NB30F	-0.1394065829779744
3SGB_A	3SGB_B	EB13N	1.086699087248979
3SGB_A	3SGB_B	LB12D	5.589755775252961
3SGB_A	3SGB_B	KB7D	-0.6147123198086053
3SGB_A	3SGB_B	TB11L	2.436940154519254
3SGB_A	3SGB_B	KB7Y	-0.5767165281271485
3SGB_A	3SGB_B	KB7G	-0.7154588213293724
3SGB_A	3SGB_B	PB8E	-0.6147123198086053
3SGB_A	3SGB_B	PB8F	-0.3401335934645768
3SGB_A	3SGB_B	RB15N	0.3264642147463892
3SGB_A	3SGB_B	PB8H	0.2737622264977269
3SGB_A	3SGB_B	AB9C	0.040958397319315
3SGB_A	3SGB_B	RB15K	-0.2739263471082491
3SGB_A	3SGB_B	GB26D	1.6023708869285915
3SGB_A	3SGB_B	TB11W	2.997860793780033
3SGB_A	3SGB_B	NB30R	0.5713717457920833
3SGB_A	3SGB_B	PB8W	-0.4935835395167612
3SGB_A	3SGB_B	KB7A	-2.536338619277537
3SGB_A	3SGB_B	GB26R	3.45883240889496
3SGB_A	3SGB_B	YB14W	0.3833314990131402
3SGB_A	3SGB_B	KB7W	-0.0132029471206074
3SGB_A	3SGB_B	GB26L	2.6211483482070648
3SGB_A	3SGB_B	LB12Y	1.6526778147726642
3SGB_A	3SGB_B	NB30A	0.3264642147463892
3SGB_A	3SGB_B	PB8A	-0.1868589353703776
3SGB_A	3SGB_B	TB11G	5.506506448524476
3SGB_A	3SGB_B	YB14M	1.9749071366853648
3SGB_A	3SGB_B	NB30Y	-0.1071663729985825
3SGB_A	3SGB_B	GB26E	1.9452919382123144
3SGB_A	3SGB_B	TB11M	2.00731131326644
3SGB_A	3SGB_B	RB15M	0.125774532494999
3SGB_A	3SGB_B	EB13Y	0.7684664508802204
3SGB_A	3SGB_B	LB12S	4.100355769895383
3SGB_A	3SGB_B	RB15Q	0.040958397319315
3SGB_A	3SGB_B	TB11F	3.5886683501507903
3SGB_A	3SGB_B	AB9N	-0.0878839115841731
3SGB_A	3SGB_B	EB13T	2.1136494298875905
3SGB_A	3SGB_B	RB15I	0.2401295998426445
3SGB_A	3SGB_B	PB8G	0.0530042992357202
3SGB_A	3SGB_B	EB13Q	0.1809766071669045
3SGB_A	3SGB_B	YB14E	2.00731131326644
3SGB_A	3SGB_B	EB13F	1.916554724799452
3SGB_A	3SGB_B	EB13H	0.5187512872698665
3SGB_A	3SGB_B	KB7E	0.0317581198549401
3SGB_A	3SGB_B	AB9R	2.00731131326644
3SGB_A	3SGB_B	GB26H	2.700075968994508
3SGB_A	3SGB_B	NB30C	0.3448369724428453
3SGB_A	3SGB_B	LB12W	1.839245851362272
3SGB_A	3SGB_B	NB30Q	0.2401295998426445
3SGB_A	3SGB_B	YB14V	4.360143692429439
3SGB_A	3SGB_B	NB30W	0.5187512872698665
3SGB_A	3SGB_B	PB8R	0.3074948357652936
3SGB_A	3SGB_B	EB13C	1.1583240436369913
3SGB_A	3SGB_B	KB7P	0.0
3SGB_A	3SGB_B	EB13K	0.166431319454233
3SGB_A	3SGB_B	KB7M	-1.1500144461402757
3SGB_A	3SGB_B	NB30G	0.3074948357652936
3SGB_A	3SGB_B	LB12C	-0.0132029471206074
